[05Jan2026 05:59:48.929] [main/INFO] [cpw.mods.modlauncher.Launcher/MODLAUNCHER]: ModLauncher running: args [--launchTarget, forgeserver, --fml.forgeVersion, 47.3.7, --fml.mcVersion, 1.20.1, --fml.forgeGroup, net.minecraftforge, --fml.mcpVersion, 20230612.114412, nogui]
[05Jan2026 05:59:48.934] [main/INFO] [cpw.mods.modlauncher.Launcher/MODLAUNCHER]: ModLauncher 10.0.9+10.0.9+main.dcd20f30 starting: java version 17.0.16 by Ubuntu; OS Linux arch amd64 version 6.8.0-1030-azure
[05Jan2026 05:59:48.958] [main/DEBUG] [cpw.mods.modlauncher.LaunchServiceHandler/MODLAUNCHER]: Found launch services [fmlclientdev,forgeclient,minecraft,forgegametestserverdev,fmlserveruserdev,fmlclient,fmldatauserdev,forgeserverdev,forgeserveruserdev,forgeclientdev,forgeclientuserdev,forgeserver,forgedatadev,fmlserver,fmlclientuserdev,fmlserverdev,forgedatauserdev,testharness,forgegametestserveruserdev]
[05Jan2026 05:59:48.968] [main/DEBUG] [cpw.mods.modlauncher.NameMappingServiceHandler/MODLAUNCHER]: Found naming services : [srgtomcp]
[05Jan2026 05:59:48.982] [main/DEBUG] [cpw.mods.modlauncher.LaunchPluginHandler/MODLAUNCHER]: Found launch plugins: [mixin,eventbus,slf4jfixer,object_holder_definalize,runtime_enum_extender,capability_token_subclass,accesstransformer,runtimedistcleaner]
[05Jan2026 05:59:48.991] [main/DEBUG] [cpw.mods.modlauncher.TransformationServicesHandler/MODLAUNCHER]: Discovering transformation services
[05Jan2026 05:59:48.995] [main/DEBUG] [net.minecraftforge.fml.loading.FMLPaths/CORE]: Path GAMEDIR is /workspaces/thepapu/servidor_minecraft
[05Jan2026 05:59:48.995] [main/DEBUG] [net.minecraftforge.fml.loading.FMLPaths/CORE]: Path MODSDIR is /workspaces/thepapu/servidor_minecraft/mods
[05Jan2026 05:59:48.995] [main/DEBUG] [net.minecraftforge.fml.loading.FMLPaths/CORE]: Path CONFIGDIR is /workspaces/thepapu/servidor_minecraft/config
[05Jan2026 05:59:48.996] [main/DEBUG] [net.minecraftforge.fml.loading.FMLPaths/CORE]: Path FMLCONFIG is /workspaces/thepapu/servidor_minecraft/config/fml.toml
[05Jan2026 05:59:50.365] [main/DEBUG] [cpw.mods.modlauncher.TransformationServicesHandler/MODLAUNCHER]: Found additional transformation services from discovery services: 
[05Jan2026 05:59:50.372] [main/INFO] [net.minecraftforge.fml.loading.ImmediateWindowHandler/]: ImmediateWindowProvider not loading because launch target is forgeserver
[05Jan2026 05:59:50.381] [main/DEBUG] [cpw.mods.modlauncher.TransformationServicesHandler/MODLAUNCHER]: Found transformer services : [mixin,fml]
[05Jan2026 05:59:50.381] [main/DEBUG] [cpw.mods.modlauncher.TransformationServicesHandler/MODLAUNCHER]: Transformation services loading
[05Jan2026 05:59:50.382] [main/DEBUG] [cpw.mods.modlauncher.TransformationServiceDecorator/MODLAUNCHER]: Loading service mixin
[05Jan2026 05:59:50.383] [main/DEBUG] [cpw.mods.modlauncher.TransformationServiceDecorator/MODLAUNCHER]: Loaded service mixin
[05Jan2026 05:59:50.384] [main/DEBUG] [cpw.mods.modlauncher.TransformationServiceDecorator/MODLAUNCHER]: Loading service fml
[05Jan2026 05:59:50.384] [main/DEBUG] [net.minecraftforge.fml.loading.LauncherVersion/CORE]: Found FMLLauncher version 1.0
[05Jan2026 05:59:50.385] [main/DEBUG] [net.minecraftforge.fml.loading.FMLLoader/CORE]: FML 1.0 loading
[05Jan2026 05:59:50.385] [main/DEBUG] [net.minecraftforge.fml.loading.FMLLoader/CORE]: FML found ModLauncher version : 10.0.9+10.0.9+main.dcd20f30
[05Jan2026 05:59:50.385] [main/DEBUG] [net.minecraftforge.fml.loading.FMLLoader/CORE]: FML found AccessTransformer version : 8.0.4+66+master.c09db6d7
[05Jan2026 05:59:50.385] [main/DEBUG] [net.minecraftforge.fml.loading.FMLLoader/CORE]: FML found EventBus version : 6.0.5+6.0.5+master.eb8e549b
[05Jan2026 05:59:50.386] [main/DEBUG] [net.minecraftforge.fml.loading.FMLLoader/CORE]: Found Runtime Dist Cleaner
[05Jan2026 05:59:50.387] [main/DEBUG] [net.minecraftforge.fml.loading.FMLLoader/CORE]: FML found CoreMod version : 5.1.6
[05Jan2026 05:59:50.387] [main/DEBUG] [net.minecraftforge.fml.loading.FMLLoader/CORE]: Found ForgeSPI package implementation version 7.0.1+7.0.1+master.d2b38bf6
[05Jan2026 05:59:50.388] [main/DEBUG] [net.minecraftforge.fml.loading.FMLLoader/CORE]: Found ForgeSPI package specification 5
[05Jan2026 05:59:50.388] [main/DEBUG] [cpw.mods.modlauncher.TransformationServiceDecorator/MODLAUNCHER]: Loaded service fml
[05Jan2026 05:59:50.388] [main/DEBUG] [cpw.mods.modlauncher.TransformationServicesHandler/MODLAUNCHER]: Configuring option handling for services
[05Jan2026 05:59:50.395] [main/DEBUG] [cpw.mods.modlauncher.TransformationServicesHandler/MODLAUNCHER]: Transformation services initializing
[05Jan2026 05:59:50.396] [main/DEBUG] [cpw.mods.modlauncher.TransformationServiceDecorator/MODLAUNCHER]: Initializing transformation service mixin
[05Jan2026 05:59:50.412] [main/DEBUG] [mixin/]: MixinService [ModLauncher] was successfully booted in cpw.mods.cl.ModuleClassLoader@7a3d45bd
[05Jan2026 05:59:50.435] [main/INFO] [mixin/]: SpongePowered MIXIN Subsystem Version=0.8.5 Source=union:/workspaces/thepapu/servidor_minecraft/libraries/org/spongepowered/mixin/0.8.5/mixin-0.8.5.jar%2365!/ Service=ModLauncher Env=SERVER
[05Jan2026 05:59:50.439] [main/DEBUG] [mixin/]: Initialising Mixin Platform Manager
[05Jan2026 05:59:50.439] [main/DEBUG] [mixin/]: Adding mixin platform agents for container ModLauncher Root Container(ModLauncher:4f56a0a2)
[05Jan2026 05:59:50.440] [main/DEBUG] [mixin/]: Instancing new MixinPlatformAgentMinecraftForge for ModLauncher Root Container(ModLauncher:4f56a0a2)
[05Jan2026 05:59:50.440] [main/DEBUG] [mixin/]: MixinPlatformAgentMinecraftForge rejected container ModLauncher Root Container(ModLauncher:4f56a0a2)
[05Jan2026 05:59:50.440] [main/DEBUG] [mixin/]: Instancing new MixinPlatformAgentDefault for ModLauncher Root Container(ModLauncher:4f56a0a2)
[05Jan2026 05:59:50.441] [main/DEBUG] [mixin/]: MixinPlatformAgentDefault accepted container ModLauncher Root Container(ModLauncher:4f56a0a2)
[05Jan2026 05:59:50.444] [main/DEBUG] [cpw.mods.modlauncher.TransformationServiceDecorator/MODLAUNCHER]: Initialized transformation service mixin
[05Jan2026 05:59:50.444] [main/DEBUG] [cpw.mods.modlauncher.TransformationServiceDecorator/MODLAUNCHER]: Initializing transformation service fml
[05Jan2026 05:59:50.444] [main/DEBUG] [net.minecraftforge.fml.loading.FMLServiceProvider/CORE]: Setting up basic FML game directories
[05Jan2026 05:59:50.445] [main/DEBUG] [net.minecraftforge.fml.loading.FMLPaths/CORE]: Path GAMEDIR is /workspaces/thepapu/servidor_minecraft
[05Jan2026 05:59:50.445] [main/DEBUG] [net.minecraftforge.fml.loading.FMLPaths/CORE]: Path MODSDIR is /workspaces/thepapu/servidor_minecraft/mods
[05Jan2026 05:59:50.445] [main/DEBUG] [net.minecraftforge.fml.loading.FMLPaths/CORE]: Path CONFIGDIR is /workspaces/thepapu/servidor_minecraft/config
[05Jan2026 05:59:50.445] [main/DEBUG] [net.minecraftforge.fml.loading.FMLPaths/CORE]: Path FMLCONFIG is /workspaces/thepapu/servidor_minecraft/config/fml.toml
[05Jan2026 05:59:50.445] [main/DEBUG] [net.minecraftforge.fml.loading.FMLServiceProvider/CORE]: Loading configuration
[05Jan2026 05:59:50.448] [main/DEBUG] [net.minecraftforge.fml.loading.FMLServiceProvider/CORE]: Preparing ModFile
[05Jan2026 05:59:50.451] [main/DEBUG] [net.minecraftforge.fml.loading.FMLServiceProvider/CORE]: Preparing launch handler
[05Jan2026 05:59:50.451] [main/DEBUG] [net.minecraftforge.fml.loading.FMLLoader/CORE]: Using forgeserver as launch service
[05Jan2026 05:59:50.466] [main/DEBUG] [net.minecraftforge.fml.loading.FMLLoader/CORE]: Received command line version data  : VersionInfo[forgeVersion=47.3.7, mcVersion=1.20.1, mcpVersion=20230612.114412, forgeGroup=net.minecraftforge]
[05Jan2026 05:59:50.467] [main/DEBUG] [cpw.mods.modlauncher.TransformationServiceDecorator/MODLAUNCHER]: Initialized transformation service fml
[05Jan2026 05:59:50.468] [main/DEBUG] [cpw.mods.modlauncher.NameMappingServiceHandler/MODLAUNCHER]: Current naming domain is 'srg'
[05Jan2026 05:59:50.468] [main/DEBUG] [cpw.mods.modlauncher.NameMappingServiceHandler/MODLAUNCHER]: Identified name mapping providers {}
[05Jan2026 05:59:50.468] [main/DEBUG] [cpw.mods.modlauncher.TransformationServicesHandler/MODLAUNCHER]: Transformation services begin scanning
[05Jan2026 05:59:50.469] [main/DEBUG] [cpw.mods.modlauncher.TransformationServiceDecorator/MODLAUNCHER]: Beginning scan trigger - transformation service mixin
[05Jan2026 05:59:50.469] [main/DEBUG] [cpw.mods.modlauncher.TransformationServiceDecorator/MODLAUNCHER]: End scan trigger - transformation service mixin
[05Jan2026 05:59:50.469] [main/DEBUG] [cpw.mods.modlauncher.TransformationServiceDecorator/MODLAUNCHER]: Beginning scan trigger - transformation service fml
[05Jan2026 05:59:50.469] [main/DEBUG] [net.minecraftforge.fml.loading.FMLServiceProvider/CORE]: Initiating mod scan
[05Jan2026 05:59:50.479] [main/DEBUG] [net.minecraftforge.fml.loading.moddiscovery.ModListHandler/CORE]: Found mod coordinates from lists: []
[05Jan2026 05:59:50.483] [main/DEBUG] [net.minecraftforge.fml.loading.moddiscovery.ModDiscoverer/CORE]: Found Mod Locators : (mods folder:null),(maven libs:null),(exploded directory:null),(minecraft:null),(userdev classpath:null)
[05Jan2026 05:59:50.483] [main/DEBUG] [net.minecraftforge.fml.loading.moddiscovery.ModDiscoverer/CORE]: Found Dependency Locators : (JarInJar:null)
[05Jan2026 05:59:50.493] [main/DEBUG] [net.minecraftforge.fml.loading.moddiscovery.ModFileParser/LOADING]: Considering mod file candidate /workspaces/thepapu/servidor_minecraft/mods/alexsmobs-1.22.7.jar
[05Jan2026 05:59:50.541] [main/DEBUG] [net.minecraftforge.fml.loading.moddiscovery.ModFileInfo/LOADING]: Found valid mod file alexsmobs-1.22.7.jar with {alexsmobs} mods - versions {1.22.7}
[05Jan2026 05:59:50.542] [main/DEBUG] [net.minecraftforge.fml.loading.moddiscovery.ModFileParser/LOADING]: Considering mod file candidate /workspaces/thepapu/servidor_minecraft/mods/AmbientSounds_FORGE_v6.0.3_mc1.20.1.jar
[05Jan2026 05:59:50.544] [main/DEBUG] [net.minecraftforge.fml.loading.moddiscovery.ModFileInfo/LOADING]: Found valid mod file AmbientSounds_FORGE_v6.0.3_mc1.20.1.jar with {ambientsounds} mods - versions {6.0.3}
[05Jan2026 05:59:50.545] [main/DEBUG] [net.minecraftforge.fml.loading.moddiscovery.ModFileParser/LOADING]: Considering mod file candidate /workspaces/thepapu/servidor_minecraft/mods/ants-1.20.1-forge-ver2.2.jar
[05Jan2026 05:59:50.546] [main/DEBUG] [net.minecraftforge.fml.loading.moddiscovery.ModFileInfo/LOADING]: Found valid mod file ants-1.20.1-forge-ver2.2.jar with {ants_unleashed} mods - versions {1.0.0}
[05Jan2026 05:59:50.546] [main/DEBUG] [net.minecraftforge.fml.loading.moddiscovery.ModFileParser/LOADING]: Considering mod file candidate /workspaces/thepapu/servidor_minecraft/mods/architectury-9.2.14-forge.jar
[05Jan2026 05:59:50.547] [main/DEBUG] [net.minecraftforge.fml.loading.moddiscovery.ModFileInfo/LOADING]: Found valid mod file architectury-9.2.14-forge.jar with {architectury} mods - versions {9.2.14}
[05Jan2026 05:59:50.548] [main/DEBUG] [net.minecraftforge.fml.loading.moddiscovery.ModFileParser/LOADING]: Considering mod file candidate /workspaces/thepapu/servidor_minecraft/mods/Better Skills 1.8.1 [1.20.1].jar
[05Jan2026 05:59:50.549] [main/DEBUG] [net.minecraftforge.fml.loading.moddiscovery.ModFileInfo/LOADING]: Found valid mod file Better Skills 1.8.1 [1.20.1].jar with {betterskills} mods - versions {1.8.1}
[05Jan2026 05:59:50.552] [main/DEBUG] [net.minecraftforge.fml.loading.moddiscovery.ModFileParser/LOADING]: Considering mod file candidate /workspaces/thepapu/servidor_minecraft/mods/BiomesOPlenty-1.20.1-18.0.0.592.jar
[05Jan2026 05:59:50.555] [main/DEBUG] [net.minecraftforge.fml.loading.moddiscovery.ModFileInfo/LOADING]: Found valid mod file BiomesOPlenty-1.20.1-18.0.0.592.jar with {biomesoplenty} mods - versions {18.0.0.592}
[05Jan2026 05:59:50.557] [main/DEBUG] [net.minecraftforge.fml.loading.moddiscovery.ModFileParser/LOADING]: Considering mod file candidate /workspaces/thepapu/servidor_minecraft/mods/BloodAndMadness-Forge1.20.1-v2.1.5.2.jar
[05Jan2026 05:59:50.558] [main/DEBUG] [net.minecraftforge.fml.loading.moddiscovery.ModFileInfo/LOADING]: Found valid mod file BloodAndMadness-Forge1.20.1-v2.1.5.2.jar with {bloodandmadness} mods - versions {2.0}
[05Jan2026 05:59:50.559] [main/DEBUG] [net.minecraftforge.fml.loading.moddiscovery.ModFileParser/LOADING]: Considering mod file candidate /workspaces/thepapu/servidor_minecraft/mods/BOMD-Forge-1.20.1-1.1.1.jar
[05Jan2026 05:59:50.561] [main/DEBUG] [net.minecraftforge.fml.loading.moddiscovery.ModFileInfo/LOADING]: Found valid mod file BOMD-Forge-1.20.1-1.1.1.jar with {bosses_of_mass_destruction} mods - versions {1.1.1}
[05Jan2026 05:59:50.564] [main/DEBUG] [net.minecraftforge.fml.loading.moddiscovery.ModFileParser/LOADING]: Considering mod file candidate /workspaces/thepapu/servidor_minecraft/mods/born_in_chaos_[Forge]1.20.1_1.7.2.jar
[05Jan2026 05:59:50.565] [main/DEBUG] [net.minecraftforge.fml.loading.moddiscovery.ModFileInfo/LOADING]: Found valid mod file born_in_chaos_[Forge]1.20.1_1.7.2.jar with {born_in_chaos_v1} mods - versions {1.7.2}
[05Jan2026 05:59:50.565] [main/DEBUG] [net.minecraftforge.fml.loading.moddiscovery.ModFileParser/LOADING]: Considering mod file candidate /workspaces/thepapu/servidor_minecraft/mods/brutalbosses-1.20.1-7.0.jar
[05Jan2026 05:59:50.567] [main/DEBUG] [net.minecraftforge.fml.loading.moddiscovery.ModFileInfo/LOADING]: Found valid mod file brutalbosses-1.20.1-7.0.jar with {brutalbosses} mods - versions {1.20.1-7.0}
[05Jan2026 05:59:50.568] [main/DEBUG] [net.minecraftforge.fml.loading.moddiscovery.ModFileParser/LOADING]: Considering mod file candidate /workspaces/thepapu/servidor_minecraft/mods/CerbonsApi-Forge-1.20.1-1.0.0.jar
[05Jan2026 05:59:50.569] [main/DEBUG] [net.minecraftforge.fml.loading.moddiscovery.ModFileInfo/LOADING]: Found valid mod file CerbonsApi-Forge-1.20.1-1.0.0.jar with {cerbons_api} mods - versions {1.0.0}
[05Jan2026 05:59:50.570] [main/DEBUG] [net.minecraftforge.fml.loading.moddiscovery.ModFileParser/LOADING]: Considering mod file candidate /workspaces/thepapu/servidor_minecraft/mods/citadel-2.5.4-1.20.1.jar
[05Jan2026 05:59:50.572] [main/DEBUG] [net.minecraftforge.fml.loading.moddiscovery.ModFileInfo/LOADING]: Found valid mod file citadel-2.5.4-1.20.1.jar with {citadel} mods - versions {2.5.4}
[05Jan2026 05:59:50.573] [main/DEBUG] [net.minecraftforge.fml.loading.moddiscovery.ModFileParser/LOADING]: Considering mod file candidate /workspaces/thepapu/servidor_minecraft/mods/cloth-config-11.1.118-forge.jar
[05Jan2026 05:59:50.576] [main/DEBUG] [net.minecraftforge.fml.loading.moddiscovery.ModFileInfo/LOADING]: Found valid mod file cloth-config-11.1.118-forge.jar with {cloth_config} mods - versions {11.1.118}
[05Jan2026 05:59:50.577] [main/DEBUG] [net.minecraftforge.fml.loading.moddiscovery.ModFileParser/LOADING]: Considering mod file candidate /workspaces/thepapu/servidor_minecraft/mods/CreativeCore_FORGE_v2.11.31_mc1.20.1.jar
[05Jan2026 05:59:50.579] [main/DEBUG] [net.minecraftforge.fml.loading.moddiscovery.ModFileInfo/LOADING]: Found valid mod file CreativeCore_FORGE_v2.11.31_mc1.20.1.jar with {creativecore} mods - versions {2.11.31}
[05Jan2026 05:59:50.581] [main/DEBUG] [net.minecraftforge.fml.loading.moddiscovery.ModFileParser/LOADING]: Considering mod file candidate /workspaces/thepapu/servidor_minecraft/mods/crittersandcompanions-1.20.1-2.1.6.jar
[05Jan2026 05:59:50.582] [main/DEBUG] [net.minecraftforge.fml.loading.moddiscovery.ModFileInfo/LOADING]: Found valid mod file crittersandcompanions-1.20.1-2.1.6.jar with {crittersandcompanions} mods - versions {1.20.1-2.1.6}
[05Jan2026 05:59:50.583] [main/DEBUG] [net.minecraftforge.fml.loading.moddiscovery.ModFileParser/LOADING]: Considering mod file candidate /workspaces/thepapu/servidor_minecraft/mods/cupboard-1.20.1-2.7.jar
[05Jan2026 05:59:50.585] [main/DEBUG] [net.minecraftforge.fml.loading.moddiscovery.ModFileInfo/LOADING]: Found valid mod file cupboard-1.20.1-2.7.jar with {cupboard} mods - versions {1.20.1-2.7}
[05Jan2026 05:59:50.586] [main/DEBUG] [net.minecraftforge.fml.loading.moddiscovery.ModFileParser/LOADING]: Considering mod file candidate /workspaces/thepapu/servidor_minecraft/mods/curios-forge-5.9.1+1.20.1.jar
[05Jan2026 05:59:50.588] [main/DEBUG] [net.minecraftforge.fml.loading.moddiscovery.ModFileInfo/LOADING]: Found valid mod file curios-forge-5.9.1+1.20.1.jar with {curios} mods - versions {5.9.1+1.20.1}
[05Jan2026 05:59:50.593] [main/DEBUG] [net.minecraftforge.fml.loading.moddiscovery.ModFileParser/LOADING]: Considering mod file candidate /workspaces/thepapu/servidor_minecraft/mods/Dungeon Now Loading-forge-1.20.1-2.0.jar
[05Jan2026 05:59:50.595] [main/DEBUG] [net.minecraftforge.fml.loading.moddiscovery.ModFileInfo/LOADING]: Found valid mod file Dungeon Now Loading-forge-1.20.1-2.0.jar with {dungeonnowloading} mods - versions {2.0}
[05Jan2026 05:59:50.596] [main/DEBUG] [net.minecraftforge.fml.loading.moddiscovery.ModFileParser/LOADING]: Considering mod file candidate /workspaces/thepapu/servidor_minecraft/mods/endorium-forge-1.1.3.jar
[05Jan2026 05:59:50.596] [main/DEBUG] [net.minecraftforge.fml.loading.moddiscovery.ModFileInfo/LOADING]: Found valid mod file endorium-forge-1.1.3.jar with {endreborn} mods - versions {1.1.3}
[05Jan2026 05:59:50.597] [main/DEBUG] [net.minecraftforge.fml.loading.moddiscovery.ModFileParser/LOADING]: Considering mod file candidate /workspaces/thepapu/servidor_minecraft/mods/endrem_forge-5.2.3-R-1.20.X.jar
[05Jan2026 05:59:50.598] [main/DEBUG] [net.minecraftforge.fml.loading.moddiscovery.ModFileInfo/LOADING]: Found valid mod file endrem_forge-5.2.3-R-1.20.X.jar with {endrem} mods - versions {5.2.3-R-1.20.1}
[05Jan2026 05:59:50.600] [main/DEBUG] [net.minecraftforge.fml.loading.moddiscovery.ModFileParser/LOADING]: Considering mod file candidate /workspaces/thepapu/servidor_minecraft/mods/EpicFight-20.7.4.jar
[05Jan2026 05:59:50.601] [main/DEBUG] [net.minecraftforge.fml.loading.moddiscovery.ModFileInfo/LOADING]: Found valid mod file EpicFight-20.7.4.jar with {epicfight} mods - versions {20.7.4}
[05Jan2026 05:59:50.603] [main/DEBUG] [net.minecraftforge.fml.loading.moddiscovery.ModFileParser/LOADING]: Considering mod file candidate /workspaces/thepapu/servidor_minecraft/mods/forbidden_arcanus-1.20.1-2.2.6.jar
[05Jan2026 05:59:50.604] [main/DEBUG] [net.minecraftforge.fml.loading.moddiscovery.ModFileInfo/LOADING]: Found valid mod file forbidden_arcanus-1.20.1-2.2.6.jar with {forbidden_arcanus} mods - versions {1.20.1-2.2.6}
[05Jan2026 05:59:50.609] [main/DEBUG] [net.minecraftforge.fml.loading.moddiscovery.ModFileParser/LOADING]: Considering mod file candidate /workspaces/thepapu/servidor_minecraft/mods/fossil-forge-1.20.1-9.2.1.3.jar
[05Jan2026 05:59:50.611] [main/DEBUG] [net.minecraftforge.fml.loading.moddiscovery.ModFileInfo/LOADING]: Found valid mod file fossil-forge-1.20.1-9.2.1.3.jar with {fossil} mods - versions {9.2.1.3}
[05Jan2026 05:59:50.611] [main/DEBUG] [net.minecraftforge.fml.loading.moddiscovery.ModFileParser/LOADING]: Considering mod file candidate /workspaces/thepapu/servidor_minecraft/mods/ftb-essentials-forge-2001.2.3.jar
[05Jan2026 05:59:50.612] [main/DEBUG] [net.minecraftforge.fml.loading.moddiscovery.ModFileInfo/LOADING]: Found valid mod file ftb-essentials-forge-2001.2.3.jar with {ftbessentials} mods - versions {2001.2.3}
[05Jan2026 05:59:50.613] [main/DEBUG] [net.minecraftforge.fml.loading.moddiscovery.ModFileParser/LOADING]: Considering mod file candidate /workspaces/thepapu/servidor_minecraft/mods/ftb-library-forge-2001.2.10.jar
[05Jan2026 05:59:50.614] [main/DEBUG] [net.minecraftforge.fml.loading.moddiscovery.ModFileInfo/LOADING]: Found valid mod file ftb-library-forge-2001.2.10.jar with {ftblibrary} mods - versions {2001.2.10}
[05Jan2026 05:59:50.615] [main/DEBUG] [net.minecraftforge.fml.loading.moddiscovery.ModFileParser/LOADING]: Considering mod file candidate /workspaces/thepapu/servidor_minecraft/mods/geckolib-forge-1.20.1-4.4.7.jar
[05Jan2026 05:59:50.616] [main/DEBUG] [net.minecraftforge.fml.loading.moddiscovery.ModFileInfo/LOADING]: Found valid mod file geckolib-forge-1.20.1-4.4.7.jar with {geckolib} mods - versions {4.4.7}
[05Jan2026 05:59:50.616] [main/DEBUG] [net.minecraftforge.fml.loading.moddiscovery.ModFileParser/LOADING]: Considering mod file candidate /workspaces/thepapu/servidor_minecraft/mods/gravestone-forge-1.20.1-1.0.16.jar
[05Jan2026 05:59:50.617] [main/DEBUG] [net.minecraftforge.fml.loading.moddiscovery.ModFileInfo/LOADING]: Found valid mod file gravestone-forge-1.20.1-1.0.16.jar with {gravestone} mods - versions {1.20.1-1.0.16}
[05Jan2026 05:59:50.618] [main/DEBUG] [net.minecraftforge.fml.loading.moddiscovery.ModFileParser/LOADING]: Considering mod file candidate /workspaces/thepapu/servidor_minecraft/mods/GrimoireOfGaia4-1.20.1-4.0.0-alpha.10.jar
[05Jan2026 05:59:50.619] [main/DEBUG] [net.minecraftforge.fml.loading.moddiscovery.ModFileInfo/LOADING]: Found valid mod file GrimoireOfGaia4-1.20.1-4.0.0-alpha.10.jar with {grimoireofgaia} mods - versions {4.0.0-alpha.10}
[05Jan2026 05:59:50.620] [main/DEBUG] [net.minecraftforge.fml.loading.moddiscovery.ModFileParser/LOADING]: Considering mod file candidate /workspaces/thepapu/servidor_minecraft/mods/HopoBetterRuinedPortals-[1.20-1.20.2]-1.3.7.jar
[05Jan2026 05:59:50.620] [main/DEBUG] [net.minecraftforge.fml.loading.moddiscovery.ModFileInfo/LOADING]: Found valid mod file HopoBetterRuinedPortals-[1.20-1.20.2]-1.3.7.jar with {hoporp} mods - versions {1.3.7}
[05Jan2026 05:59:50.621] [main/DEBUG] [net.minecraftforge.fml.loading.moddiscovery.ModFileParser/LOADING]: Considering mod file candidate /workspaces/thepapu/servidor_minecraft/mods/HopoBetterUnderwaterRuins-[1.20.2-1.20.4]-1.1.5.jar
[05Jan2026 05:59:50.621] [main/DEBUG] [net.minecraftforge.fml.loading.moddiscovery.ModFileInfo/LOADING]: Found valid mod file HopoBetterUnderwaterRuins-[1.20.2-1.20.4]-1.1.5.jar with {hopour} mods - versions {1.1.4}
[05Jan2026 05:59:50.625] [main/DEBUG] [net.minecraftforge.fml.loading.moddiscovery.ModFileParser/LOADING]: Considering mod file candidate /workspaces/thepapu/servidor_minecraft/mods/iceandfire-2.1.13-1.20.1-beta-4.jar
[05Jan2026 05:59:50.626] [main/DEBUG] [net.minecraftforge.fml.loading.moddiscovery.ModFileInfo/LOADING]: Found valid mod file iceandfire-2.1.13-1.20.1-beta-4.jar with {iceandfire} mods - versions {2.1.13-1.20.1-beta-4}
[05Jan2026 05:59:50.626] [main/DEBUG] [net.minecraftforge.fml.loading.moddiscovery.ModFileParser/LOADING]: Considering mod file candidate /workspaces/thepapu/servidor_minecraft/mods/illagersweararmor-1.20.1-1.3.4.jar
[05Jan2026 05:59:50.627] [main/DEBUG] [net.minecraftforge.fml.loading.moddiscovery.ModFileInfo/LOADING]: Found valid mod file illagersweararmor-1.20.1-1.3.4.jar with {zillagersweararmor} mods - versions {1.20.1-1.3.4}
[05Jan2026 05:59:50.628] [main/DEBUG] [net.minecraftforge.fml.loading.moddiscovery.ModFileParser/LOADING]: Considering mod file candidate /workspaces/thepapu/servidor_minecraft/mods/integrated_api-1.5.1+1.20.1-forge.jar
[05Jan2026 05:59:50.629] [main/DEBUG] [net.minecraftforge.fml.loading.moddiscovery.ModFileInfo/LOADING]: Found valid mod file integrated_api-1.5.1+1.20.1-forge.jar with {integrated_api} mods - versions {1.5.1+1.20.1-forge}
[05Jan2026 05:59:50.631] [main/DEBUG] [net.minecraftforge.fml.loading.moddiscovery.ModFileParser/LOADING]: Considering mod file candidate /workspaces/thepapu/servidor_minecraft/mods/iter_rpg-0.7.0b-forge-1.20.1.jar
[05Jan2026 05:59:50.632] [main/DEBUG] [net.minecraftforge.fml.loading.moddiscovery.ModFileInfo/LOADING]: Found valid mod file iter_rpg-0.7.0b-forge-1.20.1.jar with {iter_rpg} mods - versions {0.7.0}
[05Jan2026 05:59:50.633] [main/DEBUG] [net.minecraftforge.fml.loading.moddiscovery.ModFileParser/LOADING]: Considering mod file candidate /workspaces/thepapu/servidor_minecraft/mods/jei-1.20.1-forge-15.3.0.7.jar
[05Jan2026 05:59:50.634] [main/DEBUG] [net.minecraftforge.fml.loading.moddiscovery.ModFileInfo/LOADING]: Found valid mod file jei-1.20.1-forge-15.3.0.7.jar with {jei} mods - versions {15.3.0.7}
[05Jan2026 05:59:50.637] [main/DEBUG] [net.minecraftforge.fml.loading.moddiscovery.ModFileParser/LOADING]: Considering mod file candidate /workspaces/thepapu/servidor_minecraft/mods/journeymap-1.20.1-5.10.0-forge.jar
[05Jan2026 05:59:50.637] [main/DEBUG] [net.minecraftforge.fml.loading.moddiscovery.ModFileInfo/LOADING]: Found valid mod file journeymap-1.20.1-5.10.0-forge.jar with {journeymap} mods - versions {5.10.0}
[05Jan2026 05:59:50.638] [main/DEBUG] [net.minecraftforge.fml.loading.moddiscovery.ModFileParser/LOADING]: Considering mod file candidate /workspaces/thepapu/servidor_minecraft/mods/justenoughbreeding-forge-1.20.x-1.2.1.jar
[05Jan2026 05:59:50.639] [main/DEBUG] [net.minecraftforge.fml.loading.moddiscovery.ModFileInfo/LOADING]: Found valid mod file justenoughbreeding-forge-1.20.x-1.2.1.jar with {justenoughbreeding} mods - versions {1.2.1}
[05Jan2026 05:59:50.640] [main/DEBUG] [net.minecraftforge.fml.loading.moddiscovery.ModFileParser/LOADING]: Considering mod file candidate /workspaces/thepapu/servidor_minecraft/mods/L_Enders_Cataclysm-1.99.6-1.20.1.jar
[05Jan2026 05:59:50.642] [main/DEBUG] [net.minecraftforge.fml.loading.moddiscovery.ModFileInfo/LOADING]: Found valid mod file L_Enders_Cataclysm-1.99.6-1.20.1.jar with {cataclysm} mods - versions {1.99.5}
[05Jan2026 05:59:50.644] [main/DEBUG] [net.minecraftforge.fml.loading.moddiscovery.ModFileParser/LOADING]: Considering mod file candidate /workspaces/thepapu/servidor_minecraft/mods/legendarymonsters-1.9.8 MC 1.20.1.jar
[05Jan2026 05:59:50.645] [main/DEBUG] [net.minecraftforge.fml.loading.moddiscovery.ModFileInfo/LOADING]: Found valid mod file legendarymonsters-1.9.8 MC 1.20.1.jar with {legendary_monsters} mods - versions {1.20.1}
[05Jan2026 05:59:50.645] [main/DEBUG] [net.minecraftforge.fml.loading.moddiscovery.ModFileParser/LOADING]: Considering mod file candidate /workspaces/thepapu/servidor_minecraft/mods/lionfishapi-1.9.jar
[05Jan2026 05:59:50.646] [main/DEBUG] [net.minecraftforge.fml.loading.moddiscovery.ModFileInfo/LOADING]: Found valid mod file lionfishapi-1.9.jar with {lionfishapi} mods - versions {1.9}
[05Jan2026 05:59:50.646] [main/DEBUG] [net.minecraftforge.fml.loading.moddiscovery.ModFileParser/LOADING]: Considering mod file candidate /workspaces/thepapu/servidor_minecraft/mods/mirabilis-1.1.1-1.20.1.jar
[05Jan2026 05:59:50.647] [main/DEBUG] [net.minecraftforge.fml.loading.moddiscovery.ModFileInfo/LOADING]: Found valid mod file mirabilis-1.1.1-1.20.1.jar with {mirabilis} mods - versions {1.1.1}
[05Jan2026 05:59:50.647] [main/DEBUG] [net.minecraftforge.fml.loading.moddiscovery.ModFileParser/LOADING]: Considering mod file candidate /workspaces/thepapu/servidor_minecraft/mods/morehitboxes-forge-1.20.1-1.9.2.jar
[05Jan2026 05:59:50.648] [main/DEBUG] [net.minecraftforge.fml.loading.moddiscovery.ModFileInfo/LOADING]: Found valid mod file morehitboxes-forge-1.20.1-1.9.2.jar with {morehitboxes} mods - versions {1.9.2}
[05Jan2026 05:59:50.648] [main/DEBUG] [net.minecraftforge.fml.loading.moddiscovery.ModFileParser/LOADING]: Considering mod file candidate /workspaces/thepapu/servidor_minecraft/mods/morevanillashields-1.1.0-1.20.1.jar
[05Jan2026 05:59:50.649] [main/DEBUG] [net.minecraftforge.fml.loading.moddiscovery.ModFileInfo/LOADING]: Found valid mod file morevanillashields-1.1.0-1.20.1.jar with {morevanillashields} mods - versions {1.1.0-1.20.1}
[05Jan2026 05:59:50.650] [main/DEBUG] [net.minecraftforge.fml.loading.moddiscovery.ModFileParser/LOADING]: Considering mod file candidate /workspaces/thepapu/servidor_minecraft/mods/morevillagers-forge-1.20.1-5.0.0.jar
[05Jan2026 05:59:50.651] [main/DEBUG] [net.minecraftforge.fml.loading.moddiscovery.ModFileInfo/LOADING]: Found valid mod file morevillagers-forge-1.20.1-5.0.0.jar with {morevillagers} mods - versions {5.0.0}
[05Jan2026 05:59:50.652] [main/DEBUG] [net.minecraftforge.fml.loading.moddiscovery.ModFileParser/LOADING]: Considering mod file candidate /workspaces/thepapu/servidor_minecraft/mods/mvs-4.1.2-1.20-forge.jar
[05Jan2026 05:59:50.653] [main/DEBUG] [net.minecraftforge.fml.loading.moddiscovery.ModFileInfo/LOADING]: Found valid mod file mvs-4.1.2-1.20-forge.jar with {mvs} mods - versions {4.1.2-1.20-forge}
[05Jan2026 05:59:50.654] [main/DEBUG] [net.minecraftforge.fml.loading.moddiscovery.ModFileParser/LOADING]: Considering mod file candidate /workspaces/thepapu/servidor_minecraft/mods/naturalist-forge-4.0.3-1.20.1.jar
[05Jan2026 05:59:50.655] [main/DEBUG] [net.minecraftforge.fml.loading.moddiscovery.ModFileInfo/LOADING]: Found valid mod file naturalist-forge-4.0.3-1.20.1.jar with {naturalist} mods - versions {4.0.3}
[05Jan2026 05:59:50.656] [main/DEBUG] [net.minecraftforge.fml.loading.moddiscovery.ModFileParser/LOADING]: Considering mod file candidate /workspaces/thepapu/servidor_minecraft/mods/netherdungeons-1.1.0-snapshot3a.jar
[05Jan2026 05:59:50.657] [main/DEBUG] [net.minecraftforge.fml.loading.moddiscovery.ModFileInfo/LOADING]: Found valid mod file netherdungeons-1.1.0-snapshot3a.jar with {netherdungeons} mods - versions {1.1.0-snapshot3a}
[05Jan2026 05:59:50.658] [main/DEBUG] [net.minecraftforge.fml.loading.moddiscovery.ModFileParser/LOADING]: Considering mod file candidate /workspaces/thepapu/servidor_minecraft/mods/Orcz_0.87_1.20.1.jar
[05Jan2026 05:59:50.659] [main/DEBUG] [net.minecraftforge.fml.loading.moddiscovery.ModFileInfo/LOADING]: Found valid mod file Orcz_0.87_1.20.1.jar with {orcz} mods - versions {0.82}
[05Jan2026 05:59:50.659] [main/DEBUG] [net.minecraftforge.fml.loading.moddiscovery.ModFileParser/LOADING]: Considering mod file candidate /workspaces/thepapu/servidor_minecraft/mods/Philips-Ruins1.20.1-4.2.jar
[05Jan2026 05:59:50.660] [main/DEBUG] [net.minecraftforge.fml.loading.moddiscovery.ModFileInfo/LOADING]: Found valid mod file Philips-Ruins1.20.1-4.2.jar with {philipsruins} mods - versions {4.1}
[05Jan2026 05:59:50.667] [main/DEBUG] [net.minecraftforge.fml.loading.moddiscovery.ModFileParser/LOADING]: Considering mod file candidate /workspaces/thepapu/servidor_minecraft/mods/PuzzlesLib-v8.1.21-1.20.1-Forge.jar
[05Jan2026 05:59:50.667] [main/DEBUG] [net.minecraftforge.fml.loading.moddiscovery.ModFileInfo/LOADING]: Found valid mod file PuzzlesLib-v8.1.21-1.20.1-Forge.jar with {puzzleslib} mods - versions {8.1.21}
[05Jan2026 05:59:50.668] [main/DEBUG] [net.minecraftforge.fml.loading.moddiscovery.ModFileParser/LOADING]: Considering mod file candidate /workspaces/thepapu/servidor_minecraft/mods/realmrpg_fallen_adventurers_1.0.3_forge_1.20.1.jar
[05Jan2026 05:59:50.669] [main/DEBUG] [net.minecraftforge.fml.loading.moddiscovery.ModFileInfo/LOADING]: Found valid mod file realmrpg_fallen_adventurers_1.0.3_forge_1.20.1.jar with {realmrpg_skeletons} mods - versions {1.0.3}
[05Jan2026 05:59:50.670] [main/DEBUG] [net.minecraftforge.fml.loading.moddiscovery.ModFileParser/LOADING]: Considering mod file candidate /workspaces/thepapu/servidor_minecraft/mods/realmrpg_imps_and_demons_0.9.0_forge_1.20.1.jar
[05Jan2026 05:59:50.670] [main/DEBUG] [net.minecraftforge.fml.loading.moddiscovery.ModFileInfo/LOADING]: Found valid mod file realmrpg_imps_and_demons_0.9.0_forge_1.20.1.jar with {realmrpg_demons} mods - versions {0.9.0}
[05Jan2026 05:59:50.671] [main/DEBUG] [net.minecraftforge.fml.loading.moddiscovery.ModFileParser/LOADING]: Considering mod file candidate /workspaces/thepapu/servidor_minecraft/mods/realmrpg_seadwellers_2.9.9_forge_1.20.1.jar
[05Jan2026 05:59:50.672] [main/DEBUG] [net.minecraftforge.fml.loading.moddiscovery.ModFileInfo/LOADING]: Found valid mod file realmrpg_seadwellers_2.9.9_forge_1.20.1.jar with {seadwellers} mods - versions {2.9.9}
[05Jan2026 05:59:50.672] [main/DEBUG] [net.minecraftforge.fml.loading.moddiscovery.ModFileParser/LOADING]: Considering mod file candidate /workspaces/thepapu/servidor_minecraft/mods/riskofrain_mobs-1.20.1-1.1.2.jar
[05Jan2026 05:59:50.673] [main/DEBUG] [net.minecraftforge.fml.loading.moddiscovery.ModFileInfo/LOADING]: Found valid mod file riskofrain_mobs-1.20.1-1.1.2.jar with {riskofrain_mobs} mods - versions {1.1.2}
[05Jan2026 05:59:50.674] [main/DEBUG] [net.minecraftforge.fml.loading.moddiscovery.ModFileParser/LOADING]: Considering mod file candidate /workspaces/thepapu/servidor_minecraft/mods/smallships-forge-1.20.1-2.0.0-b1.3.1.jar
[05Jan2026 05:59:50.675] [main/DEBUG] [net.minecraftforge.fml.loading.moddiscovery.ModFileInfo/LOADING]: Found valid mod file smallships-forge-1.20.1-2.0.0-b1.3.1.jar with {smallships} mods - versions {2.0.0-b1.3.1}
[05Jan2026 05:59:50.676] [main/DEBUG] [net.minecraftforge.fml.loading.moddiscovery.ModFileParser/LOADING]: Considering mod file candidate /workspaces/thepapu/servidor_minecraft/mods/SpartanShields-1.20.1-forge-3.1.1.jar
[05Jan2026 05:59:50.677] [main/DEBUG] [net.minecraftforge.fml.loading.moddiscovery.ModFileInfo/LOADING]: Found valid mod file SpartanShields-1.20.1-forge-3.1.1.jar with {spartanshields} mods - versions {3.1.1}
[05Jan2026 05:59:50.680] [main/DEBUG] [net.minecraftforge.fml.loading.moddiscovery.ModFileParser/LOADING]: Considering mod file candidate /workspaces/thepapu/servidor_minecraft/mods/SpartanWeaponry-1.20.1-forge-3.1.0-beta-1-all.jar
[05Jan2026 05:59:50.680] [main/DEBUG] [net.minecraftforge.fml.loading.moddiscovery.ModFileInfo/LOADING]: Found valid mod file SpartanWeaponry-1.20.1-forge-3.1.0-beta-1-all.jar with {spartanweaponry} mods - versions {3.1.0-beta-1}
[05Jan2026 05:59:50.681] [main/DEBUG] [net.minecraftforge.fml.loading.moddiscovery.ModFileParser/LOADING]: Considering mod file candidate /workspaces/thepapu/servidor_minecraft/mods/swampier_swamps-1.20-4.0.0.jar
[05Jan2026 05:59:50.682] [main/DEBUG] [net.minecraftforge.fml.loading.moddiscovery.ModFileInfo/LOADING]: Found valid mod file swampier_swamps-1.20-4.0.0.jar with {swampier_swamps} mods - versions {1.20-4.0.0}
[05Jan2026 05:59:50.684] [main/DEBUG] [net.minecraftforge.fml.loading.moddiscovery.ModFileParser/LOADING]: Considering mod file candidate /workspaces/thepapu/servidor_minecraft/mods/TaxCastlePillager+M.1.20.1+ForM.1.0.1.jar
[05Jan2026 05:59:50.685] [main/DEBUG] [net.minecraftforge.fml.loading.moddiscovery.ModFileInfo/LOADING]: Found valid mod file TaxCastlePillager+M.1.20.1+ForM.1.0.1.jar with {taxcp} mods - versions {1.0.1}
[05Jan2026 05:59:50.686] [main/DEBUG] [net.minecraftforge.fml.loading.moddiscovery.ModFileParser/LOADING]: Considering mod file candidate /workspaces/thepapu/servidor_minecraft/mods/TaxVillageArchitect+M.1.20.1+ForM.1.1.1.jar
[05Jan2026 05:59:50.687] [main/DEBUG] [net.minecraftforge.fml.loading.moddiscovery.ModFileInfo/LOADING]: Found valid mod file TaxVillageArchitect+M.1.20.1+ForM.1.1.1.jar with {taxva} mods - versions {1.1.1}
[05Jan2026 05:59:50.687] [main/DEBUG] [net.minecraftforge.fml.loading.moddiscovery.ModFileParser/LOADING]: Considering mod file candidate /workspaces/thepapu/servidor_minecraft/mods/TerraBlender-forge-1.20.1-3.0.1.7.jar
[05Jan2026 05:59:50.688] [main/DEBUG] [net.minecraftforge.fml.loading.moddiscovery.ModFileInfo/LOADING]: Found valid mod file TerraBlender-forge-1.20.1-3.0.1.7.jar with {terrablender} mods - versions {3.0.1.7}
[05Jan2026 05:59:50.690] [main/DEBUG] [net.minecraftforge.fml.loading.moddiscovery.ModFileParser/LOADING]: Considering mod file candidate /workspaces/thepapu/servidor_minecraft/mods/The_Graveyard_3.1_(FORGE)_for_1.20.1.jar
[05Jan2026 05:59:50.691] [main/DEBUG] [net.minecraftforge.fml.loading.moddiscovery.ModFileInfo/LOADING]: Found valid mod file The_Graveyard_3.1_(FORGE)_for_1.20.1.jar with {graveyard} mods - versions {3.1}
[05Jan2026 05:59:50.705] [main/DEBUG] [net.minecraftforge.fml.loading.moddiscovery.ModFileParser/LOADING]: Considering mod file candidate /workspaces/thepapu/servidor_minecraft/mods/travelersbackpack-forge-1.20.1-9.1.14.jar
[05Jan2026 05:59:50.706] [main/DEBUG] [net.minecraftforge.fml.loading.moddiscovery.ModFileInfo/LOADING]: Found valid mod file travelersbackpack-forge-1.20.1-9.1.14.jar with {travelersbackpack} mods - versions {9.1.14}
[05Jan2026 05:59:50.707] [main/DEBUG] [net.minecraftforge.fml.loading.moddiscovery.ModFileParser/LOADING]: Considering mod file candidate /workspaces/thepapu/servidor_minecraft/mods/valhelsia_core-forge-1.20.1-1.1.2.jar
[05Jan2026 05:59:50.708] [main/DEBUG] [net.minecraftforge.fml.loading.moddiscovery.ModFileInfo/LOADING]: Found valid mod file valhelsia_core-forge-1.20.1-1.1.2.jar with {valhelsia_core} mods - versions {1.1.2}
[05Jan2026 05:59:50.714] [main/DEBUG] [net.minecraftforge.fml.loading.moddiscovery.ModFileParser/LOADING]: Considering mod file candidate /workspaces/thepapu/servidor_minecraft/mods/valhelsia_furniture-forge-1.20.1-1.1.3.jar
[05Jan2026 05:59:50.716] [main/DEBUG] [net.minecraftforge.fml.loading.moddiscovery.ModFileInfo/LOADING]: Found valid mod file valhelsia_furniture-forge-1.20.1-1.1.3.jar with {valhelsia_furniture} mods - versions {1.1.3}
[05Jan2026 05:59:50.718] [main/DEBUG] [net.minecraftforge.fml.loading.moddiscovery.ModFileParser/LOADING]: Considering mod file candidate /workspaces/thepapu/servidor_minecraft/mods/VisualWorkbench-v8.0.0-1.20.1-Forge.jar
[05Jan2026 05:59:50.719] [main/DEBUG] [net.minecraftforge.fml.loading.moddiscovery.ModFileInfo/LOADING]: Found valid mod file VisualWorkbench-v8.0.0-1.20.1-Forge.jar with {visualworkbench} mods - versions {8.0.0}
[05Jan2026 05:59:50.720] [main/DEBUG] [net.minecraftforge.fml.loading.moddiscovery.ModFileParser/LOADING]: Considering mod file candidate /workspaces/thepapu/servidor_minecraft/mods/xenon-0.3.19+mc1.20.1.jar
[05Jan2026 05:59:50.721] [main/DEBUG] [net.minecraftforge.fml.loading.moddiscovery.ModFileInfo/LOADING]: Found valid mod file xenon-0.3.19+mc1.20.1.jar with {xenon,rubidium,embeddium} mods - versions {0.3.19+mc1.20.1,0.7.1,0.3.19+mc1.20.1}
[05Jan2026 05:59:50.796] [main/DEBUG] [net.minecraftforge.fml.loading.moddiscovery.ModFileInfo/LOADING]: Found valid mod file server-1.20.1-20230612.114412-srg.jar with {minecraft} mods - versions {1.20.1}
[05Jan2026 05:59:50.798] [main/DEBUG] [net.minecraftforge.fml.loading.moddiscovery.ModFileParser/LOADING]: Considering mod file candidate /workspaces/thepapu/servidor_minecraft/libraries/net/minecraftforge/fmlcore/1.20.1-47.3.7/fmlcore-1.20.1-47.3.7.jar
[05Jan2026 05:59:50.798] [main/WARN] [net.minecraftforge.fml.loading.moddiscovery.ModFileParser/LOADING]: Mod file /workspaces/thepapu/servidor_minecraft/libraries/net/minecraftforge/fmlcore/1.20.1-47.3.7/fmlcore-1.20.1-47.3.7.jar is missing mods.toml file
[05Jan2026 05:59:50.800] [main/DEBUG] [net.minecraftforge.fml.loading.moddiscovery.ModFileParser/LOADING]: Considering mod file candidate /workspaces/thepapu/servidor_minecraft/libraries/net/minecraftforge/javafmllanguage/1.20.1-47.3.7/javafmllanguage-1.20.1-47.3.7.jar
[05Jan2026 05:59:50.800] [main/WARN] [net.minecraftforge.fml.loading.moddiscovery.ModFileParser/LOADING]: Mod file /workspaces/thepapu/servidor_minecraft/libraries/net/minecraftforge/javafmllanguage/1.20.1-47.3.7/javafmllanguage-1.20.1-47.3.7.jar is missing mods.toml file
[05Jan2026 05:59:50.801] [main/DEBUG] [net.minecraftforge.fml.loading.moddiscovery.ModFileParser/LOADING]: Considering mod file candidate /workspaces/thepapu/servidor_minecraft/libraries/net/minecraftforge/lowcodelanguage/1.20.1-47.3.7/lowcodelanguage-1.20.1-47.3.7.jar
[05Jan2026 05:59:50.801] [main/WARN] [net.minecraftforge.fml.loading.moddiscovery.ModFileParser/LOADING]: Mod file /workspaces/thepapu/servidor_minecraft/libraries/net/minecraftforge/lowcodelanguage/1.20.1-47.3.7/lowcodelanguage-1.20.1-47.3.7.jar is missing mods.toml file
[05Jan2026 05:59:50.802] [main/DEBUG] [net.minecraftforge.fml.loading.moddiscovery.ModFileParser/LOADING]: Considering mod file candidate /workspaces/thepapu/servidor_minecraft/libraries/net/minecraftforge/mclanguage/1.20.1-47.3.7/mclanguage-1.20.1-47.3.7.jar
[05Jan2026 05:59:50.802] [main/WARN] [net.minecraftforge.fml.loading.moddiscovery.ModFileParser/LOADING]: Mod file /workspaces/thepapu/servidor_minecraft/libraries/net/minecraftforge/mclanguage/1.20.1-47.3.7/mclanguage-1.20.1-47.3.7.jar is missing mods.toml file
[05Jan2026 05:59:50.867] [main/DEBUG] [net.minecraftforge.fml.loading.moddiscovery.ModFileParser/LOADING]: Considering mod file candidate /workspaces/thepapu/servidor_minecraft/libraries/net/minecraftforge/forge/1.20.1-47.3.7/forge-1.20.1-47.3.7-universal.jar
[05Jan2026 05:59:50.868] [main/DEBUG] [net.minecraftforge.fml.loading.moddiscovery.ModFileInfo/LOADING]: Found valid mod file forge-1.20.1-47.3.7-universal.jar with {forge} mods - versions {47.3.7}
[05Jan2026 05:59:50.880] [main/DEBUG] [net.minecraftforge.fml.loading.moddiscovery.AbstractJarFileDependencyLocator/]: Failed to load resource META-INF/jarjar/metadata.json from ftb-essentials-forge-2001.2.3.jar, it does not contain dependency information.
[05Jan2026 05:59:50.881] [main/DEBUG] [net.minecraftforge.fml.loading.moddiscovery.AbstractJarFileDependencyLocator/]: Failed to load resource META-INF/jarjar/metadata.json from TaxVillageArchitect+M.1.20.1+ForM.1.1.1.jar, it does not contain dependency information.
[05Jan2026 05:59:50.881] [main/DEBUG] [net.minecraftforge.fml.loading.moddiscovery.AbstractJarFileDependencyLocator/]: Failed to load resource META-INF/jarjar/metadata.json from Better Skills 1.8.1 [1.20.1].jar, it does not contain dependency information.
[05Jan2026 05:59:50.881] [main/DEBUG] [net.minecraftforge.fml.loading.moddiscovery.AbstractJarFileDependencyLocator/]: Failed to load resource META-INF/jarjar/metadata.json from ftb-library-forge-2001.2.10.jar, it does not contain dependency information.
[05Jan2026 05:59:50.881] [main/DEBUG] [net.minecraftforge.fml.loading.moddiscovery.AbstractJarFileDependencyLocator/]: Failed to load resource META-INF/jarjar/metadata.json from alexsmobs-1.22.7.jar, it does not contain dependency information.
[05Jan2026 05:59:50.881] [main/DEBUG] [net.minecraftforge.fml.loading.moddiscovery.AbstractJarFileDependencyLocator/]: Failed to load resource META-INF/jarjar/metadata.json from riskofrain_mobs-1.20.1-1.1.2.jar, it does not contain dependency information.
[05Jan2026 05:59:50.881] [main/DEBUG] [net.minecraftforge.fml.loading.moddiscovery.AbstractJarFileDependencyLocator/]: Failed to load resource META-INF/jarjar/metadata.json from realmrpg_imps_and_demons_0.9.0_forge_1.20.1.jar, it does not contain dependency information.
[05Jan2026 05:59:50.881] [main/DEBUG] [net.minecraftforge.fml.loading.moddiscovery.AbstractJarFileDependencyLocator/]: Failed to load resource META-INF/jarjar/metadata.json from jei-1.20.1-forge-15.3.0.7.jar, it does not contain dependency information.
[05Jan2026 05:59:50.882] [main/DEBUG] [net.minecraftforge.fml.loading.moddiscovery.AbstractJarFileDependencyLocator/]: Failed to load resource META-INF/jarjar/metadata.json from The_Graveyard_3.1_(FORGE)_for_1.20.1.jar, it does not contain dependency information.
[05Jan2026 05:59:50.882] [main/DEBUG] [net.minecraftforge.fml.loading.moddiscovery.AbstractJarFileDependencyLocator/]: Failed to load resource META-INF/jarjar/metadata.json from naturalist-forge-4.0.3-1.20.1.jar, it does not contain dependency information.
[05Jan2026 05:59:50.882] [main/DEBUG] [net.minecraftforge.fml.loading.moddiscovery.AbstractJarFileDependencyLocator/]: Failed to load resource META-INF/jarjar/metadata.json from ants-1.20.1-forge-ver2.2.jar, it does not contain dependency information.
[05Jan2026 05:59:50.882] [main/DEBUG] [net.minecraftforge.fml.loading.moddiscovery.AbstractJarFileDependencyLocator/]: Failed to load resource META-INF/jarjar/metadata.json from valhelsia_furniture-forge-1.20.1-1.1.3.jar, it does not contain dependency information.
[05Jan2026 05:59:50.882] [main/DEBUG] [net.minecraftforge.fml.loading.moddiscovery.AbstractJarFileDependencyLocator/]: Failed to load resource META-INF/jarjar/metadata.json from realmrpg_fallen_adventurers_1.0.3_forge_1.20.1.jar, it does not contain dependency information.
[05Jan2026 05:59:50.882] [main/DEBUG] [net.minecraftforge.fml.loading.moddiscovery.AbstractJarFileDependencyLocator/]: Failed to load resource META-INF/jarjar/metadata.json from EpicFight-20.7.4.jar, it does not contain dependency information.
[05Jan2026 05:59:50.882] [main/DEBUG] [net.minecraftforge.fml.loading.moddiscovery.AbstractJarFileDependencyLocator/]: Failed to load resource META-INF/jarjar/metadata.json from journeymap-1.20.1-5.10.0-forge.jar, it does not contain dependency information.
[05Jan2026 05:59:50.882] [main/DEBUG] [net.minecraftforge.fml.loading.moddiscovery.AbstractJarFileDependencyLocator/]: Failed to load resource META-INF/jarjar/metadata.json from Dungeon Now Loading-forge-1.20.1-2.0.jar, it does not contain dependency information.
[05Jan2026 05:59:50.883] [main/DEBUG] [net.minecraftforge.fml.loading.moddiscovery.AbstractJarFileDependencyLocator/]: Failed to load resource META-INF/jarjar/metadata.json from citadel-2.5.4-1.20.1.jar, it does not contain dependency information.
[05Jan2026 05:59:50.883] [main/DEBUG] [net.minecraftforge.fml.loading.moddiscovery.AbstractJarFileDependencyLocator/]: Failed to load resource META-INF/jarjar/metadata.json from travelersbackpack-forge-1.20.1-9.1.14.jar, it does not contain dependency information.
[05Jan2026 05:59:50.883] [main/DEBUG] [net.minecraftforge.fml.loading.moddiscovery.AbstractJarFileDependencyLocator/]: Failed to load resource META-INF/jarjar/metadata.json from mirabilis-1.1.1-1.20.1.jar, it does not contain dependency information.
[05Jan2026 05:59:50.883] [main/DEBUG] [net.minecraftforge.fml.loading.moddiscovery.AbstractJarFileDependencyLocator/]: Failed to load resource META-INF/jarjar/metadata.json from HopoBetterUnderwaterRuins-[1.20.2-1.20.4]-1.1.5.jar, it does not contain dependency information.
[05Jan2026 05:59:50.883] [main/DEBUG] [net.minecraftforge.fml.loading.moddiscovery.AbstractJarFileDependencyLocator/]: Failed to load resource META-INF/jarjar/metadata.json from GrimoireOfGaia4-1.20.1-4.0.0-alpha.10.jar, it does not contain dependency information.
[05Jan2026 05:59:50.884] [main/DEBUG] [net.minecraftforge.fml.loading.moddiscovery.AbstractJarFileDependencyLocator/]: Failed to load resource META-INF/jarjar/metadata.json from iceandfire-2.1.13-1.20.1-beta-4.jar, it does not contain dependency information.
[05Jan2026 05:59:50.884] [main/DEBUG] [net.minecraftforge.fml.loading.moddiscovery.AbstractJarFileDependencyLocator/]: Failed to load resource META-INF/jarjar/metadata.json from Orcz_0.87_1.20.1.jar, it does not contain dependency information.
[05Jan2026 05:59:50.884] [main/DEBUG] [net.minecraftforge.fml.loading.moddiscovery.AbstractJarFileDependencyLocator/]: Failed to load resource META-INF/jarjar/metadata.json from BOMD-Forge-1.20.1-1.1.1.jar, it does not contain dependency information.
[05Jan2026 05:59:50.884] [main/DEBUG] [net.minecraftforge.fml.loading.moddiscovery.AbstractJarFileDependencyLocator/]: Failed to load resource META-INF/jarjar/metadata.json from swampier_swamps-1.20-4.0.0.jar, it does not contain dependency information.
[05Jan2026 05:59:50.885] [main/DEBUG] [net.minecraftforge.fml.loading.moddiscovery.AbstractJarFileDependencyLocator/]: Failed to load resource META-INF/jarjar/metadata.json from morevanillashields-1.1.0-1.20.1.jar, it does not contain dependency information.
[05Jan2026 05:59:50.885] [main/DEBUG] [net.minecraftforge.fml.loading.moddiscovery.AbstractJarFileDependencyLocator/]: Failed to load resource META-INF/jarjar/metadata.json from cloth-config-11.1.118-forge.jar, it does not contain dependency information.
[05Jan2026 05:59:50.885] [main/DEBUG] [net.minecraftforge.fml.loading.moddiscovery.AbstractJarFileDependencyLocator/]: Failed to load resource META-INF/jarjar/metadata.json from forge-1.20.1-47.3.7-universal.jar, it does not contain dependency information.
[05Jan2026 05:59:50.885] [main/DEBUG] [net.minecraftforge.fml.loading.moddiscovery.AbstractJarFileDependencyLocator/]: Failed to load resource META-INF/jarjar/metadata.json from iter_rpg-0.7.0b-forge-1.20.1.jar, it does not contain dependency information.
[05Jan2026 05:59:50.885] [main/DEBUG] [net.minecraftforge.fml.loading.moddiscovery.AbstractJarFileDependencyLocator/]: Failed to load resource META-INF/jarjar/metadata.json from illagersweararmor-1.20.1-1.3.4.jar, it does not contain dependency information.
[05Jan2026 05:59:50.885] [main/DEBUG] [net.minecraftforge.fml.loading.moddiscovery.AbstractJarFileDependencyLocator/]: Failed to load resource META-INF/jarjar/metadata.json from server-1.20.1-20230612.114412-srg.jar, it does not contain dependency information.
[05Jan2026 05:59:50.886] [main/DEBUG] [net.minecraftforge.fml.loading.moddiscovery.AbstractJarFileDependencyLocator/]: Failed to load resource META-INF/jarjar/metadata.json from morevillagers-forge-1.20.1-5.0.0.jar, it does not contain dependency information.
[05Jan2026 05:59:50.886] [main/DEBUG] [net.minecraftforge.fml.loading.moddiscovery.AbstractJarFileDependencyLocator/]: Failed to load resource META-INF/jarjar/metadata.json from TerraBlender-forge-1.20.1-3.0.1.7.jar, it does not contain dependency information.
[05Jan2026 05:59:50.886] [main/DEBUG] [net.minecraftforge.fml.loading.moddiscovery.AbstractJarFileDependencyLocator/]: Failed to load resource META-INF/jarjar/metadata.json from AmbientSounds_FORGE_v6.0.3_mc1.20.1.jar, it does not contain dependency information.
[05Jan2026 05:59:50.886] [main/DEBUG] [net.minecraftforge.fml.loading.moddiscovery.AbstractJarFileDependencyLocator/]: Failed to load resource META-INF/jarjar/metadata.json from BloodAndMadness-Forge1.20.1-v2.1.5.2.jar, it does not contain dependency information.
[05Jan2026 05:59:50.886] [main/DEBUG] [net.minecraftforge.fml.loading.moddiscovery.AbstractJarFileDependencyLocator/]: Failed to load resource META-INF/jarjar/metadata.json from netherdungeons-1.1.0-snapshot3a.jar, it does not contain dependency information.
[05Jan2026 05:59:50.886] [main/DEBUG] [net.minecraftforge.fml.loading.moddiscovery.AbstractJarFileDependencyLocator/]: Failed to load resource META-INF/jarjar/metadata.json from TaxCastlePillager+M.1.20.1+ForM.1.0.1.jar, it does not contain dependency information.
[05Jan2026 05:59:50.886] [main/DEBUG] [net.minecraftforge.fml.loading.moddiscovery.AbstractJarFileDependencyLocator/]: Failed to load resource META-INF/jarjar/metadata.json from BiomesOPlenty-1.20.1-18.0.0.592.jar, it does not contain dependency information.
[05Jan2026 05:59:50.886] [main/DEBUG] [net.minecraftforge.fml.loading.moddiscovery.AbstractJarFileDependencyLocator/]: Failed to load resource META-INF/jarjar/metadata.json from endrem_forge-5.2.3-R-1.20.X.jar, it does not contain dependency information.
[05Jan2026 05:59:50.887] [main/DEBUG] [net.minecraftforge.fml.loading.moddiscovery.AbstractJarFileDependencyLocator/]: Failed to load resource META-INF/jarjar/metadata.json from justenoughbreeding-forge-1.20.x-1.2.1.jar, it does not contain dependency information.
[05Jan2026 05:59:50.887] [main/DEBUG] [net.minecraftforge.fml.loading.moddiscovery.AbstractJarFileDependencyLocator/]: Failed to load resource META-INF/jarjar/metadata.json from HopoBetterRuinedPortals-[1.20-1.20.2]-1.3.7.jar, it does not contain dependency information.
[05Jan2026 05:59:50.887] [main/DEBUG] [net.minecraftforge.fml.loading.moddiscovery.AbstractJarFileDependencyLocator/]: Failed to load resource META-INF/jarjar/metadata.json from CreativeCore_FORGE_v2.11.31_mc1.20.1.jar, it does not contain dependency information.
[05Jan2026 05:59:50.887] [main/DEBUG] [net.minecraftforge.fml.loading.moddiscovery.AbstractJarFileDependencyLocator/]: Failed to load resource META-INF/jarjar/metadata.json from forbidden_arcanus-1.20.1-2.2.6.jar, it does not contain dependency information.
[05Jan2026 05:59:50.887] [main/DEBUG] [net.minecraftforge.fml.loading.moddiscovery.AbstractJarFileDependencyLocator/]: Failed to load resource META-INF/jarjar/metadata.json from born_in_chaos_[Forge]1.20.1_1.7.2.jar, it does not contain dependency information.
[05Jan2026 05:59:50.887] [main/DEBUG] [net.minecraftforge.fml.loading.moddiscovery.AbstractJarFileDependencyLocator/]: Failed to load resource META-INF/jarjar/metadata.json from lionfishapi-1.9.jar, it does not contain dependency information.
[05Jan2026 05:59:50.888] [main/DEBUG] [net.minecraftforge.fml.loading.moddiscovery.AbstractJarFileDependencyLocator/]: Failed to load resource META-INF/jarjar/metadata.json from Philips-Ruins1.20.1-4.2.jar, it does not contain dependency information.
[05Jan2026 05:59:50.888] [main/DEBUG] [net.minecraftforge.fml.loading.moddiscovery.AbstractJarFileDependencyLocator/]: Failed to load resource META-INF/jarjar/metadata.json from L_Enders_Cataclysm-1.99.6-1.20.1.jar, it does not contain dependency information.
[05Jan2026 05:59:50.888] [main/DEBUG] [net.minecraftforge.fml.loading.moddiscovery.AbstractJarFileDependencyLocator/]: Failed to load resource META-INF/jarjar/metadata.json from curios-forge-5.9.1+1.20.1.jar, it does not contain dependency information.
[05Jan2026 05:59:50.888] [main/DEBUG] [net.minecraftforge.fml.loading.moddiscovery.AbstractJarFileDependencyLocator/]: Failed to load resource META-INF/jarjar/metadata.json from SpartanShields-1.20.1-forge-3.1.1.jar, it does not contain dependency information.
[05Jan2026 05:59:50.888] [main/DEBUG] [net.minecraftforge.fml.loading.moddiscovery.AbstractJarFileDependencyLocator/]: Failed to load resource META-INF/jarjar/metadata.json from brutalbosses-1.20.1-7.0.jar, it does not contain dependency information.
[05Jan2026 05:59:50.888] [main/DEBUG] [net.minecraftforge.fml.loading.moddiscovery.AbstractJarFileDependencyLocator/]: Failed to load resource META-INF/jarjar/metadata.json from gravestone-forge-1.20.1-1.0.16.jar, it does not contain dependency information.
[05Jan2026 05:59:50.888] [main/DEBUG] [net.minecraftforge.fml.loading.moddiscovery.AbstractJarFileDependencyLocator/]: Failed to load resource META-INF/jarjar/metadata.json from CerbonsApi-Forge-1.20.1-1.0.0.jar, it does not contain dependency information.
[05Jan2026 05:59:50.889] [main/DEBUG] [net.minecraftforge.fml.loading.moddiscovery.AbstractJarFileDependencyLocator/]: Failed to load resource META-INF/jarjar/metadata.json from realmrpg_seadwellers_2.9.9_forge_1.20.1.jar, it does not contain dependency information.
[05Jan2026 05:59:50.889] [main/DEBUG] [net.minecraftforge.fml.loading.moddiscovery.AbstractJarFileDependencyLocator/]: Failed to load resource META-INF/jarjar/metadata.json from legendarymonsters-1.9.8 MC 1.20.1.jar, it does not contain dependency information.
[05Jan2026 05:59:50.889] [main/DEBUG] [net.minecraftforge.fml.loading.moddiscovery.AbstractJarFileDependencyLocator/]: Failed to load resource META-INF/jarjar/metadata.json from endorium-forge-1.1.3.jar, it does not contain dependency information.
[05Jan2026 05:59:50.889] [main/DEBUG] [net.minecraftforge.fml.loading.moddiscovery.AbstractJarFileDependencyLocator/]: Failed to load resource META-INF/jarjar/metadata.json from crittersandcompanions-1.20.1-2.1.6.jar, it does not contain dependency information.
[05Jan2026 05:59:50.889] [main/DEBUG] [net.minecraftforge.fml.loading.moddiscovery.AbstractJarFileDependencyLocator/]: Failed to load resource META-INF/jarjar/metadata.json from mvs-4.1.2-1.20-forge.jar, it does not contain dependency information.
[05Jan2026 05:59:50.889] [main/DEBUG] [net.minecraftforge.fml.loading.moddiscovery.AbstractJarFileDependencyLocator/]: Failed to load resource META-INF/jarjar/metadata.json from architectury-9.2.14-forge.jar, it does not contain dependency information.
[05Jan2026 05:59:50.889] [main/DEBUG] [net.minecraftforge.fml.loading.moddiscovery.AbstractJarFileDependencyLocator/]: Failed to load resource META-INF/jarjar/metadata.json from cupboard-1.20.1-2.7.jar, it does not contain dependency information.
[05Jan2026 05:59:50.890] [main/DEBUG] [net.minecraftforge.fml.loading.moddiscovery.AbstractJarFileDependencyLocator/]: Failed to load resource META-INF/jarjar/metadata.json from smallships-forge-1.20.1-2.0.0-b1.3.1.jar, it does not contain dependency information.
[05Jan2026 05:59:50.890] [main/DEBUG] [net.minecraftforge.fml.loading.moddiscovery.AbstractJarFileDependencyLocator/]: Failed to load resource META-INF/jarjar/metadata.json from valhelsia_core-forge-1.20.1-1.1.2.jar, it does not contain dependency information.
[05Jan2026 05:59:50.890] [main/DEBUG] [net.minecraftforge.fml.loading.moddiscovery.AbstractJarFileDependencyLocator/]: Failed to load resource META-INF/jarjar/metadata.json from mclanguage-1.20.1-47.3.7.jar, it does not contain dependency information.
[05Jan2026 05:59:50.890] [main/DEBUG] [net.minecraftforge.fml.loading.moddiscovery.AbstractJarFileDependencyLocator/]: Failed to load resource META-INF/jarjar/metadata.json from javafmllanguage-1.20.1-47.3.7.jar, it does not contain dependency information.
[05Jan2026 05:59:50.890] [main/DEBUG] [net.minecraftforge.fml.loading.moddiscovery.AbstractJarFileDependencyLocator/]: Failed to load resource META-INF/jarjar/metadata.json from fmlcore-1.20.1-47.3.7.jar, it does not contain dependency information.
[05Jan2026 05:59:50.890] [main/DEBUG] [net.minecraftforge.fml.loading.moddiscovery.AbstractJarFileDependencyLocator/]: Failed to load resource META-INF/jarjar/metadata.json from lowcodelanguage-1.20.1-47.3.7.jar, it does not contain dependency information.
[05Jan2026 05:59:50.931] [main/DEBUG] [net.minecraftforge.fml.loading.moddiscovery.ModFileParser/LOADING]: Considering mod file candidate 
[05Jan2026 05:59:50.931] [main/DEBUG] [net.minecraftforge.fml.loading.moddiscovery.ModFileInfo/LOADING]: Found valid mod file mixinextras-forge-0.3.5.jar with {mixinextras} mods - versions {0.3.5}
[05Jan2026 05:59:50.933] [main/DEBUG] [net.minecraftforge.fml.loading.moddiscovery.ModFileParser/LOADING]: Considering mod file candidate 
[05Jan2026 05:59:50.934] [main/DEBUG] [net.minecraftforge.fml.loading.moddiscovery.ModFileInfo/LOADING]: Found valid mod file mixinextras-forge-0.4.1.jar with {mixinextras} mods - versions {0.4.1}
[05Jan2026 05:59:50.936] [main/DEBUG] [net.minecraftforge.fml.loading.moddiscovery.ModFileParser/LOADING]: Considering mod file candidate 
[05Jan2026 05:59:50.936] [main/DEBUG] [net.minecraftforge.fml.loading.moddiscovery.ModFileInfo/LOADING]: Found valid mod file puzzlesaccessapi-forge-8.0.7.jar with {puzzlesaccessapi} mods - versions {8.0.7}
[05Jan2026 05:59:50.938] [main/DEBUG] [net.minecraftforge.fml.loading.moddiscovery.ModFileParser/LOADING]: Considering mod file candidate 
[05Jan2026 05:59:50.938] [main/DEBUG] [net.minecraftforge.fml.loading.moddiscovery.ModFileInfo/LOADING]: Found valid mod file mixinextras-forge-0.2.0-beta.7.jar with {mixinextras} mods - versions {0.2.0-beta.7}
[05Jan2026 05:59:50.940] [main/DEBUG] [net.minecraftforge.fml.loading.moddiscovery.ModFileParser/LOADING]: Considering mod file candidate 
[05Jan2026 05:59:50.941] [main/DEBUG] [net.minecraftforge.fml.loading.moddiscovery.ModFileInfo/LOADING]: Found valid mod file mixinextras-forge-0.4.1.jar with {mixinextras} mods - versions {0.4.1}
[05Jan2026 05:59:50.946] [main/DEBUG] [net.minecraftforge.fml.loading.moddiscovery.ModFileParser/LOADING]: Considering mod file candidate 
[05Jan2026 05:59:50.946] [main/DEBUG] [net.minecraftforge.fml.loading.moddiscovery.ModFileInfo/LOADING]: Found valid mod file mixinextras-forge-0.3.5.jar with {mixinextras} mods - versions {0.3.5}
[05Jan2026 05:59:50.960] [main/DEBUG] [net.minecraftforge.fml.loading.moddiscovery.AbstractJarFileDependencyLocator/]: Failed to load resource META-INF/jarjar/metadata.json from mclib-20.jar, it does not contain dependency information.
[05Jan2026 05:59:50.964] [main/DEBUG] [net.minecraftforge.fml.loading.moddiscovery.AbstractJarFileDependencyLocator/]: Failed to load resource META-INF/jarjar/metadata.json from MixinExtras-0.3.5.jar, it does not contain dependency information.
[05Jan2026 05:59:50.964] [main/DEBUG] [net.minecraftforge.fml.loading.moddiscovery.AbstractJarFileDependencyLocator/]: Failed to load resource META-INF/jarjar/metadata.json from MixinExtras-0.4.1.jar, it does not contain dependency information.
[05Jan2026 05:59:50.964] [main/DEBUG] [net.minecraftforge.fml.loading.moddiscovery.AbstractJarFileDependencyLocator/]: Failed to load resource META-INF/jarjar/metadata.json from MixinExtras-0.2.0-beta.7.jar, it does not contain dependency information.
[05Jan2026 05:59:50.964] [main/DEBUG] [net.minecraftforge.fml.loading.moddiscovery.AbstractJarFileDependencyLocator/]: Failed to load resource META-INF/jarjar/metadata.json from MixinExtras-0.4.1.jar, it does not contain dependency information.
[05Jan2026 05:59:50.965] [main/DEBUG] [net.minecraftforge.fml.loading.moddiscovery.AbstractJarFileDependencyLocator/]: Failed to load resource META-INF/jarjar/metadata.json from MixinExtras-0.3.5.jar, it does not contain dependency information.
[05Jan2026 05:59:50.985] [main/DEBUG] [net.minecraftforge.fml.loading.moddiscovery.ModFileParser/LOADING]: Considering mod file candidate 
[05Jan2026 05:59:50.986] [main/DEBUG] [net.minecraftforge.fml.loading.moddiscovery.ModFileInfo/LOADING]: Found valid mod file puzzlesaccessapi-forge-8.0.7.jar with {puzzlesaccessapi} mods - versions {8.0.7}
[05Jan2026 05:59:50.988] [main/DEBUG] [net.minecraftforge.fml.loading.moddiscovery.ModFileParser/LOADING]: Considering mod file candidate 
[05Jan2026 05:59:50.988] [main/DEBUG] [net.minecraftforge.fml.loading.moddiscovery.ModFileInfo/LOADING]: Found valid mod file mixinextras-forge-0.4.1.jar with {mixinextras} mods - versions {0.4.1}
[05Jan2026 05:59:50.989] [main/DEBUG] [net.minecraftforge.fml.loading.moddiscovery.ModFileParser/LOADING]: Considering mod file candidate 
[05Jan2026 05:59:50.989] [main/DEBUG] [net.minecraftforge.fml.loading.moddiscovery.ModFileInfo/LOADING]: Found valid mod file mixinextras-forge-0.2.0-beta.7.jar with {mixinextras} mods - versions {0.2.0-beta.7}
[05Jan2026 05:59:50.994] [main/WARN] [net.minecraftforge.jarjar.selection.JarSelector/]: Attempted to select two dependency jars from JarJar which have the same identification: Mod File:  and Mod File: . Using Mod File: 
[05Jan2026 05:59:50.996] [main/INFO] [net.minecraftforge.fml.loading.moddiscovery.JarInJarDependencyLocator/]: Found 4 dependencies adding them to mods collection
[05Jan2026 05:59:50.998] [main/DEBUG] [net.minecraftforge.fml.loading.moddiscovery.ModFileParser/LOADING]: Considering mod file candidate /workspaces/thepapu/servidor_minecraft/mods/ftb-essentials-forge-2001.2.3.jar
[05Jan2026 05:59:50.999] [main/DEBUG] [net.minecraftforge.fml.loading.moddiscovery.ModFileInfo/LOADING]: Found valid mod file ftb-essentials-forge-2001.2.3.jar with {ftbessentials} mods - versions {2001.2.3}
[05Jan2026 05:59:51.003] [main/DEBUG] [net.minecraftforge.fml.loading.moddiscovery.ModFile/LOADING]: Loading mod file /workspaces/thepapu/servidor_minecraft/mods/ftb-essentials-forge-2001.2.3.jar with languages [LanguageSpec[languageName=javafml, acceptedVersions=[47,)]]
[05Jan2026 05:59:51.004] [main/DEBUG] [net.minecraftforge.fml.loading.moddiscovery.ModFileParser/LOADING]: Considering mod file candidate /workspaces/thepapu/servidor_minecraft/mods/Better Skills 1.8.1 [1.20.1].jar
[05Jan2026 05:59:51.005] [main/DEBUG] [net.minecraftforge.fml.loading.moddiscovery.ModFileInfo/LOADING]: Found valid mod file Better Skills 1.8.1 [1.20.1].jar with {betterskills} mods - versions {1.8.1}
[05Jan2026 05:59:51.005] [main/DEBUG] [net.minecraftforge.fml.loading.moddiscovery.ModFile/LOADING]: Loading mod file /workspaces/thepapu/servidor_minecraft/mods/Better Skills 1.8.1 [1.20.1].jar with languages [LanguageSpec[languageName=javafml, acceptedVersions=[47,)]]
[05Jan2026 05:59:51.005] [main/DEBUG] [net.minecraftforge.fml.loading.moddiscovery.ModFileParser/LOADING]: Considering mod file candidate /workspaces/thepapu/servidor_minecraft/mods/TaxVillageArchitect+M.1.20.1+ForM.1.1.1.jar
[05Jan2026 05:59:51.006] [main/DEBUG] [net.minecraftforge.fml.loading.moddiscovery.ModFileInfo/LOADING]: Found valid mod file TaxVillageArchitect+M.1.20.1+ForM.1.1.1.jar with {taxva} mods - versions {1.1.1}
[05Jan2026 05:59:51.006] [main/DEBUG] [net.minecraftforge.fml.loading.moddiscovery.ModFile/LOADING]: Loading mod file /workspaces/thepapu/servidor_minecraft/mods/TaxVillageArchitect+M.1.20.1+ForM.1.1.1.jar with languages [LanguageSpec[languageName=javafml, acceptedVersions=[47,)]]
[05Jan2026 05:59:51.006] [main/DEBUG] [net.minecraftforge.fml.loading.moddiscovery.ModFileParser/LOADING]: Considering mod file candidate /workspaces/thepapu/servidor_minecraft/mods/alexsmobs-1.22.7.jar
[05Jan2026 05:59:51.007] [main/DEBUG] [net.minecraftforge.fml.loading.moddiscovery.ModFileInfo/LOADING]: Found valid mod file alexsmobs-1.22.7.jar with {alexsmobs} mods - versions {1.22.7}
[05Jan2026 05:59:51.007] [main/DEBUG] [net.minecraftforge.fml.loading.moddiscovery.ModFile/LOADING]: Loading mod file /workspaces/thepapu/servidor_minecraft/mods/alexsmobs-1.22.7.jar with languages [LanguageSpec[languageName=javafml, acceptedVersions=[46,)]]
[05Jan2026 05:59:51.007] [main/DEBUG] [net.minecraftforge.fml.loading.moddiscovery.ModFileParser/LOADING]: Considering mod file candidate /workspaces/thepapu/servidor_minecraft/mods/ftb-library-forge-2001.2.10.jar
[05Jan2026 05:59:51.007] [main/DEBUG] [net.minecraftforge.fml.loading.moddiscovery.ModFileInfo/LOADING]: Found valid mod file ftb-library-forge-2001.2.10.jar with {ftblibrary} mods - versions {2001.2.10}
[05Jan2026 05:59:51.008] [main/DEBUG] [net.minecraftforge.fml.loading.moddiscovery.ModFile/LOADING]: Loading mod file /workspaces/thepapu/servidor_minecraft/mods/ftb-library-forge-2001.2.10.jar with languages [LanguageSpec[languageName=javafml, acceptedVersions=[47,)]]
[05Jan2026 05:59:51.008] [main/DEBUG] [net.minecraftforge.fml.loading.moddiscovery.ModFileParser/LOADING]: Considering mod file candidate /workspaces/thepapu/servidor_minecraft/mods/geckolib-forge-1.20.1-4.4.7.jar
[05Jan2026 05:59:51.008] [main/DEBUG] [net.minecraftforge.fml.loading.moddiscovery.ModFileInfo/LOADING]: Found valid mod file geckolib-forge-1.20.1-4.4.7.jar with {geckolib} mods - versions {4.4.7}
[05Jan2026 05:59:51.008] [main/DEBUG] [net.minecraftforge.fml.loading.moddiscovery.ModFile/LOADING]: Loading mod file /workspaces/thepapu/servidor_minecraft/mods/geckolib-forge-1.20.1-4.4.7.jar with languages [LanguageSpec[languageName=javafml, acceptedVersions=[47,)]]
[05Jan2026 05:59:51.009] [main/DEBUG] [net.minecraftforge.fml.loading.moddiscovery.ModFileParser/LOADING]: Considering mod file candidate /workspaces/thepapu/servidor_minecraft/mods/riskofrain_mobs-1.20.1-1.1.2.jar
[05Jan2026 05:59:51.009] [main/DEBUG] [net.minecraftforge.fml.loading.moddiscovery.ModFileInfo/LOADING]: Found valid mod file riskofrain_mobs-1.20.1-1.1.2.jar with {riskofrain_mobs} mods - versions {1.1.2}
[05Jan2026 05:59:51.009] [main/DEBUG] [net.minecraftforge.fml.loading.moddiscovery.ModFile/LOADING]: Loading mod file /workspaces/thepapu/servidor_minecraft/mods/riskofrain_mobs-1.20.1-1.1.2.jar with languages [LanguageSpec[languageName=javafml, acceptedVersions=[47,)]]
[05Jan2026 05:59:51.009] [main/DEBUG] [net.minecraftforge.fml.loading.moddiscovery.ModFileParser/LOADING]: Considering mod file candidate /workspaces/thepapu/servidor_minecraft/mods/xenon-0.3.19+mc1.20.1.jar
[05Jan2026 05:59:51.010] [main/DEBUG] [net.minecraftforge.fml.loading.moddiscovery.ModFileInfo/LOADING]: Found valid mod file xenon-0.3.19+mc1.20.1.jar with {xenon,rubidium,embeddium} mods - versions {0.3.19+mc1.20.1,0.7.1,0.3.19+mc1.20.1}
[05Jan2026 05:59:51.010] [main/DEBUG] [net.minecraftforge.fml.loading.moddiscovery.ModFile/LOADING]: Loading mod file /workspaces/thepapu/servidor_minecraft/mods/xenon-0.3.19+mc1.20.1.jar with languages [LanguageSpec[languageName=javafml, acceptedVersions=[47,)]]
[05Jan2026 05:59:51.010] [main/DEBUG] [net.minecraftforge.fml.loading.moddiscovery.ModFileParser/LOADING]: Considering mod file candidate /workspaces/thepapu/servidor_minecraft/mods/jei-1.20.1-forge-15.3.0.7.jar
[05Jan2026 05:59:51.011] [main/DEBUG] [net.minecraftforge.fml.loading.moddiscovery.ModFileInfo/LOADING]: Found valid mod file jei-1.20.1-forge-15.3.0.7.jar with {jei} mods - versions {15.3.0.7}
[05Jan2026 05:59:51.011] [main/DEBUG] [net.minecraftforge.fml.loading.moddiscovery.ModFile/LOADING]: Loading mod file /workspaces/thepapu/servidor_minecraft/mods/jei-1.20.1-forge-15.3.0.7.jar with languages [LanguageSpec[languageName=javafml, acceptedVersions=[47,)]]
[05Jan2026 05:59:51.011] [main/DEBUG] [net.minecraftforge.fml.loading.moddiscovery.ModFileParser/LOADING]: Considering mod file candidate /workspaces/thepapu/servidor_minecraft/mods/realmrpg_imps_and_demons_0.9.0_forge_1.20.1.jar
[05Jan2026 05:59:51.011] [main/DEBUG] [net.minecraftforge.fml.loading.moddiscovery.ModFileInfo/LOADING]: Found valid mod file realmrpg_imps_and_demons_0.9.0_forge_1.20.1.jar with {realmrpg_demons} mods - versions {0.9.0}
[05Jan2026 05:59:51.011] [main/DEBUG] [net.minecraftforge.fml.loading.moddiscovery.ModFile/LOADING]: Loading mod file /workspaces/thepapu/servidor_minecraft/mods/realmrpg_imps_and_demons_0.9.0_forge_1.20.1.jar with languages [LanguageSpec[languageName=javafml, acceptedVersions=[47,)]]
[05Jan2026 05:59:51.011] [main/DEBUG] [net.minecraftforge.fml.loading.moddiscovery.ModFileParser/LOADING]: Considering mod file candidate /workspaces/thepapu/servidor_minecraft/mods/ants-1.20.1-forge-ver2.2.jar
[05Jan2026 05:59:51.012] [main/DEBUG] [net.minecraftforge.fml.loading.moddiscovery.ModFileInfo/LOADING]: Found valid mod file ants-1.20.1-forge-ver2.2.jar with {ants_unleashed} mods - versions {1.0.0}
[05Jan2026 05:59:51.012] [main/DEBUG] [net.minecraftforge.fml.loading.moddiscovery.ModFile/LOADING]: Loading mod file /workspaces/thepapu/servidor_minecraft/mods/ants-1.20.1-forge-ver2.2.jar with languages [LanguageSpec[languageName=javafml, acceptedVersions=[47,)]]
[05Jan2026 05:59:51.012] [main/DEBUG] [net.minecraftforge.fml.loading.moddiscovery.ModFileParser/LOADING]: Considering mod file candidate /workspaces/thepapu/servidor_minecraft/mods/naturalist-forge-4.0.3-1.20.1.jar
[05Jan2026 05:59:51.012] [main/DEBUG] [net.minecraftforge.fml.loading.moddiscovery.ModFileInfo/LOADING]: Found valid mod file naturalist-forge-4.0.3-1.20.1.jar with {naturalist} mods - versions {4.0.3}
[05Jan2026 05:59:51.013] [main/DEBUG] [net.minecraftforge.fml.loading.moddiscovery.ModFile/LOADING]: Loading mod file /workspaces/thepapu/servidor_minecraft/mods/naturalist-forge-4.0.3-1.20.1.jar with languages [LanguageSpec[languageName=javafml, acceptedVersions=[41,)]]
[05Jan2026 05:59:51.013] [main/DEBUG] [net.minecraftforge.fml.loading.moddiscovery.ModFileParser/LOADING]: Considering mod file candidate /workspaces/thepapu/servidor_minecraft/mods/The_Graveyard_3.1_(FORGE)_for_1.20.1.jar
[05Jan2026 05:59:51.013] [main/DEBUG] [net.minecraftforge.fml.loading.moddiscovery.ModFileInfo/LOADING]: Found valid mod file The_Graveyard_3.1_(FORGE)_for_1.20.1.jar with {graveyard} mods - versions {3.1}
[05Jan2026 05:59:51.013] [main/DEBUG] [net.minecraftforge.fml.loading.moddiscovery.ModFile/LOADING]: Loading mod file /workspaces/thepapu/servidor_minecraft/mods/The_Graveyard_3.1_(FORGE)_for_1.20.1.jar with languages [LanguageSpec[languageName=javafml, acceptedVersions=[37,)]]
[05Jan2026 05:59:51.013] [main/DEBUG] [net.minecraftforge.fml.loading.moddiscovery.ModFileParser/LOADING]: Considering mod file candidate /workspaces/thepapu/servidor_minecraft/mods/VisualWorkbench-v8.0.0-1.20.1-Forge.jar
[05Jan2026 05:59:51.014] [main/DEBUG] [net.minecraftforge.fml.loading.moddiscovery.ModFileInfo/LOADING]: Found valid mod file VisualWorkbench-v8.0.0-1.20.1-Forge.jar with {visualworkbench} mods - versions {8.0.0}
[05Jan2026 05:59:51.014] [main/DEBUG] [net.minecraftforge.fml.loading.moddiscovery.ModFile/LOADING]: Loading mod file /workspaces/thepapu/servidor_minecraft/mods/VisualWorkbench-v8.0.0-1.20.1-Forge.jar with languages [LanguageSpec[languageName=javafml, acceptedVersions=[47,)]]
[05Jan2026 05:59:51.014] [main/DEBUG] [net.minecraftforge.fml.loading.moddiscovery.ModFileParser/LOADING]: Considering mod file candidate /workspaces/thepapu/servidor_minecraft/mods/valhelsia_furniture-forge-1.20.1-1.1.3.jar
[05Jan2026 05:59:51.015] [main/DEBUG] [net.minecraftforge.fml.loading.moddiscovery.ModFileInfo/LOADING]: Found valid mod file valhelsia_furniture-forge-1.20.1-1.1.3.jar with {valhelsia_furniture} mods - versions {1.1.3}
[05Jan2026 05:59:51.015] [main/DEBUG] [net.minecraftforge.fml.loading.moddiscovery.ModFile/LOADING]: Loading mod file /workspaces/thepapu/servidor_minecraft/mods/valhelsia_furniture-forge-1.20.1-1.1.3.jar with languages [LanguageSpec[languageName=javafml, acceptedVersions=[47,)]]
[05Jan2026 05:59:51.015] [main/DEBUG] [net.minecraftforge.fml.loading.moddiscovery.ModFileParser/LOADING]: Considering mod file candidate /workspaces/thepapu/servidor_minecraft/mods/realmrpg_fallen_adventurers_1.0.3_forge_1.20.1.jar
[05Jan2026 05:59:51.015] [main/DEBUG] [net.minecraftforge.fml.loading.moddiscovery.ModFileInfo/LOADING]: Found valid mod file realmrpg_fallen_adventurers_1.0.3_forge_1.20.1.jar with {realmrpg_skeletons} mods - versions {1.0.3}
[05Jan2026 05:59:51.015] [main/DEBUG] [net.minecraftforge.fml.loading.moddiscovery.ModFile/LOADING]: Loading mod file /workspaces/thepapu/servidor_minecraft/mods/realmrpg_fallen_adventurers_1.0.3_forge_1.20.1.jar with languages [LanguageSpec[languageName=javafml, acceptedVersions=[47,)]]
[05Jan2026 05:59:51.015] [main/DEBUG] [net.minecraftforge.fml.loading.moddiscovery.ModFileParser/LOADING]: Considering mod file candidate /workspaces/thepapu/servidor_minecraft/mods/EpicFight-20.7.4.jar
[05Jan2026 05:59:51.016] [main/DEBUG] [net.minecraftforge.fml.loading.moddiscovery.ModFileInfo/LOADING]: Found valid mod file EpicFight-20.7.4.jar with {epicfight} mods - versions {20.7.4}
[05Jan2026 05:59:51.016] [main/DEBUG] [net.minecraftforge.fml.loading.moddiscovery.ModFile/LOADING]: Loading mod file /workspaces/thepapu/servidor_minecraft/mods/EpicFight-20.7.4.jar with languages [LanguageSpec[languageName=javafml, acceptedVersions=[40,)]]
[05Jan2026 05:59:51.016] [main/DEBUG] [net.minecraftforge.fml.loading.moddiscovery.ModFileParser/LOADING]: Considering mod file candidate /workspaces/thepapu/servidor_minecraft/mods/Dungeon Now Loading-forge-1.20.1-2.0.jar
[05Jan2026 05:59:51.017] [main/DEBUG] [net.minecraftforge.fml.loading.moddiscovery.ModFileInfo/LOADING]: Found valid mod file Dungeon Now Loading-forge-1.20.1-2.0.jar with {dungeonnowloading} mods - versions {2.0}
[05Jan2026 05:59:51.017] [main/DEBUG] [net.minecraftforge.fml.loading.moddiscovery.ModFile/LOADING]: Loading mod file /workspaces/thepapu/servidor_minecraft/mods/Dungeon Now Loading-forge-1.20.1-2.0.jar with languages [LanguageSpec[languageName=javafml, acceptedVersions=[46,)]]
[05Jan2026 05:59:51.017] [main/DEBUG] [net.minecraftforge.fml.loading.moddiscovery.ModFileParser/LOADING]: Considering mod file candidate /workspaces/thepapu/servidor_minecraft/mods/journeymap-1.20.1-5.10.0-forge.jar
[05Jan2026 05:59:51.017] [main/DEBUG] [net.minecraftforge.fml.loading.moddiscovery.ModFileInfo/LOADING]: Found valid mod file journeymap-1.20.1-5.10.0-forge.jar with {journeymap} mods - versions {5.10.0}
[05Jan2026 05:59:51.017] [main/DEBUG] [net.minecraftforge.fml.loading.moddiscovery.ModFile/LOADING]: Loading mod file /workspaces/thepapu/servidor_minecraft/mods/journeymap-1.20.1-5.10.0-forge.jar with languages [LanguageSpec[languageName=javafml, acceptedVersions=[44,)]]
[05Jan2026 05:59:51.019] [main/DEBUG] [net.minecraftforge.fml.loading.moddiscovery.ModFileParser/LOADING]: Found coremod journeymap potion effect transformer with Javascript path potion-effects-shift.js
[05Jan2026 05:59:51.019] [main/DEBUG] [net.minecraftforge.fml.loading.moddiscovery.ModFile/LOADING]: Found coremod potion-effects-shift.js
[05Jan2026 05:59:51.019] [main/DEBUG] [net.minecraftforge.fml.loading.moddiscovery.ModFileParser/LOADING]: Considering mod file candidate /workspaces/thepapu/servidor_minecraft/mods/citadel-2.5.4-1.20.1.jar
[05Jan2026 05:59:51.020] [main/DEBUG] [net.minecraftforge.fml.loading.moddiscovery.ModFileInfo/LOADING]: Found valid mod file citadel-2.5.4-1.20.1.jar with {citadel} mods - versions {2.5.4}
[05Jan2026 05:59:51.020] [main/DEBUG] [net.minecraftforge.fml.loading.moddiscovery.ModFile/LOADING]: Loading mod file /workspaces/thepapu/servidor_minecraft/mods/citadel-2.5.4-1.20.1.jar with languages [LanguageSpec[languageName=javafml, acceptedVersions=[47,)]]
[05Jan2026 05:59:51.020] [main/DEBUG] [net.minecraftforge.fml.loading.moddiscovery.ModFileParser/LOADING]: Considering mod file candidate /workspaces/thepapu/servidor_minecraft/mods/integrated_api-1.5.1+1.20.1-forge.jar
[05Jan2026 05:59:51.020] [main/DEBUG] [net.minecraftforge.fml.loading.moddiscovery.ModFileInfo/LOADING]: Found valid mod file integrated_api-1.5.1+1.20.1-forge.jar with {integrated_api} mods - versions {1.5.1+1.20.1-forge}
[05Jan2026 05:59:51.020] [main/DEBUG] [net.minecraftforge.fml.loading.moddiscovery.ModFile/LOADING]: Loading mod file /workspaces/thepapu/servidor_minecraft/mods/integrated_api-1.5.1+1.20.1-forge.jar with languages [LanguageSpec[languageName=javafml, acceptedVersions=[38,)]]
[05Jan2026 05:59:51.021] [main/DEBUG] [net.minecraftforge.fml.loading.moddiscovery.ModFileParser/LOADING]: Considering mod file candidate /workspaces/thepapu/servidor_minecraft/mods/travelersbackpack-forge-1.20.1-9.1.14.jar
[05Jan2026 05:59:51.021] [main/DEBUG] [net.minecraftforge.fml.loading.moddiscovery.ModFileInfo/LOADING]: Found valid mod file travelersbackpack-forge-1.20.1-9.1.14.jar with {travelersbackpack} mods - versions {9.1.14}
[05Jan2026 05:59:51.021] [main/DEBUG] [net.minecraftforge.fml.loading.moddiscovery.ModFile/LOADING]: Loading mod file /workspaces/thepapu/servidor_minecraft/mods/travelersbackpack-forge-1.20.1-9.1.14.jar with languages [LanguageSpec[languageName=javafml, acceptedVersions=[46,)]]
[05Jan2026 05:59:51.021] [main/DEBUG] [net.minecraftforge.fml.loading.moddiscovery.ModFileParser/LOADING]: Considering mod file candidate /workspaces/thepapu/servidor_minecraft/mods/mirabilis-1.1.1-1.20.1.jar
[05Jan2026 05:59:51.022] [main/DEBUG] [net.minecraftforge.fml.loading.moddiscovery.ModFileInfo/LOADING]: Found valid mod file mirabilis-1.1.1-1.20.1.jar with {mirabilis} mods - versions {1.1.1}
[05Jan2026 05:59:51.022] [main/DEBUG] [net.minecraftforge.fml.loading.moddiscovery.ModFile/LOADING]: Loading mod file /workspaces/thepapu/servidor_minecraft/mods/mirabilis-1.1.1-1.20.1.jar with languages [LanguageSpec[languageName=javafml, acceptedVersions=[47,)]]
[05Jan2026 05:59:51.022] [main/DEBUG] [net.minecraftforge.fml.loading.moddiscovery.ModFileParser/LOADING]: Considering mod file candidate /workspaces/thepapu/servidor_minecraft/mods/GrimoireOfGaia4-1.20.1-4.0.0-alpha.10.jar
[05Jan2026 05:59:51.022] [main/DEBUG] [net.minecraftforge.fml.loading.moddiscovery.ModFileInfo/LOADING]: Found valid mod file GrimoireOfGaia4-1.20.1-4.0.0-alpha.10.jar with {grimoireofgaia} mods - versions {4.0.0-alpha.10}
[05Jan2026 05:59:51.022] [main/DEBUG] [net.minecraftforge.fml.loading.moddiscovery.ModFile/LOADING]: Loading mod file /workspaces/thepapu/servidor_minecraft/mods/GrimoireOfGaia4-1.20.1-4.0.0-alpha.10.jar with languages [LanguageSpec[languageName=javafml, acceptedVersions=[47,)]]
[05Jan2026 05:59:51.023] [main/DEBUG] [net.minecraftforge.fml.loading.moddiscovery.ModFileParser/LOADING]: Considering mod file candidate /workspaces/thepapu/servidor_minecraft/mods/HopoBetterUnderwaterRuins-[1.20.2-1.20.4]-1.1.5.jar
[05Jan2026 05:59:51.023] [main/DEBUG] [net.minecraftforge.fml.loading.moddiscovery.ModFileInfo/LOADING]: Found valid mod file HopoBetterUnderwaterRuins-[1.20.2-1.20.4]-1.1.5.jar with {hopour} mods - versions {1.1.4}
[05Jan2026 05:59:51.023] [main/DEBUG] [net.minecraftforge.fml.loading.moddiscovery.ModFile/LOADING]: Loading mod file /workspaces/thepapu/servidor_minecraft/mods/HopoBetterUnderwaterRuins-[1.20.2-1.20.4]-1.1.5.jar with languages [LanguageSpec[languageName=javafml, acceptedVersions=[38,)]]
[05Jan2026 05:59:51.023] [main/DEBUG] [net.minecraftforge.fml.loading.moddiscovery.ModFileParser/LOADING]: Considering mod file candidate /workspaces/thepapu/servidor_minecraft/mods/fossil-forge-1.20.1-9.2.1.3.jar
[05Jan2026 05:59:51.024] [main/DEBUG] [net.minecraftforge.fml.loading.moddiscovery.ModFileInfo/LOADING]: Found valid mod file fossil-forge-1.20.1-9.2.1.3.jar with {fossil} mods - versions {9.2.1.3}
[05Jan2026 05:59:51.024] [main/DEBUG] [net.minecraftforge.fml.loading.moddiscovery.ModFile/LOADING]: Loading mod file /workspaces/thepapu/servidor_minecraft/mods/fossil-forge-1.20.1-9.2.1.3.jar with languages [LanguageSpec[languageName=javafml, acceptedVersions=[47,)]]
[05Jan2026 05:59:51.024] [main/DEBUG] [net.minecraftforge.fml.loading.moddiscovery.ModFileParser/LOADING]: Considering mod file candidate /workspaces/thepapu/servidor_minecraft/mods/iceandfire-2.1.13-1.20.1-beta-4.jar
[05Jan2026 05:59:51.024] [main/DEBUG] [net.minecraftforge.fml.loading.moddiscovery.ModFileInfo/LOADING]: Found valid mod file iceandfire-2.1.13-1.20.1-beta-4.jar with {iceandfire} mods - versions {2.1.13-1.20.1-beta-4}
[05Jan2026 05:59:51.024] [main/DEBUG] [net.minecraftforge.fml.loading.moddiscovery.ModFile/LOADING]: Loading mod file /workspaces/thepapu/servidor_minecraft/mods/iceandfire-2.1.13-1.20.1-beta-4.jar with languages [LanguageSpec[languageName=javafml, acceptedVersions=[37.0,)]]
[05Jan2026 05:59:51.025] [main/DEBUG] [net.minecraftforge.fml.loading.moddiscovery.ModFileParser/LOADING]: Considering mod file candidate /workspaces/thepapu/servidor_minecraft/mods/morehitboxes-forge-1.20.1-1.9.2.jar
[05Jan2026 05:59:51.025] [main/DEBUG] [net.minecraftforge.fml.loading.moddiscovery.ModFileInfo/LOADING]: Found valid mod file morehitboxes-forge-1.20.1-1.9.2.jar with {morehitboxes} mods - versions {1.9.2}
[05Jan2026 05:59:51.025] [main/DEBUG] [net.minecraftforge.fml.loading.moddiscovery.ModFile/LOADING]: Loading mod file /workspaces/thepapu/servidor_minecraft/mods/morehitboxes-forge-1.20.1-1.9.2.jar with languages [LanguageSpec[languageName=javafml, acceptedVersions=[47,)]]
[05Jan2026 05:59:51.025] [main/DEBUG] [net.minecraftforge.fml.loading.moddiscovery.ModFileParser/LOADING]: Considering mod file candidate /workspaces/thepapu/servidor_minecraft/mods/Orcz_0.87_1.20.1.jar
[05Jan2026 05:59:51.026] [main/DEBUG] [net.minecraftforge.fml.loading.moddiscovery.ModFileInfo/LOADING]: Found valid mod file Orcz_0.87_1.20.1.jar with {orcz} mods - versions {0.82}
[05Jan2026 05:59:51.026] [main/DEBUG] [net.minecraftforge.fml.loading.moddiscovery.ModFile/LOADING]: Loading mod file /workspaces/thepapu/servidor_minecraft/mods/Orcz_0.87_1.20.1.jar with languages [LanguageSpec[languageName=javafml, acceptedVersions=[47,)]]
[05Jan2026 05:59:51.026] [main/DEBUG] [net.minecraftforge.fml.loading.moddiscovery.ModFileParser/LOADING]: Considering mod file candidate /workspaces/thepapu/servidor_minecraft/mods/BOMD-Forge-1.20.1-1.1.1.jar
[05Jan2026 05:59:51.026] [main/DEBUG] [net.minecraftforge.fml.loading.moddiscovery.ModFileInfo/LOADING]: Found valid mod file BOMD-Forge-1.20.1-1.1.1.jar with {bosses_of_mass_destruction} mods - versions {1.1.1}
[05Jan2026 05:59:51.026] [main/DEBUG] [net.minecraftforge.fml.loading.moddiscovery.ModFile/LOADING]: Loading mod file /workspaces/thepapu/servidor_minecraft/mods/BOMD-Forge-1.20.1-1.1.1.jar with languages [LanguageSpec[languageName=javafml, acceptedVersions=[47,)]]
[05Jan2026 05:59:51.027] [main/DEBUG] [net.minecraftforge.fml.loading.moddiscovery.ModFileParser/LOADING]: Considering mod file candidate /workspaces/thepapu/servidor_minecraft/mods/morevanillashields-1.1.0-1.20.1.jar
[05Jan2026 05:59:51.027] [main/DEBUG] [net.minecraftforge.fml.loading.moddiscovery.ModFileInfo/LOADING]: Found valid mod file morevanillashields-1.1.0-1.20.1.jar with {morevanillashields} mods - versions {1.1.0-1.20.1}
[05Jan2026 05:59:51.027] [main/DEBUG] [net.minecraftforge.fml.loading.moddiscovery.ModFile/LOADING]: Loading mod file /workspaces/thepapu/servidor_minecraft/mods/morevanillashields-1.1.0-1.20.1.jar with languages [LanguageSpec[languageName=javafml, acceptedVersions=[47,)]]
[05Jan2026 05:59:51.027] [main/DEBUG] [net.minecraftforge.fml.loading.moddiscovery.ModFileParser/LOADING]: Considering mod file candidate /workspaces/thepapu/servidor_minecraft/mods/swampier_swamps-1.20-4.0.0.jar
[05Jan2026 05:59:51.028] [main/DEBUG] [net.minecraftforge.fml.loading.moddiscovery.ModFileInfo/LOADING]: Found valid mod file swampier_swamps-1.20-4.0.0.jar with {swampier_swamps} mods - versions {1.20-4.0.0}
[05Jan2026 05:59:51.028] [main/DEBUG] [net.minecraftforge.fml.loading.moddiscovery.ModFile/LOADING]: Loading mod file /workspaces/thepapu/servidor_minecraft/mods/swampier_swamps-1.20-4.0.0.jar with languages [LanguageSpec[languageName=javafml, acceptedVersions=[46,)]]
[05Jan2026 05:59:51.028] [main/DEBUG] [net.minecraftforge.fml.loading.moddiscovery.ModFileParser/LOADING]: Considering mod file candidate 
[05Jan2026 05:59:51.028] [main/DEBUG] [net.minecraftforge.fml.loading.moddiscovery.ModFileInfo/LOADING]: Found valid mod file puzzlesaccessapi-forge-8.0.7.jar with {puzzlesaccessapi} mods - versions {8.0.7}
[05Jan2026 05:59:51.028] [main/DEBUG] [net.minecraftforge.fml.loading.moddiscovery.ModFile/LOADING]: Loading mod file  with languages [LanguageSpec[languageName=javafml, acceptedVersions=[47,)]]
[05Jan2026 05:59:51.029] [main/DEBUG] [net.minecraftforge.fml.loading.moddiscovery.ModFileParser/LOADING]: Considering mod file candidate /workspaces/thepapu/servidor_minecraft/mods/cloth-config-11.1.118-forge.jar
[05Jan2026 05:59:51.029] [main/DEBUG] [net.minecraftforge.fml.loading.moddiscovery.ModFileInfo/LOADING]: Found valid mod file cloth-config-11.1.118-forge.jar with {cloth_config} mods - versions {11.1.118}
[05Jan2026 05:59:51.029] [main/DEBUG] [net.minecraftforge.fml.loading.moddiscovery.ModFile/LOADING]: Loading mod file /workspaces/thepapu/servidor_minecraft/mods/cloth-config-11.1.118-forge.jar with languages [LanguageSpec[languageName=javafml, acceptedVersions=[34,)]]
[05Jan2026 05:59:51.029] [main/DEBUG] [net.minecraftforge.fml.loading.moddiscovery.ModFileParser/LOADING]: Considering mod file candidate /workspaces/thepapu/servidor_minecraft/libraries/net/minecraftforge/forge/1.20.1-47.3.7/forge-1.20.1-47.3.7-universal.jar
[05Jan2026 05:59:51.030] [main/DEBUG] [net.minecraftforge.fml.loading.moddiscovery.ModFileInfo/LOADING]: Found valid mod file forge-1.20.1-47.3.7-universal.jar with {forge} mods - versions {47.3.7}
[05Jan2026 05:59:51.030] [main/DEBUG] [net.minecraftforge.fml.loading.moddiscovery.ModFile/LOADING]: Loading mod file /workspaces/thepapu/servidor_minecraft/libraries/net/minecraftforge/forge/1.20.1-47.3.7/forge-1.20.1-47.3.7-universal.jar with languages [LanguageSpec[languageName=javafml, acceptedVersions=[24,]]]
[05Jan2026 05:59:51.030] [main/DEBUG] [net.minecraftforge.fml.loading.moddiscovery.ModFileParser/LOADING]: Found coremod field_to_method with Javascript path coremods/field_to_method.js
[05Jan2026 05:59:51.030] [main/DEBUG] [net.minecraftforge.fml.loading.moddiscovery.ModFileParser/LOADING]: Found coremod field_to_instanceof with Javascript path coremods/field_to_instanceof.js
[05Jan2026 05:59:51.030] [main/DEBUG] [net.minecraftforge.fml.loading.moddiscovery.ModFileParser/LOADING]: Found coremod add_bouncer_method with Javascript path coremods/add_bouncer_method.js
[05Jan2026 05:59:51.030] [main/DEBUG] [net.minecraftforge.fml.loading.moddiscovery.ModFileParser/LOADING]: Found coremod method_redirector with Javascript path coremods/method_redirector.js
[05Jan2026 05:59:51.030] [main/DEBUG] [net.minecraftforge.fml.loading.moddiscovery.ModFile/LOADING]: Found coremod coremods/field_to_method.js
[05Jan2026 05:59:51.030] [main/DEBUG] [net.minecraftforge.fml.loading.moddiscovery.ModFile/LOADING]: Found coremod coremods/field_to_instanceof.js
[05Jan2026 05:59:51.030] [main/DEBUG] [net.minecraftforge.fml.loading.moddiscovery.ModFile/LOADING]: Found coremod coremods/add_bouncer_method.js
[05Jan2026 05:59:51.031] [main/DEBUG] [net.minecraftforge.fml.loading.moddiscovery.ModFile/LOADING]: Found coremod coremods/method_redirector.js
[05Jan2026 05:59:51.031] [main/DEBUG] [net.minecraftforge.fml.loading.moddiscovery.ModFileParser/LOADING]: Considering mod file candidate /workspaces/thepapu/servidor_minecraft/mods/iter_rpg-0.7.0b-forge-1.20.1.jar
[05Jan2026 05:59:51.031] [main/DEBUG] [net.minecraftforge.fml.loading.moddiscovery.ModFileInfo/LOADING]: Found valid mod file iter_rpg-0.7.0b-forge-1.20.1.jar with {iter_rpg} mods - versions {0.7.0}
[05Jan2026 05:59:51.031] [main/DEBUG] [net.minecraftforge.fml.loading.moddiscovery.ModFile/LOADING]: Loading mod file /workspaces/thepapu/servidor_minecraft/mods/iter_rpg-0.7.0b-forge-1.20.1.jar with languages [LanguageSpec[languageName=javafml, acceptedVersions=[47,)]]
[05Jan2026 05:59:51.031] [main/DEBUG] [net.minecraftforge.fml.loading.moddiscovery.ModFileParser/LOADING]: Considering mod file candidate /workspaces/thepapu/servidor_minecraft/mods/illagersweararmor-1.20.1-1.3.4.jar
[05Jan2026 05:59:51.032] [main/DEBUG] [net.minecraftforge.fml.loading.moddiscovery.ModFileInfo/LOADING]: Found valid mod file illagersweararmor-1.20.1-1.3.4.jar with {zillagersweararmor} mods - versions {1.20.1-1.3.4}
[05Jan2026 05:59:51.032] [main/DEBUG] [net.minecraftforge.fml.loading.moddiscovery.ModFile/LOADING]: Loading mod file /workspaces/thepapu/servidor_minecraft/mods/illagersweararmor-1.20.1-1.3.4.jar with languages [LanguageSpec[languageName=javafml, acceptedVersions=[40,)]]
[05Jan2026 05:59:51.032] [main/DEBUG] [net.minecraftforge.fml.loading.moddiscovery.ModFileInfo/LOADING]: Found valid mod file server-1.20.1-20230612.114412-srg.jar with {minecraft} mods - versions {1.20.1}
[05Jan2026 05:59:51.032] [main/DEBUG] [net.minecraftforge.fml.loading.moddiscovery.ModFile/LOADING]: Loading mod file /workspaces/thepapu/servidor_minecraft/libraries/net/minecraft/server/1.20.1-20230612.114412/server-1.20.1-20230612.114412-srg.jar with languages [LanguageSpec[languageName=minecraft, acceptedVersions=1]]
[05Jan2026 05:59:51.033] [main/DEBUG] [net.minecraftforge.fml.loading.moddiscovery.ModFileParser/LOADING]: Considering mod file candidate /workspaces/thepapu/servidor_minecraft/mods/morevillagers-forge-1.20.1-5.0.0.jar
[05Jan2026 05:59:51.033] [main/DEBUG] [net.minecraftforge.fml.loading.moddiscovery.ModFileInfo/LOADING]: Found valid mod file morevillagers-forge-1.20.1-5.0.0.jar with {morevillagers} mods - versions {5.0.0}
[05Jan2026 05:59:51.033] [main/DEBUG] [net.minecraftforge.fml.loading.moddiscovery.ModFile/LOADING]: Loading mod file /workspaces/thepapu/servidor_minecraft/mods/morevillagers-forge-1.20.1-5.0.0.jar with languages [LanguageSpec[languageName=javafml, acceptedVersions=[41,)]]
[05Jan2026 05:59:51.033] [main/DEBUG] [net.minecraftforge.fml.loading.moddiscovery.ModFileParser/LOADING]: Considering mod file candidate /workspaces/thepapu/servidor_minecraft/mods/AmbientSounds_FORGE_v6.0.3_mc1.20.1.jar
[05Jan2026 05:59:51.033] [main/DEBUG] [net.minecraftforge.fml.loading.moddiscovery.ModFileInfo/LOADING]: Found valid mod file AmbientSounds_FORGE_v6.0.3_mc1.20.1.jar with {ambientsounds} mods - versions {6.0.3}
[05Jan2026 05:59:51.034] [main/DEBUG] [net.minecraftforge.fml.loading.moddiscovery.ModFile/LOADING]: Loading mod file /workspaces/thepapu/servidor_minecraft/mods/AmbientSounds_FORGE_v6.0.3_mc1.20.1.jar with languages [LanguageSpec[languageName=javafml, acceptedVersions=[46,)]]
[05Jan2026 05:59:51.034] [main/DEBUG] [net.minecraftforge.fml.loading.moddiscovery.ModFileParser/LOADING]: Considering mod file candidate /workspaces/thepapu/servidor_minecraft/mods/TerraBlender-forge-1.20.1-3.0.1.7.jar
[05Jan2026 05:59:51.034] [main/DEBUG] [net.minecraftforge.fml.loading.moddiscovery.ModFileInfo/LOADING]: Found valid mod file TerraBlender-forge-1.20.1-3.0.1.7.jar with {terrablender} mods - versions {3.0.1.7}
[05Jan2026 05:59:51.034] [main/DEBUG] [net.minecraftforge.fml.loading.moddiscovery.ModFile/LOADING]: Loading mod file /workspaces/thepapu/servidor_minecraft/mods/TerraBlender-forge-1.20.1-3.0.1.7.jar with languages [LanguageSpec[languageName=javafml, acceptedVersions=[47,)]]
[05Jan2026 05:59:51.034] [main/DEBUG] [net.minecraftforge.fml.loading.moddiscovery.ModFileParser/LOADING]: Considering mod file candidate /workspaces/thepapu/servidor_minecraft/mods/BloodAndMadness-Forge1.20.1-v2.1.5.2.jar
[05Jan2026 05:59:51.035] [main/DEBUG] [net.minecraftforge.fml.loading.moddiscovery.ModFileInfo/LOADING]: Found valid mod file BloodAndMadness-Forge1.20.1-v2.1.5.2.jar with {bloodandmadness} mods - versions {2.0}
[05Jan2026 05:59:51.035] [main/DEBUG] [net.minecraftforge.fml.loading.moddiscovery.ModFile/LOADING]: Loading mod file /workspaces/thepapu/servidor_minecraft/mods/BloodAndMadness-Forge1.20.1-v2.1.5.2.jar with languages [LanguageSpec[languageName=javafml, acceptedVersions=[47,)]]
[05Jan2026 05:59:51.035] [main/DEBUG] [net.minecraftforge.fml.loading.moddiscovery.ModFileParser/LOADING]: Considering mod file candidate /workspaces/thepapu/servidor_minecraft/mods/netherdungeons-1.1.0-snapshot3a.jar
[05Jan2026 05:59:51.035] [main/DEBUG] [net.minecraftforge.fml.loading.moddiscovery.ModFileInfo/LOADING]: Found valid mod file netherdungeons-1.1.0-snapshot3a.jar with {netherdungeons} mods - versions {1.1.0-snapshot3a}
[05Jan2026 05:59:51.035] [main/DEBUG] [net.minecraftforge.fml.loading.moddiscovery.ModFile/LOADING]: Loading mod file /workspaces/thepapu/servidor_minecraft/mods/netherdungeons-1.1.0-snapshot3a.jar with languages [LanguageSpec[languageName=javafml, acceptedVersions=[47,)]]
[05Jan2026 05:59:51.036] [main/DEBUG] [net.minecraftforge.fml.loading.moddiscovery.ModFileParser/LOADING]: Considering mod file candidate /workspaces/thepapu/servidor_minecraft/mods/BiomesOPlenty-1.20.1-18.0.0.592.jar
[05Jan2026 05:59:51.036] [main/DEBUG] [net.minecraftforge.fml.loading.moddiscovery.ModFileInfo/LOADING]: Found valid mod file BiomesOPlenty-1.20.1-18.0.0.592.jar with {biomesoplenty} mods - versions {18.0.0.592}
[05Jan2026 05:59:51.036] [main/DEBUG] [net.minecraftforge.fml.loading.moddiscovery.ModFile/LOADING]: Loading mod file /workspaces/thepapu/servidor_minecraft/mods/BiomesOPlenty-1.20.1-18.0.0.592.jar with languages [LanguageSpec[languageName=javafml, acceptedVersions=[45,)]]
[05Jan2026 05:59:51.036] [main/DEBUG] [net.minecraftforge.fml.loading.moddiscovery.ModFileParser/LOADING]: Considering mod file candidate /workspaces/thepapu/servidor_minecraft/mods/TaxCastlePillager+M.1.20.1+ForM.1.0.1.jar
[05Jan2026 05:59:51.037] [main/DEBUG] [net.minecraftforge.fml.loading.moddiscovery.ModFileInfo/LOADING]: Found valid mod file TaxCastlePillager+M.1.20.1+ForM.1.0.1.jar with {taxcp} mods - versions {1.0.1}
[05Jan2026 05:59:51.037] [main/DEBUG] [net.minecraftforge.fml.loading.moddiscovery.ModFile/LOADING]: Loading mod file /workspaces/thepapu/servidor_minecraft/mods/TaxCastlePillager+M.1.20.1+ForM.1.0.1.jar with languages [LanguageSpec[languageName=javafml, acceptedVersions=[47,)]]
[05Jan2026 05:59:51.037] [main/DEBUG] [net.minecraftforge.fml.loading.moddiscovery.ModFileParser/LOADING]: Considering mod file candidate /workspaces/thepapu/servidor_minecraft/mods/endrem_forge-5.2.3-R-1.20.X.jar
[05Jan2026 05:59:51.037] [main/DEBUG] [net.minecraftforge.fml.loading.moddiscovery.ModFileInfo/LOADING]: Found valid mod file endrem_forge-5.2.3-R-1.20.X.jar with {endrem} mods - versions {5.2.3-R-1.20.1}
[05Jan2026 05:59:51.038] [main/DEBUG] [net.minecraftforge.fml.loading.moddiscovery.ModFile/LOADING]: Loading mod file /workspaces/thepapu/servidor_minecraft/mods/endrem_forge-5.2.3-R-1.20.X.jar with languages [LanguageSpec[languageName=javafml, acceptedVersions=[46,)]]
[05Jan2026 05:59:51.038] [main/DEBUG] [net.minecraftforge.fml.loading.moddiscovery.ModFileParser/LOADING]: Considering mod file candidate /workspaces/thepapu/servidor_minecraft/mods/justenoughbreeding-forge-1.20.x-1.2.1.jar
[05Jan2026 05:59:51.038] [main/DEBUG] [net.minecraftforge.fml.loading.moddiscovery.ModFileInfo/LOADING]: Found valid mod file justenoughbreeding-forge-1.20.x-1.2.1.jar with {justenoughbreeding} mods - versions {1.2.1}
[05Jan2026 05:59:51.038] [main/DEBUG] [net.minecraftforge.fml.loading.moddiscovery.ModFile/LOADING]: Loading mod file /workspaces/thepapu/servidor_minecraft/mods/justenoughbreeding-forge-1.20.x-1.2.1.jar with languages [LanguageSpec[languageName=javafml, acceptedVersions=[46,)]]
[05Jan2026 05:59:51.038] [main/DEBUG] [net.minecraftforge.fml.loading.moddiscovery.ModFileParser/LOADING]: Considering mod file candidate /workspaces/thepapu/servidor_minecraft/mods/CreativeCore_FORGE_v2.11.31_mc1.20.1.jar
[05Jan2026 05:59:51.039] [main/DEBUG] [net.minecraftforge.fml.loading.moddiscovery.ModFileInfo/LOADING]: Found valid mod file CreativeCore_FORGE_v2.11.31_mc1.20.1.jar with {creativecore} mods - versions {2.11.31}
[05Jan2026 05:59:51.039] [main/DEBUG] [net.minecraftforge.fml.loading.moddiscovery.ModFile/LOADING]: Loading mod file /workspaces/thepapu/servidor_minecraft/mods/CreativeCore_FORGE_v2.11.31_mc1.20.1.jar with languages [LanguageSpec[languageName=javafml, acceptedVersions=[46,)]]
[05Jan2026 05:59:51.039] [main/DEBUG] [net.minecraftforge.fml.loading.moddiscovery.ModFileParser/LOADING]: Considering mod file candidate /workspaces/thepapu/servidor_minecraft/mods/HopoBetterRuinedPortals-[1.20-1.20.2]-1.3.7.jar
[05Jan2026 05:59:51.039] [main/DEBUG] [net.minecraftforge.fml.loading.moddiscovery.ModFileInfo/LOADING]: Found valid mod file HopoBetterRuinedPortals-[1.20-1.20.2]-1.3.7.jar with {hoporp} mods - versions {1.3.7}
[05Jan2026 05:59:51.040] [main/DEBUG] [net.minecraftforge.fml.loading.moddiscovery.ModFile/LOADING]: Loading mod file /workspaces/thepapu/servidor_minecraft/mods/HopoBetterRuinedPortals-[1.20-1.20.2]-1.3.7.jar with languages [LanguageSpec[languageName=javafml, acceptedVersions=[38,)]]
[05Jan2026 05:59:51.040] [main/DEBUG] [net.minecraftforge.fml.loading.moddiscovery.ModFileParser/LOADING]: Considering mod file candidate /workspaces/thepapu/servidor_minecraft/mods/forbidden_arcanus-1.20.1-2.2.6.jar
[05Jan2026 05:59:51.040] [main/DEBUG] [net.minecraftforge.fml.loading.moddiscovery.ModFileInfo/LOADING]: Found valid mod file forbidden_arcanus-1.20.1-2.2.6.jar with {forbidden_arcanus} mods - versions {1.20.1-2.2.6}
[05Jan2026 05:59:51.040] [main/DEBUG] [net.minecraftforge.fml.loading.moddiscovery.ModFile/LOADING]: Loading mod file /workspaces/thepapu/servidor_minecraft/mods/forbidden_arcanus-1.20.1-2.2.6.jar with languages [LanguageSpec[languageName=javafml, acceptedVersions=[43,)]]
[05Jan2026 05:59:51.040] [main/DEBUG] [net.minecraftforge.fml.loading.moddiscovery.ModFileParser/LOADING]: Considering mod file candidate /workspaces/thepapu/servidor_minecraft/mods/born_in_chaos_[Forge]1.20.1_1.7.2.jar
[05Jan2026 05:59:51.041] [main/DEBUG] [net.minecraftforge.fml.loading.moddiscovery.ModFileInfo/LOADING]: Found valid mod file born_in_chaos_[Forge]1.20.1_1.7.2.jar with {born_in_chaos_v1} mods - versions {1.7.2}
[05Jan2026 05:59:51.041] [main/DEBUG] [net.minecraftforge.fml.loading.moddiscovery.ModFile/LOADING]: Loading mod file /workspaces/thepapu/servidor_minecraft/mods/born_in_chaos_[Forge]1.20.1_1.7.2.jar with languages [LanguageSpec[languageName=javafml, acceptedVersions=[47,)]]
[05Jan2026 05:59:51.041] [main/DEBUG] [net.minecraftforge.fml.loading.moddiscovery.ModFileParser/LOADING]: Considering mod file candidate /workspaces/thepapu/servidor_minecraft/mods/lionfishapi-1.9.jar
[05Jan2026 05:59:51.042] [main/DEBUG] [net.minecraftforge.fml.loading.moddiscovery.ModFileInfo/LOADING]: Found valid mod file lionfishapi-1.9.jar with {lionfishapi} mods - versions {1.9}
[05Jan2026 05:59:51.042] [main/DEBUG] [net.minecraftforge.fml.loading.moddiscovery.ModFile/LOADING]: Loading mod file /workspaces/thepapu/servidor_minecraft/mods/lionfishapi-1.9.jar with languages [LanguageSpec[languageName=javafml, acceptedVersions=[47,)]]
[05Jan2026 05:59:51.042] [main/DEBUG] [net.minecraftforge.fml.loading.moddiscovery.ModFileParser/LOADING]: Considering mod file candidate /workspaces/thepapu/servidor_minecraft/mods/Philips-Ruins1.20.1-4.2.jar
[05Jan2026 05:59:51.042] [main/DEBUG] [net.minecraftforge.fml.loading.moddiscovery.ModFileInfo/LOADING]: Found valid mod file Philips-Ruins1.20.1-4.2.jar with {philipsruins} mods - versions {4.1}
[05Jan2026 05:59:51.042] [main/DEBUG] [net.minecraftforge.fml.loading.moddiscovery.ModFile/LOADING]: Loading mod file /workspaces/thepapu/servidor_minecraft/mods/Philips-Ruins1.20.1-4.2.jar with languages [LanguageSpec[languageName=javafml, acceptedVersions=[47,)]]
[05Jan2026 05:59:51.042] [main/DEBUG] [net.minecraftforge.fml.loading.moddiscovery.ModFileParser/LOADING]: Considering mod file candidate /workspaces/thepapu/servidor_minecraft/mods/curios-forge-5.9.1+1.20.1.jar
[05Jan2026 05:59:51.043] [main/DEBUG] [net.minecraftforge.fml.loading.moddiscovery.ModFileInfo/LOADING]: Found valid mod file curios-forge-5.9.1+1.20.1.jar with {curios} mods - versions {5.9.1+1.20.1}
[05Jan2026 05:59:51.043] [main/DEBUG] [net.minecraftforge.fml.loading.moddiscovery.ModFile/LOADING]: Loading mod file /workspaces/thepapu/servidor_minecraft/mods/curios-forge-5.9.1+1.20.1.jar with languages [LanguageSpec[languageName=javafml, acceptedVersions=[41,)]]
[05Jan2026 05:59:51.043] [main/DEBUG] [net.minecraftforge.fml.loading.moddiscovery.ModFileParser/LOADING]: Considering mod file candidate /workspaces/thepapu/servidor_minecraft/mods/L_Enders_Cataclysm-1.99.6-1.20.1.jar
[05Jan2026 05:59:51.044] [main/DEBUG] [net.minecraftforge.fml.loading.moddiscovery.ModFileInfo/LOADING]: Found valid mod file L_Enders_Cataclysm-1.99.6-1.20.1.jar with {cataclysm} mods - versions {1.99.5}
[05Jan2026 05:59:51.044] [main/DEBUG] [net.minecraftforge.fml.loading.moddiscovery.ModFile/LOADING]: Loading mod file /workspaces/thepapu/servidor_minecraft/mods/L_Enders_Cataclysm-1.99.6-1.20.1.jar with languages [LanguageSpec[languageName=javafml, acceptedVersions=[36,)]]
[05Jan2026 05:59:51.044] [main/DEBUG] [net.minecraftforge.fml.loading.moddiscovery.ModFileParser/LOADING]: Considering mod file candidate /workspaces/thepapu/servidor_minecraft/mods/brutalbosses-1.20.1-7.0.jar
[05Jan2026 05:59:51.045] [main/DEBUG] [net.minecraftforge.fml.loading.moddiscovery.ModFileInfo/LOADING]: Found valid mod file brutalbosses-1.20.1-7.0.jar with {brutalbosses} mods - versions {1.20.1-7.0}
[05Jan2026 05:59:51.045] [main/DEBUG] [net.minecraftforge.fml.loading.moddiscovery.ModFile/LOADING]: Loading mod file /workspaces/thepapu/servidor_minecraft/mods/brutalbosses-1.20.1-7.0.jar with languages [LanguageSpec[languageName=javafml, acceptedVersions=[36,)]]
[05Jan2026 05:59:51.045] [main/DEBUG] [net.minecraftforge.fml.loading.moddiscovery.ModFileParser/LOADING]: Considering mod file candidate /workspaces/thepapu/servidor_minecraft/mods/SpartanShields-1.20.1-forge-3.1.1.jar
[05Jan2026 05:59:51.045] [main/DEBUG] [net.minecraftforge.fml.loading.moddiscovery.ModFileInfo/LOADING]: Found valid mod file SpartanShields-1.20.1-forge-3.1.1.jar with {spartanshields} mods - versions {3.1.1}
[05Jan2026 05:59:51.046] [main/DEBUG] [net.minecraftforge.fml.loading.moddiscovery.ModFile/LOADING]: Loading mod file /workspaces/thepapu/servidor_minecraft/mods/SpartanShields-1.20.1-forge-3.1.1.jar with languages [LanguageSpec[languageName=javafml, acceptedVersions=[47,)]]
[05Jan2026 05:59:51.046] [main/DEBUG] [net.minecraftforge.fml.loading.moddiscovery.ModFileParser/LOADING]: Considering mod file candidate /workspaces/thepapu/servidor_minecraft/mods/gravestone-forge-1.20.1-1.0.16.jar
[05Jan2026 05:59:51.046] [main/DEBUG] [net.minecraftforge.fml.loading.moddiscovery.ModFileInfo/LOADING]: Found valid mod file gravestone-forge-1.20.1-1.0.16.jar with {gravestone} mods - versions {1.20.1-1.0.16}
[05Jan2026 05:59:51.046] [main/DEBUG] [net.minecraftforge.fml.loading.moddiscovery.ModFile/LOADING]: Loading mod file /workspaces/thepapu/servidor_minecraft/mods/gravestone-forge-1.20.1-1.0.16.jar with languages [LanguageSpec[languageName=javafml, acceptedVersions=*]]
[05Jan2026 05:59:51.046] [main/DEBUG] [net.minecraftforge.fml.loading.moddiscovery.ModFileParser/LOADING]: Considering mod file candidate /workspaces/thepapu/servidor_minecraft/mods/CerbonsApi-Forge-1.20.1-1.0.0.jar
[05Jan2026 05:59:51.047] [main/DEBUG] [net.minecraftforge.fml.loading.moddiscovery.ModFileInfo/LOADING]: Found valid mod file CerbonsApi-Forge-1.20.1-1.0.0.jar with {cerbons_api} mods - versions {1.0.0}
[05Jan2026 05:59:51.047] [main/DEBUG] [net.minecraftforge.fml.loading.moddiscovery.ModFile/LOADING]: Loading mod file /workspaces/thepapu/servidor_minecraft/mods/CerbonsApi-Forge-1.20.1-1.0.0.jar with languages [LanguageSpec[languageName=javafml, acceptedVersions=[47,)]]
[05Jan2026 05:59:51.047] [main/DEBUG] [net.minecraftforge.fml.loading.moddiscovery.ModFileParser/LOADING]: Considering mod file candidate /workspaces/thepapu/servidor_minecraft/mods/realmrpg_seadwellers_2.9.9_forge_1.20.1.jar
[05Jan2026 05:59:51.047] [main/DEBUG] [net.minecraftforge.fml.loading.moddiscovery.ModFileInfo/LOADING]: Found valid mod file realmrpg_seadwellers_2.9.9_forge_1.20.1.jar with {seadwellers} mods - versions {2.9.9}
[05Jan2026 05:59:51.047] [main/DEBUG] [net.minecraftforge.fml.loading.moddiscovery.ModFile/LOADING]: Loading mod file /workspaces/thepapu/servidor_minecraft/mods/realmrpg_seadwellers_2.9.9_forge_1.20.1.jar with languages [LanguageSpec[languageName=javafml, acceptedVersions=[47,)]]
[05Jan2026 05:59:51.047] [main/DEBUG] [net.minecraftforge.fml.loading.moddiscovery.ModFileParser/LOADING]: Considering mod file candidate /workspaces/thepapu/servidor_minecraft/mods/legendarymonsters-1.9.8 MC 1.20.1.jar
[05Jan2026 05:59:51.048] [main/DEBUG] [net.minecraftforge.fml.loading.moddiscovery.ModFileInfo/LOADING]: Found valid mod file legendarymonsters-1.9.8 MC 1.20.1.jar with {legendary_monsters} mods - versions {1.20.1}
[05Jan2026 05:59:51.048] [main/DEBUG] [net.minecraftforge.fml.loading.moddiscovery.ModFile/LOADING]: Loading mod file /workspaces/thepapu/servidor_minecraft/mods/legendarymonsters-1.9.8 MC 1.20.1.jar with languages [LanguageSpec[languageName=javafml, acceptedVersions=[47,)]]
[05Jan2026 05:59:51.048] [main/DEBUG] [net.minecraftforge.fml.loading.moddiscovery.ModFileParser/LOADING]: Considering mod file candidate /workspaces/thepapu/servidor_minecraft/mods/crittersandcompanions-1.20.1-2.1.6.jar
[05Jan2026 05:59:51.049] [main/DEBUG] [net.minecraftforge.fml.loading.moddiscovery.ModFileInfo/LOADING]: Found valid mod file crittersandcompanions-1.20.1-2.1.6.jar with {crittersandcompanions} mods - versions {1.20.1-2.1.6}
[05Jan2026 05:59:51.049] [main/DEBUG] [net.minecraftforge.fml.loading.moddiscovery.ModFile/LOADING]: Loading mod file /workspaces/thepapu/servidor_minecraft/mods/crittersandcompanions-1.20.1-2.1.6.jar with languages [LanguageSpec[languageName=javafml, acceptedVersions=[40,)]]
[05Jan2026 05:59:51.049] [main/DEBUG] [net.minecraftforge.fml.loading.moddiscovery.ModFileParser/LOADING]: Considering mod file candidate /workspaces/thepapu/servidor_minecraft/mods/endorium-forge-1.1.3.jar
[05Jan2026 05:59:51.049] [main/DEBUG] [net.minecraftforge.fml.loading.moddiscovery.ModFileInfo/LOADING]: Found valid mod file endorium-forge-1.1.3.jar with {endreborn} mods - versions {1.1.3}
[05Jan2026 05:59:51.049] [main/DEBUG] [net.minecraftforge.fml.loading.moddiscovery.ModFile/LOADING]: Loading mod file /workspaces/thepapu/servidor_minecraft/mods/endorium-forge-1.1.3.jar with languages [LanguageSpec[languageName=javafml, acceptedVersions=[0,)]]
[05Jan2026 05:59:51.049] [main/DEBUG] [net.minecraftforge.fml.loading.moddiscovery.ModFileParser/LOADING]: Considering mod file candidate /workspaces/thepapu/servidor_minecraft/mods/SpartanWeaponry-1.20.1-forge-3.1.0-beta-1-all.jar
[05Jan2026 05:59:51.050] [main/DEBUG] [net.minecraftforge.fml.loading.moddiscovery.ModFileInfo/LOADING]: Found valid mod file SpartanWeaponry-1.20.1-forge-3.1.0-beta-1-all.jar with {spartanweaponry} mods - versions {3.1.0-beta-1}
[05Jan2026 05:59:51.050] [main/DEBUG] [net.minecraftforge.fml.loading.moddiscovery.ModFile/LOADING]: Loading mod file /workspaces/thepapu/servidor_minecraft/mods/SpartanWeaponry-1.20.1-forge-3.1.0-beta-1-all.jar with languages [LanguageSpec[languageName=javafml, acceptedVersions=[47,)]]
[05Jan2026 05:59:51.050] [main/DEBUG] [net.minecraftforge.fml.loading.moddiscovery.ModFileParser/LOADING]: Considering mod file candidate /workspaces/thepapu/servidor_minecraft/mods/architectury-9.2.14-forge.jar
[05Jan2026 05:59:51.050] [main/DEBUG] [net.minecraftforge.fml.loading.moddiscovery.ModFileInfo/LOADING]: Found valid mod file architectury-9.2.14-forge.jar with {architectury} mods - versions {9.2.14}
[05Jan2026 05:59:51.051] [main/DEBUG] [net.minecraftforge.fml.loading.moddiscovery.ModFile/LOADING]: Loading mod file /workspaces/thepapu/servidor_minecraft/mods/architectury-9.2.14-forge.jar with languages [LanguageSpec[languageName=javafml, acceptedVersions=[46,)]]
[05Jan2026 05:59:51.051] [main/DEBUG] [net.minecraftforge.fml.loading.moddiscovery.ModFileParser/LOADING]: Considering mod file candidate /workspaces/thepapu/servidor_minecraft/mods/mvs-4.1.2-1.20-forge.jar
[05Jan2026 05:59:51.051] [main/DEBUG] [net.minecraftforge.fml.loading.moddiscovery.ModFileInfo/LOADING]: Found valid mod file mvs-4.1.2-1.20-forge.jar with {mvs} mods - versions {4.1.2-1.20-forge}
[05Jan2026 05:59:51.051] [main/DEBUG] [net.minecraftforge.fml.loading.moddiscovery.ModFile/LOADING]: Loading mod file /workspaces/thepapu/servidor_minecraft/mods/mvs-4.1.2-1.20-forge.jar with languages [LanguageSpec[languageName=javafml, acceptedVersions=[46,)]]
[05Jan2026 05:59:51.051] [main/DEBUG] [net.minecraftforge.fml.loading.moddiscovery.ModFileParser/LOADING]: Considering mod file candidate /workspaces/thepapu/servidor_minecraft/mods/cupboard-1.20.1-2.7.jar
[05Jan2026 05:59:51.052] [main/DEBUG] [net.minecraftforge.fml.loading.moddiscovery.ModFileInfo/LOADING]: Found valid mod file cupboard-1.20.1-2.7.jar with {cupboard} mods - versions {1.20.1-2.7}
[05Jan2026 05:59:51.052] [main/DEBUG] [net.minecraftforge.fml.loading.moddiscovery.ModFile/LOADING]: Loading mod file /workspaces/thepapu/servidor_minecraft/mods/cupboard-1.20.1-2.7.jar with languages [LanguageSpec[languageName=javafml, acceptedVersions=[36,)]]
[05Jan2026 05:59:51.052] [main/DEBUG] [net.minecraftforge.fml.loading.moddiscovery.ModFileParser/LOADING]: Considering mod file candidate /workspaces/thepapu/servidor_minecraft/mods/PuzzlesLib-v8.1.21-1.20.1-Forge.jar
[05Jan2026 05:59:51.052] [main/DEBUG] [net.minecraftforge.fml.loading.moddiscovery.ModFileInfo/LOADING]: Found valid mod file PuzzlesLib-v8.1.21-1.20.1-Forge.jar with {puzzleslib} mods - versions {8.1.21}
[05Jan2026 05:59:51.052] [main/DEBUG] [net.minecraftforge.fml.loading.moddiscovery.ModFile/LOADING]: Loading mod file /workspaces/thepapu/servidor_minecraft/mods/PuzzlesLib-v8.1.21-1.20.1-Forge.jar with languages [LanguageSpec[languageName=javafml, acceptedVersions=[47,)]]
[05Jan2026 05:59:51.053] [main/DEBUG] [net.minecraftforge.fml.loading.moddiscovery.ModFileParser/LOADING]: Considering mod file candidate /workspaces/thepapu/servidor_minecraft/mods/smallships-forge-1.20.1-2.0.0-b1.3.1.jar
[05Jan2026 05:59:51.053] [main/DEBUG] [net.minecraftforge.fml.loading.moddiscovery.ModFileInfo/LOADING]: Found valid mod file smallships-forge-1.20.1-2.0.0-b1.3.1.jar with {smallships} mods - versions {2.0.0-b1.3.1}
[05Jan2026 05:59:51.053] [main/DEBUG] [net.minecraftforge.fml.loading.moddiscovery.ModFile/LOADING]: Loading mod file /workspaces/thepapu/servidor_minecraft/mods/smallships-forge-1.20.1-2.0.0-b1.3.1.jar with languages [LanguageSpec[languageName=javafml, acceptedVersions=[47,)]]
[05Jan2026 05:59:51.053] [main/DEBUG] [net.minecraftforge.fml.loading.moddiscovery.ModFileParser/LOADING]: Considering mod file candidate /workspaces/thepapu/servidor_minecraft/mods/valhelsia_core-forge-1.20.1-1.1.2.jar
[05Jan2026 05:59:51.054] [main/DEBUG] [net.minecraftforge.fml.loading.moddiscovery.ModFileInfo/LOADING]: Found valid mod file valhelsia_core-forge-1.20.1-1.1.2.jar with {valhelsia_core} mods - versions {1.1.2}
[05Jan2026 05:59:51.054] [main/DEBUG] [net.minecraftforge.fml.loading.moddiscovery.ModFile/LOADING]: Loading mod file /workspaces/thepapu/servidor_minecraft/mods/valhelsia_core-forge-1.20.1-1.1.2.jar with languages [LanguageSpec[languageName=javafml, acceptedVersions=[45,)]]
[05Jan2026 05:59:51.054] [main/DEBUG] [net.minecraftforge.fml.loading.moddiscovery.ModFile/LOADING]: Loading mod file  with languages []
[05Jan2026 05:59:51.054] [main/DEBUG] [net.minecraftforge.fml.loading.moddiscovery.ModFileParser/LOADING]: Considering mod file candidate 
[05Jan2026 05:59:51.054] [main/DEBUG] [net.minecraftforge.fml.loading.moddiscovery.ModFileInfo/LOADING]: Found valid mod file mixinextras-forge-0.4.1.jar with {mixinextras} mods - versions {0.4.1}
[05Jan2026 05:59:51.054] [main/DEBUG] [net.minecraftforge.fml.loading.moddiscovery.ModFile/LOADING]: Loading mod file  with languages [LanguageSpec[languageName=javafml, acceptedVersions=*]]
[05Jan2026 05:59:51.054] [main/DEBUG] [net.minecraftforge.fml.loading.moddiscovery.ModFile/LOADING]: Loading mod file  with languages []
[05Jan2026 05:59:51.054] [main/DEBUG] [net.minecraftforge.fml.loading.moddiscovery.ModFile/LOADING]: Loading mod file  with languages []
[05Jan2026 05:59:51.055] [main/DEBUG] [net.minecraftforge.fml.loading.moddiscovery.ModFileParser/LOADING]: Considering mod file candidate 
[05Jan2026 05:59:51.055] [main/DEBUG] [net.minecraftforge.fml.loading.moddiscovery.ModFileInfo/LOADING]: Found valid mod file mixinextras-forge-0.4.1.jar with {mixinextras} mods - versions {0.4.1}
[05Jan2026 05:59:51.055] [main/DEBUG] [net.minecraftforge.fml.loading.moddiscovery.ModFile/LOADING]: Loading mod file  with languages [LanguageSpec[languageName=javafml, acceptedVersions=*]]
[05Jan2026 05:59:51.055] [main/DEBUG] [net.minecraftforge.fml.loading.moddiscovery.ModFile/LOADING]: Loading mod file  with languages []
[05Jan2026 05:59:51.056] [main/DEBUG] [cpw.mods.modlauncher.TransformationServiceDecorator/MODLAUNCHER]: End scan trigger - transformation service fml
[05Jan2026 05:59:51.063] [main/DEBUG] [net.minecraftforge.fml.loading.LanguageLoadingProvider/CORE]: Found 3 language providers
[05Jan2026 05:59:51.063] [main/DEBUG] [net.minecraftforge.fml.loading.LanguageLoadingProvider/CORE]: Found language provider minecraft, version 1.0
[05Jan2026 05:59:51.064] [main/DEBUG] [net.minecraftforge.fml.loading.LanguageLoadingProvider/CORE]: Found language provider lowcodefml, version 47
[05Jan2026 05:59:51.064] [main/DEBUG] [net.minecraftforge.fml.loading.LanguageLoadingProvider/CORE]: Found language provider javafml, version 47
[05Jan2026 05:59:51.068] [main/DEBUG] [net.minecraftforge.fml.loading.UniqueModListBuilder/]: Found 2 mods for first modid mclib, selecting most recent based on version data
[05Jan2026 05:59:51.069] [main/DEBUG] [net.minecraftforge.fml.loading.UniqueModListBuilder/]: Selected file mclib-20.jar for modid mclib with version 0.0NONE
[05Jan2026 05:59:51.069] [main/DEBUG] [net.minecraftforge.fml.loading.UniqueModListBuilder/]: Found 2 mods for first modid mixinextras, selecting most recent based on version data
[05Jan2026 05:59:51.069] [main/DEBUG] [net.minecraftforge.fml.loading.UniqueModListBuilder/]: Selected file mixinextras-forge-0.4.1.jar for modid mixinextras with version 0.4.1
[05Jan2026 05:59:51.069] [main/DEBUG] [net.minecraftforge.fml.loading.UniqueModListBuilder/]: Found 2 mods for first modid MixinExtras, selecting most recent based on version data
[05Jan2026 05:59:51.069] [main/DEBUG] [net.minecraftforge.fml.loading.UniqueModListBuilder/]: Selected file MixinExtras-0.4.1.jar for modid MixinExtras with version 0.0NONE
[05Jan2026 05:59:51.070] [main/DEBUG] [net.minecraftforge.fml.loading.ModSorter/]: Configured system mods: [minecraft, forge]
[05Jan2026 05:59:51.070] [main/DEBUG] [net.minecraftforge.fml.loading.ModSorter/]: Found system mod: minecraft
[05Jan2026 05:59:51.070] [main/DEBUG] [net.minecraftforge.fml.loading.ModSorter/]: Found system mod: forge
[05Jan2026 05:59:51.072] [main/DEBUG] [net.minecraftforge.fml.loading.ModSorter/LOADING]: Found 150 mod requirements (124 mandatory, 26 optional)
[05Jan2026 05:59:51.073] [main/DEBUG] [net.minecraftforge.fml.loading.ModSorter/LOADING]: Found 0 mod requirements missing (0 mandatory, 0 optional)
[05Jan2026 05:59:51.527] [main/DEBUG] [cpw.mods.modlauncher.TransformationServicesHandler/MODLAUNCHER]: Transformation services loading transformers
[05Jan2026 05:59:51.527] [main/DEBUG] [cpw.mods.modlauncher.TransformationServiceDecorator/MODLAUNCHER]: Initializing transformers for transformation service mixin
[05Jan2026 05:59:51.528] [main/DEBUG] [cpw.mods.modlauncher.TransformationServiceDecorator/MODLAUNCHER]: Initialized transformers for transformation service mixin
[05Jan2026 05:59:51.528] [main/DEBUG] [cpw.mods.modlauncher.TransformationServiceDecorator/MODLAUNCHER]: Initializing transformers for transformation service fml
[05Jan2026 05:59:51.528] [main/DEBUG] [net.minecraftforge.fml.loading.FMLServiceProvider/CORE]: Loading coremod transformers
[05Jan2026 05:59:51.529] [main/DEBUG] [net.minecraftforge.coremod.CoreModEngine/COREMOD]: Loading CoreMod from potion-effects-shift.js
[05Jan2026 05:59:51.738] [main/DEBUG] [net.minecraftforge.coremod.CoreModEngine/COREMOD]: CoreMod loaded successfully
[05Jan2026 05:59:51.738] [main/DEBUG] [net.minecraftforge.coremod.CoreModEngine/COREMOD]: Loading CoreMod from coremods/field_to_method.js
[05Jan2026 05:59:51.770] [main/DEBUG] [net.minecraftforge.coremod.CoreModEngine/COREMOD]: CoreMod loaded successfully
[05Jan2026 05:59:51.770] [main/DEBUG] [net.minecraftforge.coremod.CoreModEngine/COREMOD]: Loading CoreMod from coremods/field_to_instanceof.js
[05Jan2026 05:59:51.805] [main/DEBUG] [net.minecraftforge.coremod.CoreModEngine/COREMOD]: CoreMod loaded successfully
[05Jan2026 05:59:51.805] [main/DEBUG] [net.minecraftforge.coremod.CoreModEngine/COREMOD]: Loading CoreMod from coremods/add_bouncer_method.js
[05Jan2026 05:59:51.856] [main/DEBUG] [net.minecraftforge.coremod.CoreModEngine/COREMOD]: CoreMod loaded successfully
[05Jan2026 05:59:51.856] [main/DEBUG] [net.minecraftforge.coremod.CoreModEngine/COREMOD]: Loading CoreMod from coremods/method_redirector.js
[05Jan2026 05:59:51.963] [main/DEBUG] [net.minecraftforge.coremod.CoreModEngine/COREMOD]: CoreMod loaded successfully
[05Jan2026 05:59:51.978] [main/DEBUG] [cpw.mods.modlauncher.TransformStore/MODLAUNCHER]: Adding transformer net.minecraftforge.coremod.transformer.CoreModClassTransformer@62a68bcb to Target : CLASS {Lnet/minecraft/world/level/biome/Biome;} {} {V}
[05Jan2026 05:59:51.979] [main/DEBUG] [cpw.mods.modlauncher.TransformStore/MODLAUNCHER]: Adding transformer net.minecraftforge.coremod.transformer.CoreModClassTransformer@430b2699 to Target : CLASS {Lnet/minecraft/world/level/levelgen/structure/Structure;} {} {V}
[05Jan2026 05:59:51.980] [main/DEBUG] [cpw.mods.modlauncher.TransformStore/MODLAUNCHER]: Adding transformer net.minecraftforge.coremod.transformer.CoreModClassTransformer@67536ae0 to Target : CLASS {Lnet/minecraft/world/effect/MobEffectInstance;} {} {V}
[05Jan2026 05:59:51.980] [main/DEBUG] [cpw.mods.modlauncher.TransformStore/MODLAUNCHER]: Adding transformer net.minecraftforge.coremod.transformer.CoreModClassTransformer@6413d7e7 to Target : CLASS {Lnet/minecraft/world/level/block/LiquidBlock;} {} {V}
[05Jan2026 05:59:51.980] [main/DEBUG] [cpw.mods.modlauncher.TransformStore/MODLAUNCHER]: Adding transformer net.minecraftforge.coremod.transformer.CoreModClassTransformer@d16be4f to Target : CLASS {Lnet/minecraft/world/item/BucketItem;} {} {V}
[05Jan2026 05:59:51.980] [main/DEBUG] [cpw.mods.modlauncher.TransformStore/MODLAUNCHER]: Adding transformer net.minecraftforge.coremod.transformer.CoreModClassTransformer@17b37e9a to Target : CLASS {Lnet/minecraft/world/level/block/StairBlock;} {} {V}
[05Jan2026 05:59:51.980] [main/DEBUG] [cpw.mods.modlauncher.TransformStore/MODLAUNCHER]: Adding transformer net.minecraftforge.coremod.transformer.CoreModClassTransformer@6bcb12e6 to Target : CLASS {Lnet/minecraft/world/level/block/FlowerPotBlock;} {} {V}
[05Jan2026 05:59:51.980] [main/DEBUG] [cpw.mods.modlauncher.TransformStore/MODLAUNCHER]: Adding transformer net.minecraftforge.coremod.transformer.CoreModClassTransformer@111d5c97 to Target : CLASS {Lnet/minecraft/world/item/ItemStack;} {} {V}
[05Jan2026 05:59:51.980] [main/DEBUG] [cpw.mods.modlauncher.TransformStore/MODLAUNCHER]: Adding transformer net.minecraftforge.coremod.transformer.CoreModClassTransformer@29c17c3d to Target : CLASS {Lnet/minecraft/network/play/client/CClientSettingsPacket;} {} {V}
[05Jan2026 05:59:51.981] [main/DEBUG] [cpw.mods.modlauncher.TransformStore/MODLAUNCHER]: Adding transformer net.minecraftforge.coremod.transformer.CoreModClassTransformer@250a9031 to Target : CLASS {Lnet/minecraft/world/entity/ai/village/VillageSiege;} {} {V}
[05Jan2026 05:59:51.981] [main/DEBUG] [cpw.mods.modlauncher.TransformStore/MODLAUNCHER]: Adding transformer net.minecraftforge.coremod.transformer.CoreModClassTransformer@250a9031 to Target : CLASS {Lnet/minecraft/world/level/levelgen/structure/structures/OceanRuinPieces$OceanRuinPiece;} {} {V}
[05Jan2026 05:59:51.981] [main/DEBUG] [cpw.mods.modlauncher.TransformStore/MODLAUNCHER]: Adding transformer net.minecraftforge.coremod.transformer.CoreModClassTransformer@250a9031 to Target : CLASS {Lnet/minecraft/world/level/NaturalSpawner;} {} {V}
[05Jan2026 05:59:51.981] [main/DEBUG] [cpw.mods.modlauncher.TransformStore/MODLAUNCHER]: Adding transformer net.minecraftforge.coremod.transformer.CoreModClassTransformer@250a9031 to Target : CLASS {Lnet/minecraft/server/commands/RaidCommand;} {} {V}
[05Jan2026 05:59:51.981] [main/DEBUG] [cpw.mods.modlauncher.TransformStore/MODLAUNCHER]: Adding transformer net.minecraftforge.coremod.transformer.CoreModClassTransformer@250a9031 to Target : CLASS {Lnet/minecraft/world/level/levelgen/structure/templatesystem/StructureTemplate;} {} {V}
[05Jan2026 05:59:51.981] [main/DEBUG] [cpw.mods.modlauncher.TransformStore/MODLAUNCHER]: Adding transformer net.minecraftforge.coremod.transformer.CoreModClassTransformer@250a9031 to Target : CLASS {Lnet/minecraft/world/entity/monster/Evoker$EvokerSummonSpellGoal;} {} {V}
[05Jan2026 05:59:51.981] [main/DEBUG] [cpw.mods.modlauncher.TransformStore/MODLAUNCHER]: Adding transformer net.minecraftforge.coremod.transformer.CoreModClassTransformer@250a9031 to Target : CLASS {Lnet/minecraft/world/entity/animal/frog/Tadpole;} {} {V}
[05Jan2026 05:59:51.981] [main/DEBUG] [cpw.mods.modlauncher.TransformStore/MODLAUNCHER]: Adding transformer net.minecraftforge.coremod.transformer.CoreModClassTransformer@250a9031 to Target : CLASS {Lnet/minecraft/world/entity/monster/Zombie;} {} {V}
[05Jan2026 05:59:51.981] [main/DEBUG] [cpw.mods.modlauncher.TransformStore/MODLAUNCHER]: Adding transformer net.minecraftforge.coremod.transformer.CoreModClassTransformer@250a9031 to Target : CLASS {Lnet/minecraft/world/entity/npc/Villager;} {} {V}
[05Jan2026 05:59:51.981] [main/DEBUG] [cpw.mods.modlauncher.TransformStore/MODLAUNCHER]: Adding transformer net.minecraftforge.coremod.transformer.CoreModClassTransformer@250a9031 to Target : CLASS {Lnet/minecraft/world/entity/animal/horse/SkeletonTrapGoal;} {} {V}
[05Jan2026 05:59:51.981] [main/DEBUG] [cpw.mods.modlauncher.TransformStore/MODLAUNCHER]: Adding transformer net.minecraftforge.coremod.transformer.CoreModClassTransformer@250a9031 to Target : CLASS {Lnet/minecraft/world/level/levelgen/structure/structures/OceanMonumentPieces$OceanMonumentPiece;} {} {V}
[05Jan2026 05:59:51.981] [main/DEBUG] [cpw.mods.modlauncher.TransformStore/MODLAUNCHER]: Adding transformer net.minecraftforge.coremod.transformer.CoreModClassTransformer@250a9031 to Target : CLASS {Lnet/minecraft/server/commands/SummonCommand;} {} {V}
[05Jan2026 05:59:51.982] [main/DEBUG] [cpw.mods.modlauncher.TransformStore/MODLAUNCHER]: Adding transformer net.minecraftforge.coremod.transformer.CoreModClassTransformer@250a9031 to Target : CLASS {Lnet/minecraft/world/entity/monster/Strider;} {} {V}
[05Jan2026 05:59:51.982] [main/DEBUG] [cpw.mods.modlauncher.TransformStore/MODLAUNCHER]: Adding transformer net.minecraftforge.coremod.transformer.CoreModClassTransformer@250a9031 to Target : CLASS {Lnet/minecraft/world/entity/npc/CatSpawner;} {} {V}
[05Jan2026 05:59:51.982] [main/DEBUG] [cpw.mods.modlauncher.TransformStore/MODLAUNCHER]: Adding transformer net.minecraftforge.coremod.transformer.CoreModClassTransformer@250a9031 to Target : CLASS {Lnet/minecraft/world/level/levelgen/structure/structures/WoodlandMansionPieces$WoodlandMansionPiece;} {} {V}
[05Jan2026 05:59:51.982] [main/DEBUG] [cpw.mods.modlauncher.TransformStore/MODLAUNCHER]: Adding transformer net.minecraftforge.coremod.transformer.CoreModClassTransformer@250a9031 to Target : CLASS {Lnet/minecraft/world/level/levelgen/PhantomSpawner;} {} {V}
[05Jan2026 05:59:51.982] [main/DEBUG] [cpw.mods.modlauncher.TransformStore/MODLAUNCHER]: Adding transformer net.minecraftforge.coremod.transformer.CoreModClassTransformer@250a9031 to Target : CLASS {Lnet/minecraft/world/level/levelgen/structure/structures/SwampHutPiece;} {} {V}
[05Jan2026 05:59:51.983] [main/DEBUG] [cpw.mods.modlauncher.TransformStore/MODLAUNCHER]: Adding transformer net.minecraftforge.coremod.transformer.CoreModClassTransformer@250a9031 to Target : CLASS {Lnet/minecraft/world/entity/EntityType;} {} {V}
[05Jan2026 05:59:51.983] [main/DEBUG] [cpw.mods.modlauncher.TransformStore/MODLAUNCHER]: Adding transformer net.minecraftforge.coremod.transformer.CoreModClassTransformer@250a9031 to Target : CLASS {Lnet/minecraft/world/level/levelgen/PatrolSpawner;} {} {V}
[05Jan2026 05:59:51.983] [main/DEBUG] [cpw.mods.modlauncher.TransformStore/MODLAUNCHER]: Adding transformer net.minecraftforge.coremod.transformer.CoreModClassTransformer@250a9031 to Target : CLASS {Lnet/minecraft/world/entity/raid/Raid;} {} {V}
[05Jan2026 05:59:51.983] [main/DEBUG] [cpw.mods.modlauncher.TransformStore/MODLAUNCHER]: Adding transformer net.minecraftforge.coremod.transformer.CoreModClassTransformer@250a9031 to Target : CLASS {Lnet/minecraft/world/entity/monster/ZombieVillager;} {} {V}
[05Jan2026 05:59:51.983] [main/DEBUG] [cpw.mods.modlauncher.TransformStore/MODLAUNCHER]: Adding transformer net.minecraftforge.coremod.transformer.CoreModClassTransformer@250a9031 to Target : CLASS {Lnet/minecraft/world/entity/monster/Spider;} {} {V}
[05Jan2026 05:59:51.983] [main/DEBUG] [cpw.mods.modlauncher.TransformStore/MODLAUNCHER]: Adding transformer net.minecraftforge.coremod.transformer.CoreModMethodTransformer@6d67f5eb to Target : METHOD {Lnet/minecraft/client/gui/Gui;} {m_93028_} {(Lcom/mojang/blaze3d/vertex/PoseStack;)V}
[05Jan2026 05:59:51.983] [main/DEBUG] [cpw.mods.modlauncher.TransformationServiceDecorator/MODLAUNCHER]: Initialized transformers for transformation service fml
[05Jan2026 05:59:53.142] [main/DEBUG] [mixin/]: Processing prepare() for PlatformAgent[MixinPlatformAgentDefault:ModLauncher Root Container(ModLauncher:4f56a0a2)]
[05Jan2026 05:59:53.143] [main/DEBUG] [mixin/]: Processing launch tasks for PlatformAgent[MixinPlatformAgentDefault:ModLauncher Root Container(ModLauncher:4f56a0a2)]
[05Jan2026 05:59:53.143] [main/DEBUG] [mixin/]: Adding mixin platform agents for container SecureJarResource(ftbessentials)
[05Jan2026 05:59:53.143] [main/DEBUG] [mixin/]: Instancing new MixinPlatformAgentMinecraftForge for SecureJarResource(ftbessentials)
[05Jan2026 05:59:53.143] [main/DEBUG] [mixin/]: MixinPlatformAgentMinecraftForge rejected container SecureJarResource(ftbessentials)
[05Jan2026 05:59:53.143] [main/DEBUG] [mixin/]: Instancing new MixinPlatformAgentDefault for SecureJarResource(ftbessentials)
[05Jan2026 05:59:53.143] [main/DEBUG] [mixin/]: MixinPlatformAgentDefault accepted container SecureJarResource(ftbessentials)
[05Jan2026 05:59:53.143] [main/DEBUG] [mixin/]: Processing prepare() for PlatformAgent[MixinPlatformAgentDefault:SecureJarResource(ftbessentials)]
[05Jan2026 05:59:53.143] [main/DEBUG] [mixin/]: Registering mixin config: ftbessentials-common.mixins.json
[05Jan2026 05:59:53.156] [main/DEBUG] [mixin/]: Compatibility level JAVA_17 specified by ftbessentials-common.mixins.json is higher than the maximum level supported by this version of mixin (JAVA_13).
[05Jan2026 05:59:53.159] [main/INFO] [mixin/]: Compatibility level set to JAVA_17
[05Jan2026 05:59:53.160] [main/DEBUG] [mixin/]: Adding mixin platform agents for container SecureJarResource(taxva)
[05Jan2026 05:59:53.160] [main/DEBUG] [mixin/]: Instancing new MixinPlatformAgentMinecraftForge for SecureJarResource(taxva)
[05Jan2026 05:59:53.160] [main/DEBUG] [mixin/]: MixinPlatformAgentMinecraftForge rejected container SecureJarResource(taxva)
[05Jan2026 05:59:53.160] [main/DEBUG] [mixin/]: Instancing new MixinPlatformAgentDefault for SecureJarResource(taxva)
[05Jan2026 05:59:53.160] [main/DEBUG] [mixin/]: MixinPlatformAgentDefault accepted container SecureJarResource(taxva)
[05Jan2026 05:59:53.160] [main/DEBUG] [mixin/]: Processing prepare() for PlatformAgent[MixinPlatformAgentDefault:SecureJarResource(taxva)]
[05Jan2026 05:59:53.160] [main/DEBUG] [mixin/]: Adding mixin platform agents for container SecureJarResource(betterskills)
[05Jan2026 05:59:53.160] [main/DEBUG] [mixin/]: Instancing new MixinPlatformAgentMinecraftForge for SecureJarResource(betterskills)
[05Jan2026 05:59:53.161] [main/DEBUG] [mixin/]: MixinPlatformAgentMinecraftForge rejected container SecureJarResource(betterskills)
[05Jan2026 05:59:53.161] [main/DEBUG] [mixin/]: Instancing new MixinPlatformAgentDefault for SecureJarResource(betterskills)
[05Jan2026 05:59:53.161] [main/DEBUG] [mixin/]: MixinPlatformAgentDefault accepted container SecureJarResource(betterskills)
[05Jan2026 05:59:53.161] [main/DEBUG] [mixin/]: Processing prepare() for PlatformAgent[MixinPlatformAgentDefault:SecureJarResource(betterskills)]
[05Jan2026 05:59:53.161] [main/DEBUG] [mixin/]: Adding mixin platform agents for container SecureJarResource(xenon)
[05Jan2026 05:59:53.161] [main/DEBUG] [mixin/]: Instancing new MixinPlatformAgentMinecraftForge for SecureJarResource(xenon)
[05Jan2026 05:59:53.161] [main/DEBUG] [mixin/]: MixinPlatformAgentMinecraftForge rejected container SecureJarResource(xenon)
[05Jan2026 05:59:53.161] [main/DEBUG] [mixin/]: Instancing new MixinPlatformAgentDefault for SecureJarResource(xenon)
[05Jan2026 05:59:53.161] [main/DEBUG] [mixin/]: MixinPlatformAgentDefault accepted container SecureJarResource(xenon)
[05Jan2026 05:59:53.162] [main/DEBUG] [mixin/]: Processing prepare() for PlatformAgent[MixinPlatformAgentDefault:SecureJarResource(xenon)]
[05Jan2026 05:59:53.162] [main/DEBUG] [mixin/]: Registering mixin config: xenon.mixins.json
[05Jan2026 05:59:53.164] [main/DEBUG] [mixin/]: Adding mixin platform agents for container SecureJarResource(riskofrain_mobs)
[05Jan2026 05:59:53.165] [main/DEBUG] [mixin/]: Instancing new MixinPlatformAgentMinecraftForge for SecureJarResource(riskofrain_mobs)
[05Jan2026 05:59:53.165] [main/DEBUG] [mixin/]: MixinPlatformAgentMinecraftForge rejected container SecureJarResource(riskofrain_mobs)
[05Jan2026 05:59:53.165] [main/DEBUG] [mixin/]: Instancing new MixinPlatformAgentDefault for SecureJarResource(riskofrain_mobs)
[05Jan2026 05:59:53.165] [main/DEBUG] [mixin/]: MixinPlatformAgentDefault accepted container SecureJarResource(riskofrain_mobs)
[05Jan2026 05:59:53.165] [main/DEBUG] [mixin/]: Processing prepare() for PlatformAgent[MixinPlatformAgentDefault:SecureJarResource(riskofrain_mobs)]
[05Jan2026 05:59:53.166] [main/DEBUG] [mixin/]: Adding mixin platform agents for container SecureJarResource(geckolib)
[05Jan2026 05:59:53.167] [main/DEBUG] [mixin/]: Instancing new MixinPlatformAgentMinecraftForge for SecureJarResource(geckolib)
[05Jan2026 05:59:53.168] [main/DEBUG] [mixin/]: MixinPlatformAgentMinecraftForge rejected container SecureJarResource(geckolib)
[05Jan2026 05:59:53.168] [main/DEBUG] [mixin/]: Instancing new MixinPlatformAgentDefault for SecureJarResource(geckolib)
[05Jan2026 05:59:53.168] [main/DEBUG] [mixin/]: MixinPlatformAgentDefault accepted container SecureJarResource(geckolib)
[05Jan2026 05:59:53.168] [main/DEBUG] [mixin/]: Processing prepare() for PlatformAgent[MixinPlatformAgentDefault:SecureJarResource(geckolib)]
[05Jan2026 05:59:53.168] [main/DEBUG] [mixin/]: Registering mixin config: geckolib.mixins.json
[05Jan2026 05:59:53.171] [main/DEBUG] [mixin/]: Adding mixin platform agents for container SecureJarResource(realmrpg_demons)
[05Jan2026 05:59:53.171] [main/DEBUG] [mixin/]: Instancing new MixinPlatformAgentMinecraftForge for SecureJarResource(realmrpg_demons)
[05Jan2026 05:59:53.171] [main/DEBUG] [mixin/]: MixinPlatformAgentMinecraftForge rejected container SecureJarResource(realmrpg_demons)
[05Jan2026 05:59:53.171] [main/DEBUG] [mixin/]: Instancing new MixinPlatformAgentDefault for SecureJarResource(realmrpg_demons)
[05Jan2026 05:59:53.171] [main/DEBUG] [mixin/]: MixinPlatformAgentDefault accepted container SecureJarResource(realmrpg_demons)
[05Jan2026 05:59:53.171] [main/DEBUG] [mixin/]: Processing prepare() for PlatformAgent[MixinPlatformAgentDefault:SecureJarResource(realmrpg_demons)]
[05Jan2026 05:59:53.171] [main/DEBUG] [mixin/]: Adding mixin platform agents for container SecureJarResource(jei)
[05Jan2026 05:59:53.171] [main/DEBUG] [mixin/]: Instancing new MixinPlatformAgentMinecraftForge for SecureJarResource(jei)
[05Jan2026 05:59:53.171] [main/DEBUG] [mixin/]: MixinPlatformAgentMinecraftForge rejected container SecureJarResource(jei)
[05Jan2026 05:59:53.171] [main/DEBUG] [mixin/]: Instancing new MixinPlatformAgentDefault for SecureJarResource(jei)
[05Jan2026 05:59:53.171] [main/DEBUG] [mixin/]: MixinPlatformAgentDefault accepted container SecureJarResource(jei)
[05Jan2026 05:59:53.172] [main/DEBUG] [mixin/]: Processing prepare() for PlatformAgent[MixinPlatformAgentDefault:SecureJarResource(jei)]
[05Jan2026 05:59:53.172] [main/DEBUG] [mixin/]: Adding mixin platform agents for container SecureJarResource(visualworkbench)
[05Jan2026 05:59:53.172] [main/DEBUG] [mixin/]: Instancing new MixinPlatformAgentMinecraftForge for SecureJarResource(visualworkbench)
[05Jan2026 05:59:53.172] [main/DEBUG] [mixin/]: MixinPlatformAgentMinecraftForge rejected container SecureJarResource(visualworkbench)
[05Jan2026 05:59:53.172] [main/DEBUG] [mixin/]: Instancing new MixinPlatformAgentDefault for SecureJarResource(visualworkbench)
[05Jan2026 05:59:53.172] [main/DEBUG] [mixin/]: MixinPlatformAgentDefault accepted container SecureJarResource(visualworkbench)
[05Jan2026 05:59:53.172] [main/DEBUG] [mixin/]: Processing prepare() for PlatformAgent[MixinPlatformAgentDefault:SecureJarResource(visualworkbench)]
[05Jan2026 05:59:53.172] [main/DEBUG] [mixin/]: Registering mixin config: visualworkbench.common.mixins.json
[05Jan2026 05:59:53.174] [main/DEBUG] [mixin/]: Adding mixin platform agents for container SecureJarResource(graveyard)
[05Jan2026 05:59:53.174] [main/DEBUG] [mixin/]: Instancing new MixinPlatformAgentMinecraftForge for SecureJarResource(graveyard)
[05Jan2026 05:59:53.174] [main/DEBUG] [mixin/]: MixinPlatformAgentMinecraftForge rejected container SecureJarResource(graveyard)
[05Jan2026 05:59:53.175] [main/DEBUG] [mixin/]: Instancing new MixinPlatformAgentDefault for SecureJarResource(graveyard)
[05Jan2026 05:59:53.175] [main/DEBUG] [mixin/]: MixinPlatformAgentDefault accepted container SecureJarResource(graveyard)
[05Jan2026 05:59:53.175] [main/DEBUG] [mixin/]: Processing prepare() for PlatformAgent[MixinPlatformAgentDefault:SecureJarResource(graveyard)]
[05Jan2026 05:59:53.175] [main/DEBUG] [mixin/]: Registering mixin config: graveyard-common.mixins.json
[05Jan2026 05:59:53.176] [main/DEBUG] [mixin/]: Registering mixin config: graveyard-forge.mixins.json
[05Jan2026 05:59:53.181] [main/DEBUG] [mixin/]: Adding mixin platform agents for container SecureJarResource(naturalist)
[05Jan2026 05:59:53.181] [main/DEBUG] [mixin/]: Instancing new MixinPlatformAgentMinecraftForge for SecureJarResource(naturalist)
[05Jan2026 05:59:53.181] [main/DEBUG] [mixin/]: MixinPlatformAgentMinecraftForge rejected container SecureJarResource(naturalist)
[05Jan2026 05:59:53.181] [main/DEBUG] [mixin/]: Instancing new MixinPlatformAgentDefault for SecureJarResource(naturalist)
[05Jan2026 05:59:53.181] [main/DEBUG] [mixin/]: MixinPlatformAgentDefault accepted container SecureJarResource(naturalist)
[05Jan2026 05:59:53.181] [main/DEBUG] [mixin/]: Processing prepare() for PlatformAgent[MixinPlatformAgentDefault:SecureJarResource(naturalist)]
[05Jan2026 05:59:53.181] [main/DEBUG] [mixin/]: Registering mixin config: naturalist-common.mixins.json
[05Jan2026 05:59:53.183] [main/DEBUG] [mixin/]: Registering mixin config: naturalist.mixins.json
[05Jan2026 05:59:53.186] [main/DEBUG] [mixin/]: Adding mixin platform agents for container SecureJarResource(ants_unleashed)
[05Jan2026 05:59:53.186] [main/DEBUG] [mixin/]: Instancing new MixinPlatformAgentMinecraftForge for SecureJarResource(ants_unleashed)
[05Jan2026 05:59:53.186] [main/DEBUG] [mixin/]: MixinPlatformAgentMinecraftForge rejected container SecureJarResource(ants_unleashed)
[05Jan2026 05:59:53.186] [main/DEBUG] [mixin/]: Instancing new MixinPlatformAgentDefault for SecureJarResource(ants_unleashed)
[05Jan2026 05:59:53.186] [main/DEBUG] [mixin/]: MixinPlatformAgentDefault accepted container SecureJarResource(ants_unleashed)
[05Jan2026 05:59:53.186] [main/DEBUG] [mixin/]: Processing prepare() for PlatformAgent[MixinPlatformAgentDefault:SecureJarResource(ants_unleashed)]
[05Jan2026 05:59:53.186] [main/DEBUG] [mixin/]: Adding mixin platform agents for container SecureJarResource(valhelsia_furniture)
[05Jan2026 05:59:53.186] [main/DEBUG] [mixin/]: Instancing new MixinPlatformAgentMinecraftForge for SecureJarResource(valhelsia_furniture)
[05Jan2026 05:59:53.186] [main/DEBUG] [mixin/]: MixinPlatformAgentMinecraftForge rejected container SecureJarResource(valhelsia_furniture)
[05Jan2026 05:59:53.186] [main/DEBUG] [mixin/]: Instancing new MixinPlatformAgentDefault for SecureJarResource(valhelsia_furniture)
[05Jan2026 05:59:53.187] [main/DEBUG] [mixin/]: MixinPlatformAgentDefault accepted container SecureJarResource(valhelsia_furniture)
[05Jan2026 05:59:53.187] [main/DEBUG] [mixin/]: Processing prepare() for PlatformAgent[MixinPlatformAgentDefault:SecureJarResource(valhelsia_furniture)]
[05Jan2026 05:59:53.187] [main/DEBUG] [mixin/]: Adding mixin platform agents for container SecureJarResource(realmrpg_skeletons)
[05Jan2026 05:59:53.187] [main/DEBUG] [mixin/]: Instancing new MixinPlatformAgentMinecraftForge for SecureJarResource(realmrpg_skeletons)
[05Jan2026 05:59:53.187] [main/DEBUG] [mixin/]: MixinPlatformAgentMinecraftForge rejected container SecureJarResource(realmrpg_skeletons)
[05Jan2026 05:59:53.187] [main/DEBUG] [mixin/]: Instancing new MixinPlatformAgentDefault for SecureJarResource(realmrpg_skeletons)
[05Jan2026 05:59:53.187] [main/DEBUG] [mixin/]: MixinPlatformAgentDefault accepted container SecureJarResource(realmrpg_skeletons)
[05Jan2026 05:59:53.187] [main/DEBUG] [mixin/]: Processing prepare() for PlatformAgent[MixinPlatformAgentDefault:SecureJarResource(realmrpg_skeletons)]
[05Jan2026 05:59:53.187] [main/DEBUG] [mixin/]: Adding mixin platform agents for container SecureJarResource(epicfight)
[05Jan2026 05:59:53.187] [main/DEBUG] [mixin/]: Instancing new MixinPlatformAgentMinecraftForge for SecureJarResource(epicfight)
[05Jan2026 05:59:53.187] [main/DEBUG] [mixin/]: MixinPlatformAgentMinecraftForge rejected container SecureJarResource(epicfight)
[05Jan2026 05:59:53.187] [main/DEBUG] [mixin/]: Instancing new MixinPlatformAgentDefault for SecureJarResource(epicfight)
[05Jan2026 05:59:53.188] [main/DEBUG] [mixin/]: MixinPlatformAgentDefault accepted container SecureJarResource(epicfight)
[05Jan2026 05:59:53.188] [main/DEBUG] [mixin/]: Processing prepare() for PlatformAgent[MixinPlatformAgentDefault:SecureJarResource(epicfight)]
[05Jan2026 05:59:53.188] [main/DEBUG] [mixin/]: Registering mixin config: epicfight.mixins.json
[05Jan2026 05:59:53.190] [main/DEBUG] [mixin/]: Adding mixin platform agents for container SecureJarResource(journeymap)
[05Jan2026 05:59:53.190] [main/DEBUG] [mixin/]: Instancing new MixinPlatformAgentMinecraftForge for SecureJarResource(journeymap)
[05Jan2026 05:59:53.190] [main/DEBUG] [mixin/]: MixinPlatformAgentMinecraftForge rejected container SecureJarResource(journeymap)
[05Jan2026 05:59:53.190] [main/DEBUG] [mixin/]: Instancing new MixinPlatformAgentDefault for SecureJarResource(journeymap)
[05Jan2026 05:59:53.190] [main/DEBUG] [mixin/]: MixinPlatformAgentDefault accepted container SecureJarResource(journeymap)
[05Jan2026 05:59:53.190] [main/DEBUG] [mixin/]: Processing prepare() for PlatformAgent[MixinPlatformAgentDefault:SecureJarResource(journeymap)]
[05Jan2026 05:59:53.191] [main/DEBUG] [mixin/]: Registering mixin config: journeymap.mixins.json
[05Jan2026 05:59:53.192] [main/DEBUG] [mixin/]: Adding mixin platform agents for container SecureJarResource(dungeonnowloading)
[05Jan2026 05:59:53.193] [main/DEBUG] [mixin/]: Instancing new MixinPlatformAgentMinecraftForge for SecureJarResource(dungeonnowloading)
[05Jan2026 05:59:53.193] [main/DEBUG] [mixin/]: MixinPlatformAgentMinecraftForge rejected container SecureJarResource(dungeonnowloading)
[05Jan2026 05:59:53.193] [main/DEBUG] [mixin/]: Instancing new MixinPlatformAgentDefault for SecureJarResource(dungeonnowloading)
[05Jan2026 05:59:53.193] [main/DEBUG] [mixin/]: MixinPlatformAgentDefault accepted container SecureJarResource(dungeonnowloading)
[05Jan2026 05:59:53.193] [main/DEBUG] [mixin/]: Processing prepare() for PlatformAgent[MixinPlatformAgentDefault:SecureJarResource(dungeonnowloading)]
[05Jan2026 05:59:53.193] [main/DEBUG] [mixin/]: Registering mixin config: dungeonnowloading.mixins.json
[05Jan2026 05:59:53.195] [main/DEBUG] [mixin/]: Registering mixin config: dungeonnowloading.forge.mixins.json
[05Jan2026 05:59:53.196] [main/DEBUG] [mixin/]: Adding mixin platform agents for container SecureJarResource(integrated_api)
[05Jan2026 05:59:53.196] [main/DEBUG] [mixin/]: Instancing new MixinPlatformAgentMinecraftForge for SecureJarResource(integrated_api)
[05Jan2026 05:59:53.197] [main/DEBUG] [mixin/]: MixinPlatformAgentMinecraftForge rejected container SecureJarResource(integrated_api)
[05Jan2026 05:59:53.197] [main/DEBUG] [mixin/]: Instancing new MixinPlatformAgentDefault for SecureJarResource(integrated_api)
[05Jan2026 05:59:53.197] [main/DEBUG] [mixin/]: MixinPlatformAgentDefault accepted container SecureJarResource(integrated_api)
[05Jan2026 05:59:53.197] [main/DEBUG] [mixin/]: Processing prepare() for PlatformAgent[MixinPlatformAgentDefault:SecureJarResource(integrated_api)]
[05Jan2026 05:59:53.197] [main/DEBUG] [mixin/]: Registering mixin config: integrated_api-common.mixins.json
[05Jan2026 05:59:53.198] [main/DEBUG] [mixin/]: Registering mixin config: integrated_api-forge.mixins.json
[05Jan2026 05:59:53.200] [main/DEBUG] [mixin/]: Adding mixin platform agents for container SecureJarResource(citadel)
[05Jan2026 05:59:53.200] [main/DEBUG] [mixin/]: Instancing new MixinPlatformAgentMinecraftForge for SecureJarResource(citadel)
[05Jan2026 05:59:53.200] [main/DEBUG] [mixin/]: MixinPlatformAgentMinecraftForge rejected container SecureJarResource(citadel)
[05Jan2026 05:59:53.200] [main/DEBUG] [mixin/]: Instancing new MixinPlatformAgentDefault for SecureJarResource(citadel)
[05Jan2026 05:59:53.200] [main/DEBUG] [mixin/]: MixinPlatformAgentDefault accepted container SecureJarResource(citadel)
[05Jan2026 05:59:53.200] [main/DEBUG] [mixin/]: Processing prepare() for PlatformAgent[MixinPlatformAgentDefault:SecureJarResource(citadel)]
[05Jan2026 05:59:53.200] [main/DEBUG] [mixin/]: Registering mixin config: citadel.mixins.json
[05Jan2026 05:59:53.202] [main/DEBUG] [mixin/]: Adding mixin platform agents for container SecureJarResource(alexsmobs)
[05Jan2026 05:59:53.202] [main/DEBUG] [mixin/]: Instancing new MixinPlatformAgentMinecraftForge for SecureJarResource(alexsmobs)
[05Jan2026 05:59:53.202] [main/DEBUG] [mixin/]: MixinPlatformAgentMinecraftForge rejected container SecureJarResource(alexsmobs)
[05Jan2026 05:59:53.202] [main/DEBUG] [mixin/]: Instancing new MixinPlatformAgentDefault for SecureJarResource(alexsmobs)
[05Jan2026 05:59:53.202] [main/DEBUG] [mixin/]: MixinPlatformAgentDefault accepted container SecureJarResource(alexsmobs)
[05Jan2026 05:59:53.202] [main/DEBUG] [mixin/]: Processing prepare() for PlatformAgent[MixinPlatformAgentDefault:SecureJarResource(alexsmobs)]
[05Jan2026 05:59:53.202] [main/DEBUG] [mixin/]: Registering mixin config: citadel.mixins.json
[05Jan2026 05:59:53.202] [main/DEBUG] [mixin/]: Adding mixin platform agents for container SecureJarResource(travelersbackpack)
[05Jan2026 05:59:53.202] [main/DEBUG] [mixin/]: Instancing new MixinPlatformAgentMinecraftForge for SecureJarResource(travelersbackpack)
[05Jan2026 05:59:53.202] [main/DEBUG] [mixin/]: MixinPlatformAgentMinecraftForge rejected container SecureJarResource(travelersbackpack)
[05Jan2026 05:59:53.203] [main/DEBUG] [mixin/]: Instancing new MixinPlatformAgentDefault for SecureJarResource(travelersbackpack)
[05Jan2026 05:59:53.203] [main/DEBUG] [mixin/]: MixinPlatformAgentDefault accepted container SecureJarResource(travelersbackpack)
[05Jan2026 05:59:53.203] [main/DEBUG] [mixin/]: Processing prepare() for PlatformAgent[MixinPlatformAgentDefault:SecureJarResource(travelersbackpack)]
[05Jan2026 05:59:53.203] [main/DEBUG] [mixin/]: Adding mixin platform agents for container SecureJarResource(mixinextras)
[05Jan2026 05:59:53.203] [main/DEBUG] [mixin/]: Instancing new MixinPlatformAgentMinecraftForge for SecureJarResource(mixinextras)
[05Jan2026 05:59:53.203] [main/DEBUG] [mixin/]: MixinPlatformAgentMinecraftForge rejected container SecureJarResource(mixinextras)
[05Jan2026 05:59:53.203] [main/DEBUG] [mixin/]: Instancing new MixinPlatformAgentDefault for SecureJarResource(mixinextras)
[05Jan2026 05:59:53.203] [main/DEBUG] [mixin/]: MixinPlatformAgentDefault accepted container SecureJarResource(mixinextras)
[05Jan2026 05:59:53.203] [main/DEBUG] [mixin/]: Processing prepare() for PlatformAgent[MixinPlatformAgentDefault:SecureJarResource(mixinextras)]
[05Jan2026 05:59:53.203] [main/DEBUG] [mixin/]: Registering mixin config: mixinextras.init.mixins.json
[05Jan2026 05:59:53.205] [main/DEBUG] [mixin/]: Adding mixin platform agents for container SecureJarResource(mirabilis)
[05Jan2026 05:59:53.206] [main/DEBUG] [mixin/]: Instancing new MixinPlatformAgentMinecraftForge for SecureJarResource(mirabilis)
[05Jan2026 05:59:53.206] [main/DEBUG] [mixin/]: MixinPlatformAgentMinecraftForge rejected container SecureJarResource(mirabilis)
[05Jan2026 05:59:53.206] [main/DEBUG] [mixin/]: Instancing new MixinPlatformAgentDefault for SecureJarResource(mirabilis)
[05Jan2026 05:59:53.206] [main/DEBUG] [mixin/]: MixinPlatformAgentDefault accepted container SecureJarResource(mirabilis)
[05Jan2026 05:59:53.206] [main/DEBUG] [mixin/]: Processing prepare() for PlatformAgent[MixinPlatformAgentDefault:SecureJarResource(mirabilis)]
[05Jan2026 05:59:53.206] [main/DEBUG] [mixin/]: Adding mixin platform agents for container SecureJarResource(hopour)
[05Jan2026 05:59:53.207] [main/DEBUG] [mixin/]: Instancing new MixinPlatformAgentMinecraftForge for SecureJarResource(hopour)
[05Jan2026 05:59:53.207] [main/DEBUG] [mixin/]: MixinPlatformAgentMinecraftForge rejected container SecureJarResource(hopour)
[05Jan2026 05:59:53.207] [main/DEBUG] [mixin/]: Instancing new MixinPlatformAgentDefault for SecureJarResource(hopour)
[05Jan2026 05:59:53.207] [main/DEBUG] [mixin/]: MixinPlatformAgentDefault accepted container SecureJarResource(hopour)
[05Jan2026 05:59:53.207] [main/DEBUG] [mixin/]: Processing prepare() for PlatformAgent[MixinPlatformAgentDefault:SecureJarResource(hopour)]
[05Jan2026 05:59:53.208] [main/DEBUG] [mixin/]: Adding mixin platform agents for container SecureJarResource(grimoireofgaia)
[05Jan2026 05:59:53.208] [main/DEBUG] [mixin/]: Instancing new MixinPlatformAgentMinecraftForge for SecureJarResource(grimoireofgaia)
[05Jan2026 05:59:53.208] [main/DEBUG] [mixin/]: MixinPlatformAgentMinecraftForge rejected container SecureJarResource(grimoireofgaia)
[05Jan2026 05:59:53.208] [main/DEBUG] [mixin/]: Instancing new MixinPlatformAgentDefault for SecureJarResource(grimoireofgaia)
[05Jan2026 05:59:53.208] [main/DEBUG] [mixin/]: MixinPlatformAgentDefault accepted container SecureJarResource(grimoireofgaia)
[05Jan2026 05:59:53.208] [main/DEBUG] [mixin/]: Processing prepare() for PlatformAgent[MixinPlatformAgentDefault:SecureJarResource(grimoireofgaia)]
[05Jan2026 05:59:53.208] [main/DEBUG] [mixin/]: Adding mixin platform agents for container SecureJarResource(iceandfire)
[05Jan2026 05:59:53.208] [main/DEBUG] [mixin/]: Instancing new MixinPlatformAgentMinecraftForge for SecureJarResource(iceandfire)
[05Jan2026 05:59:53.208] [main/DEBUG] [mixin/]: MixinPlatformAgentMinecraftForge rejected container SecureJarResource(iceandfire)
[05Jan2026 05:59:53.208] [main/DEBUG] [mixin/]: Instancing new MixinPlatformAgentDefault for SecureJarResource(iceandfire)
[05Jan2026 05:59:53.209] [main/DEBUG] [mixin/]: MixinPlatformAgentDefault accepted container SecureJarResource(iceandfire)
[05Jan2026 05:59:53.209] [main/DEBUG] [mixin/]: Processing prepare() for PlatformAgent[MixinPlatformAgentDefault:SecureJarResource(iceandfire)]
[05Jan2026 05:59:53.209] [main/DEBUG] [mixin/]: Registering mixin config: iceandfire.mixins.json
[05Jan2026 05:59:53.211] [main/DEBUG] [mixin/]: Adding mixin platform agents for container SecureJarResource(orcz)
[05Jan2026 05:59:53.211] [main/DEBUG] [mixin/]: Instancing new MixinPlatformAgentMinecraftForge for SecureJarResource(orcz)
[05Jan2026 05:59:53.211] [main/DEBUG] [mixin/]: MixinPlatformAgentMinecraftForge rejected container SecureJarResource(orcz)
[05Jan2026 05:59:53.211] [main/DEBUG] [mixin/]: Instancing new MixinPlatformAgentDefault for SecureJarResource(orcz)
[05Jan2026 05:59:53.211] [main/DEBUG] [mixin/]: MixinPlatformAgentDefault accepted container SecureJarResource(orcz)
[05Jan2026 05:59:53.212] [main/DEBUG] [mixin/]: Processing prepare() for PlatformAgent[MixinPlatformAgentDefault:SecureJarResource(orcz)]
[05Jan2026 05:59:53.212] [main/DEBUG] [mixin/]: Adding mixin platform agents for container SecureJarResource(morehitboxes)
[05Jan2026 05:59:53.212] [main/DEBUG] [mixin/]: Instancing new MixinPlatformAgentMinecraftForge for SecureJarResource(morehitboxes)
[05Jan2026 05:59:53.212] [main/DEBUG] [mixin/]: MixinPlatformAgentMinecraftForge rejected container SecureJarResource(morehitboxes)
[05Jan2026 05:59:53.212] [main/DEBUG] [mixin/]: Instancing new MixinPlatformAgentDefault for SecureJarResource(morehitboxes)
[05Jan2026 05:59:53.212] [main/DEBUG] [mixin/]: MixinPlatformAgentDefault accepted container SecureJarResource(morehitboxes)
[05Jan2026 05:59:53.212] [main/DEBUG] [mixin/]: Processing prepare() for PlatformAgent[MixinPlatformAgentDefault:SecureJarResource(morehitboxes)]
[05Jan2026 05:59:53.212] [main/DEBUG] [mixin/]: Registering mixin config: morehitboxes.mixins.json
[05Jan2026 05:59:53.214] [main/DEBUG] [mixin/]: Adding mixin platform agents for container SecureJarResource(bosses_of_mass_destruction)
[05Jan2026 05:59:53.214] [main/DEBUG] [mixin/]: Instancing new MixinPlatformAgentMinecraftForge for SecureJarResource(bosses_of_mass_destruction)
[05Jan2026 05:59:53.214] [main/DEBUG] [mixin/]: MixinPlatformAgentMinecraftForge rejected container SecureJarResource(bosses_of_mass_destruction)
[05Jan2026 05:59:53.214] [main/DEBUG] [mixin/]: Instancing new MixinPlatformAgentDefault for SecureJarResource(bosses_of_mass_destruction)
[05Jan2026 05:59:53.214] [main/DEBUG] [mixin/]: MixinPlatformAgentDefault accepted container SecureJarResource(bosses_of_mass_destruction)
[05Jan2026 05:59:53.214] [main/DEBUG] [mixin/]: Processing prepare() for PlatformAgent[MixinPlatformAgentDefault:SecureJarResource(bosses_of_mass_destruction)]
[05Jan2026 05:59:53.214] [main/DEBUG] [mixin/]: Registering mixin config: mixins.bosses_of_mass_destruction.json
[05Jan2026 05:59:53.215] [main/DEBUG] [mixin/]: Adding mixin platform agents for container SecureJarResource(swampier_swamps)
[05Jan2026 05:59:53.215] [main/DEBUG] [mixin/]: Instancing new MixinPlatformAgentMinecraftForge for SecureJarResource(swampier_swamps)
[05Jan2026 05:59:53.216] [main/DEBUG] [mixin/]: MixinPlatformAgentMinecraftForge rejected container SecureJarResource(swampier_swamps)
[05Jan2026 05:59:53.216] [main/DEBUG] [mixin/]: Instancing new MixinPlatformAgentDefault for SecureJarResource(swampier_swamps)
[05Jan2026 05:59:53.216] [main/DEBUG] [mixin/]: MixinPlatformAgentDefault accepted container SecureJarResource(swampier_swamps)
[05Jan2026 05:59:53.216] [main/DEBUG] [mixin/]: Processing prepare() for PlatformAgent[MixinPlatformAgentDefault:SecureJarResource(swampier_swamps)]
[05Jan2026 05:59:53.216] [main/DEBUG] [mixin/]: Registering mixin config: swampier_swamps.mixins.json
[05Jan2026 05:59:53.217] [main/DEBUG] [mixin/]: Compatibility level JAVA_16 specified by swampier_swamps.mixins.json is higher than the maximum level supported by this version of mixin (JAVA_13).
[05Jan2026 05:59:53.217] [main/DEBUG] [mixin/]: Adding mixin platform agents for container SecureJarResource(morevanillashields)
[05Jan2026 05:59:53.217] [main/DEBUG] [mixin/]: Instancing new MixinPlatformAgentMinecraftForge for SecureJarResource(morevanillashields)
[05Jan2026 05:59:53.217] [main/DEBUG] [mixin/]: MixinPlatformAgentMinecraftForge rejected container SecureJarResource(morevanillashields)
[05Jan2026 05:59:53.217] [main/DEBUG] [mixin/]: Instancing new MixinPlatformAgentDefault for SecureJarResource(morevanillashields)
[05Jan2026 05:59:53.217] [main/DEBUG] [mixin/]: MixinPlatformAgentDefault accepted container SecureJarResource(morevanillashields)
[05Jan2026 05:59:53.218] [main/DEBUG] [mixin/]: Processing prepare() for PlatformAgent[MixinPlatformAgentDefault:SecureJarResource(morevanillashields)]
[05Jan2026 05:59:53.218] [main/DEBUG] [mixin/]: Adding mixin platform agents for container SecureJarResource(puzzlesaccessapi)
[05Jan2026 05:59:53.218] [main/DEBUG] [mixin/]: Instancing new MixinPlatformAgentMinecraftForge for SecureJarResource(puzzlesaccessapi)
[05Jan2026 05:59:53.218] [main/DEBUG] [mixin/]: MixinPlatformAgentMinecraftForge rejected container SecureJarResource(puzzlesaccessapi)
[05Jan2026 05:59:53.218] [main/DEBUG] [mixin/]: Instancing new MixinPlatformAgentDefault for SecureJarResource(puzzlesaccessapi)
[05Jan2026 05:59:53.218] [main/DEBUG] [mixin/]: MixinPlatformAgentDefault accepted container SecureJarResource(puzzlesaccessapi)
[05Jan2026 05:59:53.218] [main/DEBUG] [mixin/]: Processing prepare() for PlatformAgent[MixinPlatformAgentDefault:SecureJarResource(puzzlesaccessapi)]
[05Jan2026 05:59:53.218] [main/DEBUG] [mixin/]: Adding mixin platform agents for container SecureJarResource(cloth_config)
[05Jan2026 05:59:53.218] [main/DEBUG] [mixin/]: Instancing new MixinPlatformAgentMinecraftForge for SecureJarResource(cloth_config)
[05Jan2026 05:59:53.218] [main/DEBUG] [mixin/]: MixinPlatformAgentMinecraftForge rejected container SecureJarResource(cloth_config)
[05Jan2026 05:59:53.218] [main/DEBUG] [mixin/]: Instancing new MixinPlatformAgentDefault for SecureJarResource(cloth_config)
[05Jan2026 05:59:53.218] [main/DEBUG] [mixin/]: MixinPlatformAgentDefault accepted container SecureJarResource(cloth_config)
[05Jan2026 05:59:53.218] [main/DEBUG] [mixin/]: Processing prepare() for PlatformAgent[MixinPlatformAgentDefault:SecureJarResource(cloth_config)]
[05Jan2026 05:59:53.218] [main/DEBUG] [mixin/]: Adding mixin platform agents for container SecureJarResource(forge)
[05Jan2026 05:59:53.219] [main/DEBUG] [mixin/]: Instancing new MixinPlatformAgentMinecraftForge for SecureJarResource(forge)
[05Jan2026 05:59:53.219] [main/DEBUG] [mixin/]: MixinPlatformAgentMinecraftForge rejected container SecureJarResource(forge)
[05Jan2026 05:59:53.219] [main/DEBUG] [mixin/]: Instancing new MixinPlatformAgentDefault for SecureJarResource(forge)
[05Jan2026 05:59:53.219] [main/DEBUG] [mixin/]: MixinPlatformAgentDefault accepted container SecureJarResource(forge)
[05Jan2026 05:59:53.219] [main/DEBUG] [mixin/]: Processing prepare() for PlatformAgent[MixinPlatformAgentDefault:SecureJarResource(forge)]
[05Jan2026 05:59:53.219] [main/DEBUG] [mixin/]: Adding mixin platform agents for container SecureJarResource(iter_rpg)
[05Jan2026 05:59:53.219] [main/DEBUG] [mixin/]: Instancing new MixinPlatformAgentMinecraftForge for SecureJarResource(iter_rpg)
[05Jan2026 05:59:53.219] [main/DEBUG] [mixin/]: MixinPlatformAgentMinecraftForge rejected container SecureJarResource(iter_rpg)
[05Jan2026 05:59:53.219] [main/DEBUG] [mixin/]: Instancing new MixinPlatformAgentDefault for SecureJarResource(iter_rpg)
[05Jan2026 05:59:53.219] [main/DEBUG] [mixin/]: MixinPlatformAgentDefault accepted container SecureJarResource(iter_rpg)
[05Jan2026 05:59:53.219] [main/DEBUG] [mixin/]: Processing prepare() for PlatformAgent[MixinPlatformAgentDefault:SecureJarResource(iter_rpg)]
[05Jan2026 05:59:53.219] [main/DEBUG] [mixin/]: Adding mixin platform agents for container SecureJarResource(zillagersweararmor)
[05Jan2026 05:59:53.219] [main/DEBUG] [mixin/]: Instancing new MixinPlatformAgentMinecraftForge for SecureJarResource(zillagersweararmor)
[05Jan2026 05:59:53.219] [main/DEBUG] [mixin/]: MixinPlatformAgentMinecraftForge rejected container SecureJarResource(zillagersweararmor)
[05Jan2026 05:59:53.219] [main/DEBUG] [mixin/]: Instancing new MixinPlatformAgentDefault for SecureJarResource(zillagersweararmor)
[05Jan2026 05:59:53.219] [main/DEBUG] [mixin/]: MixinPlatformAgentDefault accepted container SecureJarResource(zillagersweararmor)
[05Jan2026 05:59:53.219] [main/DEBUG] [mixin/]: Processing prepare() for PlatformAgent[MixinPlatformAgentDefault:SecureJarResource(zillagersweararmor)]
[05Jan2026 05:59:53.219] [main/DEBUG] [mixin/]: Adding mixin platform agents for container SecureJarResource(minecraft)
[05Jan2026 05:59:53.219] [main/DEBUG] [mixin/]: Instancing new MixinPlatformAgentMinecraftForge for SecureJarResource(minecraft)
[05Jan2026 05:59:53.219] [main/DEBUG] [mixin/]: MixinPlatformAgentMinecraftForge rejected container SecureJarResource(minecraft)
[05Jan2026 05:59:53.219] [main/DEBUG] [mixin/]: Instancing new MixinPlatformAgentDefault for SecureJarResource(minecraft)
[05Jan2026 05:59:53.219] [main/DEBUG] [mixin/]: MixinPlatformAgentDefault accepted container SecureJarResource(minecraft)
[05Jan2026 05:59:53.219] [main/DEBUG] [mixin/]: Processing prepare() for PlatformAgent[MixinPlatformAgentDefault:SecureJarResource(minecraft)]
[05Jan2026 05:59:53.219] [main/DEBUG] [mixin/]: Adding mixin platform agents for container SecureJarResource(morevillagers)
[05Jan2026 05:59:53.219] [main/DEBUG] [mixin/]: Instancing new MixinPlatformAgentMinecraftForge for SecureJarResource(morevillagers)
[05Jan2026 05:59:53.219] [main/DEBUG] [mixin/]: MixinPlatformAgentMinecraftForge rejected container SecureJarResource(morevillagers)
[05Jan2026 05:59:53.219] [main/DEBUG] [mixin/]: Instancing new MixinPlatformAgentDefault for SecureJarResource(morevillagers)
[05Jan2026 05:59:53.219] [main/DEBUG] [mixin/]: MixinPlatformAgentDefault accepted container SecureJarResource(morevillagers)
[05Jan2026 05:59:53.220] [main/DEBUG] [mixin/]: Processing prepare() for PlatformAgent[MixinPlatformAgentDefault:SecureJarResource(morevillagers)]
[05Jan2026 05:59:53.220] [main/DEBUG] [mixin/]: Registering mixin config: morevillagers-common.mixins.json
[05Jan2026 05:59:53.221] [main/DEBUG] [mixin/]: Registering mixin config: morevillagers.mixins.json
[05Jan2026 05:59:53.223] [main/DEBUG] [mixin/]: Adding mixin platform agents for container SecureJarResource(terrablender)
[05Jan2026 05:59:53.223] [main/DEBUG] [mixin/]: Instancing new MixinPlatformAgentMinecraftForge for SecureJarResource(terrablender)
[05Jan2026 05:59:53.223] [main/DEBUG] [mixin/]: MixinPlatformAgentMinecraftForge rejected container SecureJarResource(terrablender)
[05Jan2026 05:59:53.223] [main/DEBUG] [mixin/]: Instancing new MixinPlatformAgentDefault for SecureJarResource(terrablender)
[05Jan2026 05:59:53.223] [main/DEBUG] [mixin/]: MixinPlatformAgentDefault accepted container SecureJarResource(terrablender)
[05Jan2026 05:59:53.223] [main/DEBUG] [mixin/]: Processing prepare() for PlatformAgent[MixinPlatformAgentDefault:SecureJarResource(terrablender)]
[05Jan2026 05:59:53.223] [main/DEBUG] [mixin/]: Registering mixin config: terrablender.mixins.json
[05Jan2026 05:59:53.225] [main/DEBUG] [mixin/]: Registering mixin config: terrablender_forge.mixins.json
[05Jan2026 05:59:53.226] [main/DEBUG] [mixin/]: Adding mixin platform agents for container SecureJarResource(ambientsounds)
[05Jan2026 05:59:53.226] [main/DEBUG] [mixin/]: Instancing new MixinPlatformAgentMinecraftForge for SecureJarResource(ambientsounds)
[05Jan2026 05:59:53.226] [main/DEBUG] [mixin/]: MixinPlatformAgentMinecraftForge rejected container SecureJarResource(ambientsounds)
[05Jan2026 05:59:53.226] [main/DEBUG] [mixin/]: Instancing new MixinPlatformAgentDefault for SecureJarResource(ambientsounds)
[05Jan2026 05:59:53.226] [main/DEBUG] [mixin/]: MixinPlatformAgentDefault accepted container SecureJarResource(ambientsounds)
[05Jan2026 05:59:53.227] [main/DEBUG] [mixin/]: Processing prepare() for PlatformAgent[MixinPlatformAgentDefault:SecureJarResource(ambientsounds)]
[05Jan2026 05:59:53.227] [main/DEBUG] [mixin/]: Registering mixin config: ambientsounds.mixins.json
[05Jan2026 05:59:53.228] [main/DEBUG] [mixin/]: Adding mixin platform agents for container SecureJarResource(bloodandmadness)
[05Jan2026 05:59:53.228] [main/DEBUG] [mixin/]: Instancing new MixinPlatformAgentMinecraftForge for SecureJarResource(bloodandmadness)
[05Jan2026 05:59:53.228] [main/DEBUG] [mixin/]: MixinPlatformAgentMinecraftForge rejected container SecureJarResource(bloodandmadness)
[05Jan2026 05:59:53.228] [main/DEBUG] [mixin/]: Instancing new MixinPlatformAgentDefault for SecureJarResource(bloodandmadness)
[05Jan2026 05:59:53.228] [main/DEBUG] [mixin/]: MixinPlatformAgentDefault accepted container SecureJarResource(bloodandmadness)
[05Jan2026 05:59:53.228] [main/DEBUG] [mixin/]: Processing prepare() for PlatformAgent[MixinPlatformAgentDefault:SecureJarResource(bloodandmadness)]
[05Jan2026 05:59:53.228] [main/DEBUG] [mixin/]: Adding mixin platform agents for container SecureJarResource(netherdungeons)
[05Jan2026 05:59:53.228] [main/DEBUG] [mixin/]: Instancing new MixinPlatformAgentMinecraftForge for SecureJarResource(netherdungeons)
[05Jan2026 05:59:53.229] [main/DEBUG] [mixin/]: MixinPlatformAgentMinecraftForge rejected container SecureJarResource(netherdungeons)
[05Jan2026 05:59:53.229] [main/DEBUG] [mixin/]: Instancing new MixinPlatformAgentDefault for SecureJarResource(netherdungeons)
[05Jan2026 05:59:53.229] [main/DEBUG] [mixin/]: MixinPlatformAgentDefault accepted container SecureJarResource(netherdungeons)
[05Jan2026 05:59:53.229] [main/DEBUG] [mixin/]: Processing prepare() for PlatformAgent[MixinPlatformAgentDefault:SecureJarResource(netherdungeons)]
[05Jan2026 05:59:53.229] [main/DEBUG] [mixin/]: Registering mixin config: mixins.netherdungeons.json
[05Jan2026 05:59:53.230] [main/DEBUG] [mixin/]: Adding mixin platform agents for container SecureJarResource(taxcp)
[05Jan2026 05:59:53.230] [main/DEBUG] [mixin/]: Instancing new MixinPlatformAgentMinecraftForge for SecureJarResource(taxcp)
[05Jan2026 05:59:53.230] [main/DEBUG] [mixin/]: MixinPlatformAgentMinecraftForge rejected container SecureJarResource(taxcp)
[05Jan2026 05:59:53.230] [main/DEBUG] [mixin/]: Instancing new MixinPlatformAgentDefault for SecureJarResource(taxcp)
[05Jan2026 05:59:53.230] [main/DEBUG] [mixin/]: MixinPlatformAgentDefault accepted container SecureJarResource(taxcp)
[05Jan2026 05:59:53.230] [main/DEBUG] [mixin/]: Processing prepare() for PlatformAgent[MixinPlatformAgentDefault:SecureJarResource(taxcp)]
[05Jan2026 05:59:53.231] [main/DEBUG] [mixin/]: Adding mixin platform agents for container SecureJarResource(biomesoplenty)
[05Jan2026 05:59:53.231] [main/DEBUG] [mixin/]: Instancing new MixinPlatformAgentMinecraftForge for SecureJarResource(biomesoplenty)
[05Jan2026 05:59:53.231] [main/DEBUG] [mixin/]: MixinPlatformAgentMinecraftForge rejected container SecureJarResource(biomesoplenty)
[05Jan2026 05:59:53.231] [main/DEBUG] [mixin/]: Instancing new MixinPlatformAgentDefault for SecureJarResource(biomesoplenty)
[05Jan2026 05:59:53.231] [main/DEBUG] [mixin/]: MixinPlatformAgentDefault accepted container SecureJarResource(biomesoplenty)
[05Jan2026 05:59:53.231] [main/DEBUG] [mixin/]: Processing prepare() for PlatformAgent[MixinPlatformAgentDefault:SecureJarResource(biomesoplenty)]
[05Jan2026 05:59:53.231] [main/DEBUG] [mixin/]: Adding mixin platform agents for container SecureJarResource(endrem)
[05Jan2026 05:59:53.231] [main/DEBUG] [mixin/]: Instancing new MixinPlatformAgentMinecraftForge for SecureJarResource(endrem)
[05Jan2026 05:59:53.231] [main/DEBUG] [mixin/]: MixinPlatformAgentMinecraftForge rejected container SecureJarResource(endrem)
[05Jan2026 05:59:53.231] [main/DEBUG] [mixin/]: Instancing new MixinPlatformAgentDefault for SecureJarResource(endrem)
[05Jan2026 05:59:53.231] [main/DEBUG] [mixin/]: MixinPlatformAgentDefault accepted container SecureJarResource(endrem)
[05Jan2026 05:59:53.231] [main/DEBUG] [mixin/]: Processing prepare() for PlatformAgent[MixinPlatformAgentDefault:SecureJarResource(endrem)]
[05Jan2026 05:59:53.231] [main/DEBUG] [mixin/]: Registering mixin config: endrem.mixins.json
[05Jan2026 05:59:53.233] [main/DEBUG] [mixin/]: Adding mixin platform agents for container SecureJarResource(justenoughbreeding)
[05Jan2026 05:59:53.233] [main/DEBUG] [mixin/]: Instancing new MixinPlatformAgentMinecraftForge for SecureJarResource(justenoughbreeding)
[05Jan2026 05:59:53.233] [main/DEBUG] [mixin/]: MixinPlatformAgentMinecraftForge rejected container SecureJarResource(justenoughbreeding)
[05Jan2026 05:59:53.233] [main/DEBUG] [mixin/]: Instancing new MixinPlatformAgentDefault for SecureJarResource(justenoughbreeding)
[05Jan2026 05:59:53.233] [main/DEBUG] [mixin/]: MixinPlatformAgentDefault accepted container SecureJarResource(justenoughbreeding)
[05Jan2026 05:59:53.233] [main/DEBUG] [mixin/]: Processing prepare() for PlatformAgent[MixinPlatformAgentDefault:SecureJarResource(justenoughbreeding)]
[05Jan2026 05:59:53.233] [main/DEBUG] [mixin/]: Adding mixin platform agents for container SecureJarResource(hoporp)
[05Jan2026 05:59:53.233] [main/DEBUG] [mixin/]: Instancing new MixinPlatformAgentMinecraftForge for SecureJarResource(hoporp)
[05Jan2026 05:59:53.233] [main/DEBUG] [mixin/]: MixinPlatformAgentMinecraftForge rejected container SecureJarResource(hoporp)
[05Jan2026 05:59:53.233] [main/DEBUG] [mixin/]: Instancing new MixinPlatformAgentDefault for SecureJarResource(hoporp)
[05Jan2026 05:59:53.233] [main/DEBUG] [mixin/]: MixinPlatformAgentDefault accepted container SecureJarResource(hoporp)
[05Jan2026 05:59:53.233] [main/DEBUG] [mixin/]: Processing prepare() for PlatformAgent[MixinPlatformAgentDefault:SecureJarResource(hoporp)]
[05Jan2026 05:59:53.233] [main/DEBUG] [mixin/]: Adding mixin platform agents for container SecureJarResource(creativecore)
[05Jan2026 05:59:53.233] [main/DEBUG] [mixin/]: Instancing new MixinPlatformAgentMinecraftForge for SecureJarResource(creativecore)
[05Jan2026 05:59:53.233] [main/DEBUG] [mixin/]: MixinPlatformAgentMinecraftForge rejected container SecureJarResource(creativecore)
[05Jan2026 05:59:53.233] [main/DEBUG] [mixin/]: Instancing new MixinPlatformAgentDefault for SecureJarResource(creativecore)
[05Jan2026 05:59:53.233] [main/DEBUG] [mixin/]: MixinPlatformAgentDefault accepted container SecureJarResource(creativecore)
[05Jan2026 05:59:53.233] [main/DEBUG] [mixin/]: Processing prepare() for PlatformAgent[MixinPlatformAgentDefault:SecureJarResource(creativecore)]
[05Jan2026 05:59:53.233] [main/DEBUG] [mixin/]: Registering mixin config: creativecore.mixins.json
[05Jan2026 05:59:53.235] [main/DEBUG] [mixin/]: Registering mixin config: creativecore.forge.mixins.json
[05Jan2026 05:59:53.236] [main/DEBUG] [mixin/]: Adding mixin platform agents for container SecureJarResource(forbidden_arcanus)
[05Jan2026 05:59:53.236] [main/DEBUG] [mixin/]: Instancing new MixinPlatformAgentMinecraftForge for SecureJarResource(forbidden_arcanus)
[05Jan2026 05:59:53.237] [main/DEBUG] [mixin/]: MixinPlatformAgentMinecraftForge rejected container SecureJarResource(forbidden_arcanus)
[05Jan2026 05:59:53.237] [main/DEBUG] [mixin/]: Instancing new MixinPlatformAgentDefault for SecureJarResource(forbidden_arcanus)
[05Jan2026 05:59:53.237] [main/DEBUG] [mixin/]: MixinPlatformAgentDefault accepted container SecureJarResource(forbidden_arcanus)
[05Jan2026 05:59:53.237] [main/DEBUG] [mixin/]: Processing prepare() for PlatformAgent[MixinPlatformAgentDefault:SecureJarResource(forbidden_arcanus)]
[05Jan2026 05:59:53.237] [main/DEBUG] [mixin/]: Registering mixin config: forbidden_arcanus.mixins.json
[05Jan2026 05:59:53.238] [main/DEBUG] [mixin/]: Compatibility level JAVA_16 specified by forbidden_arcanus.mixins.json is higher than the maximum level supported by this version of mixin (JAVA_13).
[05Jan2026 05:59:53.239] [main/DEBUG] [mixin/]: Adding mixin platform agents for container SecureJarResource(born_in_chaos_v1)
[05Jan2026 05:59:53.239] [main/DEBUG] [mixin/]: Instancing new MixinPlatformAgentMinecraftForge for SecureJarResource(born_in_chaos_v1)
[05Jan2026 05:59:53.239] [main/DEBUG] [mixin/]: MixinPlatformAgentMinecraftForge rejected container SecureJarResource(born_in_chaos_v1)
[05Jan2026 05:59:53.239] [main/DEBUG] [mixin/]: Instancing new MixinPlatformAgentDefault for SecureJarResource(born_in_chaos_v1)
[05Jan2026 05:59:53.239] [main/DEBUG] [mixin/]: MixinPlatformAgentDefault accepted container SecureJarResource(born_in_chaos_v1)
[05Jan2026 05:59:53.239] [main/DEBUG] [mixin/]: Processing prepare() for PlatformAgent[MixinPlatformAgentDefault:SecureJarResource(born_in_chaos_v1)]
[05Jan2026 05:59:53.239] [main/DEBUG] [mixin/]: Adding mixin platform agents for container SecureJarResource(lionfishapi)
[05Jan2026 05:59:53.239] [main/DEBUG] [mixin/]: Instancing new MixinPlatformAgentMinecraftForge for SecureJarResource(lionfishapi)
[05Jan2026 05:59:53.239] [main/DEBUG] [mixin/]: MixinPlatformAgentMinecraftForge rejected container SecureJarResource(lionfishapi)
[05Jan2026 05:59:53.239] [main/DEBUG] [mixin/]: Instancing new MixinPlatformAgentDefault for SecureJarResource(lionfishapi)
[05Jan2026 05:59:53.239] [main/DEBUG] [mixin/]: MixinPlatformAgentDefault accepted container SecureJarResource(lionfishapi)
[05Jan2026 05:59:53.239] [main/DEBUG] [mixin/]: Processing prepare() for PlatformAgent[MixinPlatformAgentDefault:SecureJarResource(lionfishapi)]
[05Jan2026 05:59:53.239] [main/DEBUG] [mixin/]: Registering mixin config: lionfishapi.mixins.json
[05Jan2026 05:59:53.241] [main/DEBUG] [mixin/]: Adding mixin platform agents for container SecureJarResource(philipsruins)
[05Jan2026 05:59:53.241] [main/DEBUG] [mixin/]: Instancing new MixinPlatformAgentMinecraftForge for SecureJarResource(philipsruins)
[05Jan2026 05:59:53.241] [main/DEBUG] [mixin/]: MixinPlatformAgentMinecraftForge rejected container SecureJarResource(philipsruins)
[05Jan2026 05:59:53.241] [main/DEBUG] [mixin/]: Instancing new MixinPlatformAgentDefault for SecureJarResource(philipsruins)
[05Jan2026 05:59:53.241] [main/DEBUG] [mixin/]: MixinPlatformAgentDefault accepted container SecureJarResource(philipsruins)
[05Jan2026 05:59:53.241] [main/DEBUG] [mixin/]: Processing prepare() for PlatformAgent[MixinPlatformAgentDefault:SecureJarResource(philipsruins)]
[05Jan2026 05:59:53.241] [main/DEBUG] [mixin/]: Adding mixin platform agents for container SecureJarResource(cataclysm)
[05Jan2026 05:59:53.241] [main/DEBUG] [mixin/]: Instancing new MixinPlatformAgentMinecraftForge for SecureJarResource(cataclysm)
[05Jan2026 05:59:53.241] [main/DEBUG] [mixin/]: MixinPlatformAgentMinecraftForge rejected container SecureJarResource(cataclysm)
[05Jan2026 05:59:53.241] [main/DEBUG] [mixin/]: Instancing new MixinPlatformAgentDefault for SecureJarResource(cataclysm)
[05Jan2026 05:59:53.241] [main/DEBUG] [mixin/]: MixinPlatformAgentDefault accepted container SecureJarResource(cataclysm)
[05Jan2026 05:59:53.241] [main/DEBUG] [mixin/]: Processing prepare() for PlatformAgent[MixinPlatformAgentDefault:SecureJarResource(cataclysm)]
[05Jan2026 05:59:53.241] [main/DEBUG] [mixin/]: Registering mixin config: lionfishapi.mixins.json
[05Jan2026 05:59:53.241] [main/DEBUG] [mixin/]: Registering mixin config: cataclysm.mixins.json
[05Jan2026 05:59:53.243] [main/DEBUG] [mixin/]: Adding mixin platform agents for container SecureJarResource(curios)
[05Jan2026 05:59:53.243] [main/DEBUG] [mixin/]: Instancing new MixinPlatformAgentMinecraftForge for SecureJarResource(curios)
[05Jan2026 05:59:53.243] [main/DEBUG] [mixin/]: MixinPlatformAgentMinecraftForge rejected container SecureJarResource(curios)
[05Jan2026 05:59:53.243] [main/DEBUG] [mixin/]: Instancing new MixinPlatformAgentDefault for SecureJarResource(curios)
[05Jan2026 05:59:53.243] [main/DEBUG] [mixin/]: MixinPlatformAgentDefault accepted container SecureJarResource(curios)
[05Jan2026 05:59:53.243] [main/DEBUG] [mixin/]: Processing prepare() for PlatformAgent[MixinPlatformAgentDefault:SecureJarResource(curios)]
[05Jan2026 05:59:53.243] [main/DEBUG] [mixin/]: Registering mixin config: curios.mixins.json
[05Jan2026 05:59:53.245] [main/DEBUG] [mixin/]: Adding mixin platform agents for container SecureJarResource(spartanshields)
[05Jan2026 05:59:53.245] [main/DEBUG] [mixin/]: Instancing new MixinPlatformAgentMinecraftForge for SecureJarResource(spartanshields)
[05Jan2026 05:59:53.245] [main/DEBUG] [mixin/]: MixinPlatformAgentMinecraftForge rejected container SecureJarResource(spartanshields)
[05Jan2026 05:59:53.245] [main/DEBUG] [mixin/]: Instancing new MixinPlatformAgentDefault for SecureJarResource(spartanshields)
[05Jan2026 05:59:53.245] [main/DEBUG] [mixin/]: MixinPlatformAgentDefault accepted container SecureJarResource(spartanshields)
[05Jan2026 05:59:53.245] [main/DEBUG] [mixin/]: Processing prepare() for PlatformAgent[MixinPlatformAgentDefault:SecureJarResource(spartanshields)]
[05Jan2026 05:59:53.245] [main/DEBUG] [mixin/]: Adding mixin platform agents for container SecureJarResource(brutalbosses)
[05Jan2026 05:59:53.245] [main/DEBUG] [mixin/]: Instancing new MixinPlatformAgentMinecraftForge for SecureJarResource(brutalbosses)
[05Jan2026 05:59:53.246] [main/DEBUG] [mixin/]: MixinPlatformAgentMinecraftForge rejected container SecureJarResource(brutalbosses)
[05Jan2026 05:59:53.246] [main/DEBUG] [mixin/]: Instancing new MixinPlatformAgentDefault for SecureJarResource(brutalbosses)
[05Jan2026 05:59:53.246] [main/DEBUG] [mixin/]: MixinPlatformAgentDefault accepted container SecureJarResource(brutalbosses)
[05Jan2026 05:59:53.246] [main/DEBUG] [mixin/]: Processing prepare() for PlatformAgent[MixinPlatformAgentDefault:SecureJarResource(brutalbosses)]
[05Jan2026 05:59:53.246] [main/DEBUG] [mixin/]: Registering mixin config: brutalbosses.mixins.json
[05Jan2026 05:59:53.247] [main/DEBUG] [mixin/]: Compatibility level JAVA_8 specified by brutalbosses.mixins.json is lower than the default level supported by the current mixin service (JAVA_16).
[05Jan2026 05:59:53.247] [main/DEBUG] [mixin/]: Adding mixin platform agents for container SecureJarResource(gravestone)
[05Jan2026 05:59:53.248] [main/DEBUG] [mixin/]: Instancing new MixinPlatformAgentMinecraftForge for SecureJarResource(gravestone)
[05Jan2026 05:59:53.248] [main/DEBUG] [mixin/]: MixinPlatformAgentMinecraftForge rejected container SecureJarResource(gravestone)
[05Jan2026 05:59:53.248] [main/DEBUG] [mixin/]: Instancing new MixinPlatformAgentDefault for SecureJarResource(gravestone)
[05Jan2026 05:59:53.248] [main/DEBUG] [mixin/]: MixinPlatformAgentDefault accepted container SecureJarResource(gravestone)
[05Jan2026 05:59:53.248] [main/DEBUG] [mixin/]: Processing prepare() for PlatformAgent[MixinPlatformAgentDefault:SecureJarResource(gravestone)]
[05Jan2026 05:59:53.248] [main/DEBUG] [mixin/]: Adding mixin platform agents for container SecureJarResource(cerbons_api)
[05Jan2026 05:59:53.248] [main/DEBUG] [mixin/]: Instancing new MixinPlatformAgentMinecraftForge for SecureJarResource(cerbons_api)
[05Jan2026 05:59:53.248] [main/DEBUG] [mixin/]: MixinPlatformAgentMinecraftForge rejected container SecureJarResource(cerbons_api)
[05Jan2026 05:59:53.248] [main/DEBUG] [mixin/]: Instancing new MixinPlatformAgentDefault for SecureJarResource(cerbons_api)
[05Jan2026 05:59:53.248] [main/DEBUG] [mixin/]: MixinPlatformAgentDefault accepted container SecureJarResource(cerbons_api)
[05Jan2026 05:59:53.248] [main/DEBUG] [mixin/]: Processing prepare() for PlatformAgent[MixinPlatformAgentDefault:SecureJarResource(cerbons_api)]
[05Jan2026 05:59:53.248] [main/DEBUG] [mixin/]: Registering mixin config: mixins.cerbons_api.json
[05Jan2026 05:59:53.249] [main/DEBUG] [mixin/]: Adding mixin platform agents for container SecureJarResource(seadwellers)
[05Jan2026 05:59:53.250] [main/DEBUG] [mixin/]: Instancing new MixinPlatformAgentMinecraftForge for SecureJarResource(seadwellers)
[05Jan2026 05:59:53.250] [main/DEBUG] [mixin/]: MixinPlatformAgentMinecraftForge rejected container SecureJarResource(seadwellers)
[05Jan2026 05:59:53.250] [main/DEBUG] [mixin/]: Instancing new MixinPlatformAgentDefault for SecureJarResource(seadwellers)
[05Jan2026 05:59:53.250] [main/DEBUG] [mixin/]: MixinPlatformAgentDefault accepted container SecureJarResource(seadwellers)
[05Jan2026 05:59:53.250] [main/DEBUG] [mixin/]: Processing prepare() for PlatformAgent[MixinPlatformAgentDefault:SecureJarResource(seadwellers)]
[05Jan2026 05:59:53.250] [main/DEBUG] [mixin/]: Adding mixin platform agents for container SecureJarResource(legendary_monsters)
[05Jan2026 05:59:53.250] [main/DEBUG] [mixin/]: Instancing new MixinPlatformAgentMinecraftForge for SecureJarResource(legendary_monsters)
[05Jan2026 05:59:53.250] [main/DEBUG] [mixin/]: MixinPlatformAgentMinecraftForge rejected container SecureJarResource(legendary_monsters)
[05Jan2026 05:59:53.250] [main/DEBUG] [mixin/]: Instancing new MixinPlatformAgentDefault for SecureJarResource(legendary_monsters)
[05Jan2026 05:59:53.250] [main/DEBUG] [mixin/]: MixinPlatformAgentDefault accepted container SecureJarResource(legendary_monsters)
[05Jan2026 05:59:53.250] [main/DEBUG] [mixin/]: Processing prepare() for PlatformAgent[MixinPlatformAgentDefault:SecureJarResource(legendary_monsters)]
[05Jan2026 05:59:53.250] [main/DEBUG] [mixin/]: Registering mixin config: legendary_monsters.mixins.json
[05Jan2026 05:59:53.251] [main/DEBUG] [mixin/]: Adding mixin platform agents for container SecureJarResource(endreborn)
[05Jan2026 05:59:53.251] [main/DEBUG] [mixin/]: Instancing new MixinPlatformAgentMinecraftForge for SecureJarResource(endreborn)
[05Jan2026 05:59:53.252] [main/DEBUG] [mixin/]: MixinPlatformAgentMinecraftForge rejected container SecureJarResource(endreborn)
[05Jan2026 05:59:53.252] [main/DEBUG] [mixin/]: Instancing new MixinPlatformAgentDefault for SecureJarResource(endreborn)
[05Jan2026 05:59:53.252] [main/DEBUG] [mixin/]: MixinPlatformAgentDefault accepted container SecureJarResource(endreborn)
[05Jan2026 05:59:53.252] [main/DEBUG] [mixin/]: Processing prepare() for PlatformAgent[MixinPlatformAgentDefault:SecureJarResource(endreborn)]
[05Jan2026 05:59:53.252] [main/DEBUG] [mixin/]: Adding mixin platform agents for container SecureJarResource(crittersandcompanions)
[05Jan2026 05:59:53.252] [main/DEBUG] [mixin/]: Instancing new MixinPlatformAgentMinecraftForge for SecureJarResource(crittersandcompanions)
[05Jan2026 05:59:53.252] [main/DEBUG] [mixin/]: MixinPlatformAgentMinecraftForge rejected container SecureJarResource(crittersandcompanions)
[05Jan2026 05:59:53.252] [main/DEBUG] [mixin/]: Instancing new MixinPlatformAgentDefault for SecureJarResource(crittersandcompanions)
[05Jan2026 05:59:53.252] [main/DEBUG] [mixin/]: MixinPlatformAgentDefault accepted container SecureJarResource(crittersandcompanions)
[05Jan2026 05:59:53.252] [main/DEBUG] [mixin/]: Processing prepare() for PlatformAgent[MixinPlatformAgentDefault:SecureJarResource(crittersandcompanions)]
[05Jan2026 05:59:53.252] [main/DEBUG] [mixin/]: Registering mixin config: crittersandcompanions.mixins.json
[05Jan2026 05:59:53.253] [main/DEBUG] [mixin/]: Adding mixin platform agents for container SecureJarResource(spartanweaponry)
[05Jan2026 05:59:53.253] [main/DEBUG] [mixin/]: Instancing new MixinPlatformAgentMinecraftForge for SecureJarResource(spartanweaponry)
[05Jan2026 05:59:53.253] [main/DEBUG] [mixin/]: MixinPlatformAgentMinecraftForge rejected container SecureJarResource(spartanweaponry)
[05Jan2026 05:59:53.253] [main/DEBUG] [mixin/]: Instancing new MixinPlatformAgentDefault for SecureJarResource(spartanweaponry)
[05Jan2026 05:59:53.254] [main/DEBUG] [mixin/]: MixinPlatformAgentDefault accepted container SecureJarResource(spartanweaponry)
[05Jan2026 05:59:53.254] [main/DEBUG] [mixin/]: Processing prepare() for PlatformAgent[MixinPlatformAgentDefault:SecureJarResource(spartanweaponry)]
[05Jan2026 05:59:53.254] [main/DEBUG] [mixin/]: Registering mixin config: spartanweaponry.mixins.json
[05Jan2026 05:59:53.255] [main/DEBUG] [mixin/]: Adding mixin platform agents for container SecureJarResource(mvs)
[05Jan2026 05:59:53.255] [main/DEBUG] [mixin/]: Instancing new MixinPlatformAgentMinecraftForge for SecureJarResource(mvs)
[05Jan2026 05:59:53.255] [main/DEBUG] [mixin/]: MixinPlatformAgentMinecraftForge rejected container SecureJarResource(mvs)
[05Jan2026 05:59:53.255] [main/DEBUG] [mixin/]: Instancing new MixinPlatformAgentDefault for SecureJarResource(mvs)
[05Jan2026 05:59:53.255] [main/DEBUG] [mixin/]: MixinPlatformAgentDefault accepted container SecureJarResource(mvs)
[05Jan2026 05:59:53.255] [main/DEBUG] [mixin/]: Processing prepare() for PlatformAgent[MixinPlatformAgentDefault:SecureJarResource(mvs)]
[05Jan2026 05:59:53.255] [main/DEBUG] [mixin/]: Registering mixin config: mvs-common.mixins.json
[05Jan2026 05:59:53.257] [main/DEBUG] [mixin/]: Registering mixin config: mvs-forge.mixins.json
[05Jan2026 05:59:53.259] [main/DEBUG] [mixin/]: Adding mixin platform agents for container SecureJarResource(architectury)
[05Jan2026 05:59:53.259] [main/DEBUG] [mixin/]: Instancing new MixinPlatformAgentMinecraftForge for SecureJarResource(architectury)
[05Jan2026 05:59:53.259] [main/DEBUG] [mixin/]: MixinPlatformAgentMinecraftForge rejected container SecureJarResource(architectury)
[05Jan2026 05:59:53.259] [main/DEBUG] [mixin/]: Instancing new MixinPlatformAgentDefault for SecureJarResource(architectury)
[05Jan2026 05:59:53.259] [main/DEBUG] [mixin/]: MixinPlatformAgentDefault accepted container SecureJarResource(architectury)
[05Jan2026 05:59:53.259] [main/DEBUG] [mixin/]: Processing prepare() for PlatformAgent[MixinPlatformAgentDefault:SecureJarResource(architectury)]
[05Jan2026 05:59:53.259] [main/DEBUG] [mixin/]: Registering mixin config: architectury.mixins.json
[05Jan2026 05:59:53.260] [main/DEBUG] [mixin/]: Compatibility level JAVA_16 specified by architectury.mixins.json is higher than the maximum level supported by this version of mixin (JAVA_13).
[05Jan2026 05:59:53.260] [main/DEBUG] [mixin/]: Registering mixin config: architectury-common.mixins.json
[05Jan2026 05:59:53.262] [main/DEBUG] [mixin/]: Compatibility level JAVA_16 specified by architectury-common.mixins.json is higher than the maximum level supported by this version of mixin (JAVA_13).
[05Jan2026 05:59:53.262] [main/DEBUG] [mixin/]: Adding mixin platform agents for container SecureJarResource(ftblibrary)
[05Jan2026 05:59:53.262] [main/DEBUG] [mixin/]: Instancing new MixinPlatformAgentMinecraftForge for SecureJarResource(ftblibrary)
[05Jan2026 05:59:53.262] [main/DEBUG] [mixin/]: MixinPlatformAgentMinecraftForge rejected container SecureJarResource(ftblibrary)
[05Jan2026 05:59:53.262] [main/DEBUG] [mixin/]: Instancing new MixinPlatformAgentDefault for SecureJarResource(ftblibrary)
[05Jan2026 05:59:53.262] [main/DEBUG] [mixin/]: MixinPlatformAgentDefault accepted container SecureJarResource(ftblibrary)
[05Jan2026 05:59:53.262] [main/DEBUG] [mixin/]: Processing prepare() for PlatformAgent[MixinPlatformAgentDefault:SecureJarResource(ftblibrary)]
[05Jan2026 05:59:53.262] [main/DEBUG] [mixin/]: Registering mixin config: ftblibrary-common.mixins.json
[05Jan2026 05:59:53.264] [main/DEBUG] [mixin/]: Compatibility level JAVA_8 specified by ftblibrary-common.mixins.json is lower than the default level supported by the current mixin service (JAVA_16).
[05Jan2026 05:59:53.264] [main/DEBUG] [mixin/]: Adding mixin platform agents for container SecureJarResource(fossil)
[05Jan2026 05:59:53.264] [main/DEBUG] [mixin/]: Instancing new MixinPlatformAgentMinecraftForge for SecureJarResource(fossil)
[05Jan2026 05:59:53.264] [main/DEBUG] [mixin/]: MixinPlatformAgentMinecraftForge rejected container SecureJarResource(fossil)
[05Jan2026 05:59:53.264] [main/DEBUG] [mixin/]: Instancing new MixinPlatformAgentDefault for SecureJarResource(fossil)
[05Jan2026 05:59:53.264] [main/DEBUG] [mixin/]: MixinPlatformAgentDefault accepted container SecureJarResource(fossil)
[05Jan2026 05:59:53.264] [main/DEBUG] [mixin/]: Processing prepare() for PlatformAgent[MixinPlatformAgentDefault:SecureJarResource(fossil)]
[05Jan2026 05:59:53.264] [main/DEBUG] [mixin/]: Registering mixin config: fossil_forge.mixins.json
[05Jan2026 05:59:53.266] [main/DEBUG] [mixin/]: Registering mixin config: fossil_common.mixins.json
[05Jan2026 05:59:53.268] [main/DEBUG] [mixin/]: Adding mixin platform agents for container SecureJarResource(cupboard)
[05Jan2026 05:59:53.268] [main/DEBUG] [mixin/]: Instancing new MixinPlatformAgentMinecraftForge for SecureJarResource(cupboard)
[05Jan2026 05:59:53.268] [main/DEBUG] [mixin/]: MixinPlatformAgentMinecraftForge rejected container SecureJarResource(cupboard)
[05Jan2026 05:59:53.268] [main/DEBUG] [mixin/]: Instancing new MixinPlatformAgentDefault for SecureJarResource(cupboard)
[05Jan2026 05:59:53.268] [main/DEBUG] [mixin/]: MixinPlatformAgentDefault accepted container SecureJarResource(cupboard)
[05Jan2026 05:59:53.268] [main/DEBUG] [mixin/]: Processing prepare() for PlatformAgent[MixinPlatformAgentDefault:SecureJarResource(cupboard)]
[05Jan2026 05:59:53.268] [main/DEBUG] [mixin/]: Registering mixin config: cupboard.mixins.json
[05Jan2026 05:59:53.270] [main/DEBUG] [mixin/]: Adding mixin platform agents for container SecureJarResource(puzzleslib)
[05Jan2026 05:59:53.270] [main/DEBUG] [mixin/]: Instancing new MixinPlatformAgentMinecraftForge for SecureJarResource(puzzleslib)
[05Jan2026 05:59:53.270] [main/DEBUG] [mixin/]: MixinPlatformAgentMinecraftForge rejected container SecureJarResource(puzzleslib)
[05Jan2026 05:59:53.270] [main/DEBUG] [mixin/]: Instancing new MixinPlatformAgentDefault for SecureJarResource(puzzleslib)
[05Jan2026 05:59:53.270] [main/DEBUG] [mixin/]: MixinPlatformAgentDefault accepted container SecureJarResource(puzzleslib)
[05Jan2026 05:59:53.270] [main/DEBUG] [mixin/]: Processing prepare() for PlatformAgent[MixinPlatformAgentDefault:SecureJarResource(puzzleslib)]
[05Jan2026 05:59:53.270] [main/DEBUG] [mixin/]: Registering mixin config: puzzleslib.common.mixins.json
[05Jan2026 05:59:53.272] [main/DEBUG] [mixin/]: Registering mixin config: puzzleslib.forge.mixins.json
[05Jan2026 05:59:53.274] [main/DEBUG] [mixin/]: Adding mixin platform agents for container SecureJarResource(smallships)
[05Jan2026 05:59:53.274] [main/DEBUG] [mixin/]: Instancing new MixinPlatformAgentMinecraftForge for SecureJarResource(smallships)
[05Jan2026 05:59:53.274] [main/DEBUG] [mixin/]: MixinPlatformAgentMinecraftForge rejected container SecureJarResource(smallships)
[05Jan2026 05:59:53.274] [main/DEBUG] [mixin/]: Instancing new MixinPlatformAgentDefault for SecureJarResource(smallships)
[05Jan2026 05:59:53.274] [main/DEBUG] [mixin/]: MixinPlatformAgentDefault accepted container SecureJarResource(smallships)
[05Jan2026 05:59:53.274] [main/DEBUG] [mixin/]: Processing prepare() for PlatformAgent[MixinPlatformAgentDefault:SecureJarResource(smallships)]
[05Jan2026 05:59:53.274] [main/DEBUG] [mixin/]: Registering mixin config: smallships-common.mixins.json
[05Jan2026 05:59:53.276] [main/DEBUG] [mixin/]: Registering mixin config: smallships-common-soft.mixins.json
[05Jan2026 05:59:53.277] [main/DEBUG] [mixin/]: Registering mixin config: smallships.mixins.json
[05Jan2026 05:59:53.279] [main/DEBUG] [mixin/]: Adding mixin platform agents for container SecureJarResource(valhelsia_core)
[05Jan2026 05:59:53.279] [main/DEBUG] [mixin/]: Instancing new MixinPlatformAgentMinecraftForge for SecureJarResource(valhelsia_core)
[05Jan2026 05:59:53.279] [main/DEBUG] [mixin/]: MixinPlatformAgentMinecraftForge rejected container SecureJarResource(valhelsia_core)
[05Jan2026 05:59:53.279] [main/DEBUG] [mixin/]: Instancing new MixinPlatformAgentDefault for SecureJarResource(valhelsia_core)
[05Jan2026 05:59:53.279] [main/DEBUG] [mixin/]: MixinPlatformAgentDefault accepted container SecureJarResource(valhelsia_core)
[05Jan2026 05:59:53.279] [main/DEBUG] [mixin/]: Processing prepare() for PlatformAgent[MixinPlatformAgentDefault:SecureJarResource(valhelsia_core)]
[05Jan2026 05:59:53.279] [main/DEBUG] [mixin/]: Registering mixin config: valhelsia_core-common.mixins.json
[05Jan2026 05:59:53.281] [main/DEBUG] [mixin/]: Registering mixin config: valhelsia_core.mixins.json
[05Jan2026 05:59:53.282] [main/DEBUG] [mixin/]: Adding mixin platform agents for container SecureJarResource(mclib)
[05Jan2026 05:59:53.282] [main/DEBUG] [mixin/]: Instancing new MixinPlatformAgentMinecraftForge for SecureJarResource(mclib)
[05Jan2026 05:59:53.282] [main/DEBUG] [mixin/]: MixinPlatformAgentMinecraftForge rejected container SecureJarResource(mclib)
[05Jan2026 05:59:53.282] [main/DEBUG] [mixin/]: Instancing new MixinPlatformAgentDefault for SecureJarResource(mclib)
[05Jan2026 05:59:53.282] [main/DEBUG] [mixin/]: MixinPlatformAgentDefault accepted container SecureJarResource(mclib)
[05Jan2026 05:59:53.282] [main/DEBUG] [mixin/]: Processing prepare() for PlatformAgent[MixinPlatformAgentDefault:SecureJarResource(mclib)]
[05Jan2026 05:59:53.282] [main/DEBUG] [mixin/]: Adding mixin platform agents for container SecureJarResource(MixinExtras)
[05Jan2026 05:59:53.282] [main/DEBUG] [mixin/]: Instancing new MixinPlatformAgentMinecraftForge for SecureJarResource(MixinExtras)
[05Jan2026 05:59:53.282] [main/DEBUG] [mixin/]: MixinPlatformAgentMinecraftForge rejected container SecureJarResource(MixinExtras)
[05Jan2026 05:59:53.282] [main/DEBUG] [mixin/]: Instancing new MixinPlatformAgentDefault for SecureJarResource(MixinExtras)
[05Jan2026 05:59:53.282] [main/DEBUG] [mixin/]: MixinPlatformAgentDefault accepted container SecureJarResource(MixinExtras)
[05Jan2026 05:59:53.282] [main/DEBUG] [mixin/]: Processing prepare() for PlatformAgent[MixinPlatformAgentDefault:SecureJarResource(MixinExtras)]
[05Jan2026 05:59:53.282] [main/DEBUG] [mixin/]: inject() running with 74 agents
[05Jan2026 05:59:53.282] [main/DEBUG] [mixin/]: Processing inject() for PlatformAgent[MixinPlatformAgentDefault:ModLauncher Root Container(ModLauncher:4f56a0a2)]
[05Jan2026 05:59:53.282] [main/DEBUG] [mixin/]: Processing inject() for PlatformAgent[MixinPlatformAgentDefault:SecureJarResource(ftbessentials)]
[05Jan2026 05:59:53.283] [main/DEBUG] [mixin/]: Processing inject() for PlatformAgent[MixinPlatformAgentDefault:SecureJarResource(taxva)]
[05Jan2026 05:59:53.283] [main/DEBUG] [mixin/]: Processing inject() for PlatformAgent[MixinPlatformAgentDefault:SecureJarResource(betterskills)]
[05Jan2026 05:59:53.283] [main/DEBUG] [mixin/]: Processing inject() for PlatformAgent[MixinPlatformAgentDefault:SecureJarResource(xenon)]
[05Jan2026 05:59:53.283] [main/DEBUG] [mixin/]: Processing inject() for PlatformAgent[MixinPlatformAgentDefault:SecureJarResource(riskofrain_mobs)]
[05Jan2026 05:59:53.283] [main/DEBUG] [mixin/]: Processing inject() for PlatformAgent[MixinPlatformAgentDefault:SecureJarResource(geckolib)]
[05Jan2026 05:59:53.283] [main/DEBUG] [mixin/]: Processing inject() for PlatformAgent[MixinPlatformAgentDefault:SecureJarResource(realmrpg_demons)]
[05Jan2026 05:59:53.283] [main/DEBUG] [mixin/]: Processing inject() for PlatformAgent[MixinPlatformAgentDefault:SecureJarResource(jei)]
[05Jan2026 05:59:53.283] [main/DEBUG] [mixin/]: Processing inject() for PlatformAgent[MixinPlatformAgentDefault:SecureJarResource(visualworkbench)]
[05Jan2026 05:59:53.283] [main/DEBUG] [mixin/]: Processing inject() for PlatformAgent[MixinPlatformAgentDefault:SecureJarResource(graveyard)]
[05Jan2026 05:59:53.283] [main/DEBUG] [mixin/]: Processing inject() for PlatformAgent[MixinPlatformAgentDefault:SecureJarResource(naturalist)]
[05Jan2026 05:59:53.283] [main/DEBUG] [mixin/]: Processing inject() for PlatformAgent[MixinPlatformAgentDefault:SecureJarResource(ants_unleashed)]
[05Jan2026 05:59:53.283] [main/DEBUG] [mixin/]: Processing inject() for PlatformAgent[MixinPlatformAgentDefault:SecureJarResource(valhelsia_furniture)]
[05Jan2026 05:59:53.283] [main/DEBUG] [mixin/]: Processing inject() for PlatformAgent[MixinPlatformAgentDefault:SecureJarResource(realmrpg_skeletons)]
[05Jan2026 05:59:53.283] [main/DEBUG] [mixin/]: Processing inject() for PlatformAgent[MixinPlatformAgentDefault:SecureJarResource(epicfight)]
[05Jan2026 05:59:53.283] [main/DEBUG] [mixin/]: Processing inject() for PlatformAgent[MixinPlatformAgentDefault:SecureJarResource(journeymap)]
[05Jan2026 05:59:53.283] [main/DEBUG] [mixin/]: Processing inject() for PlatformAgent[MixinPlatformAgentDefault:SecureJarResource(dungeonnowloading)]
[05Jan2026 05:59:53.283] [main/DEBUG] [mixin/]: Processing inject() for PlatformAgent[MixinPlatformAgentDefault:SecureJarResource(integrated_api)]
[05Jan2026 05:59:53.283] [main/DEBUG] [mixin/]: Processing inject() for PlatformAgent[MixinPlatformAgentDefault:SecureJarResource(citadel)]
[05Jan2026 05:59:53.283] [main/DEBUG] [mixin/]: Processing inject() for PlatformAgent[MixinPlatformAgentDefault:SecureJarResource(alexsmobs)]
[05Jan2026 05:59:53.283] [main/DEBUG] [mixin/]: Processing inject() for PlatformAgent[MixinPlatformAgentDefault:SecureJarResource(travelersbackpack)]
[05Jan2026 05:59:53.283] [main/DEBUG] [mixin/]: Processing inject() for PlatformAgent[MixinPlatformAgentDefault:SecureJarResource(mixinextras)]
[05Jan2026 05:59:53.283] [main/DEBUG] [mixin/]: Processing inject() for PlatformAgent[MixinPlatformAgentDefault:SecureJarResource(mirabilis)]
[05Jan2026 05:59:53.283] [main/DEBUG] [mixin/]: Processing inject() for PlatformAgent[MixinPlatformAgentDefault:SecureJarResource(hopour)]
[05Jan2026 05:59:53.283] [main/DEBUG] [mixin/]: Processing inject() for PlatformAgent[MixinPlatformAgentDefault:SecureJarResource(grimoireofgaia)]
[05Jan2026 05:59:53.283] [main/DEBUG] [mixin/]: Processing inject() for PlatformAgent[MixinPlatformAgentDefault:SecureJarResource(iceandfire)]
[05Jan2026 05:59:53.283] [main/DEBUG] [mixin/]: Processing inject() for PlatformAgent[MixinPlatformAgentDefault:SecureJarResource(orcz)]
[05Jan2026 05:59:53.283] [main/DEBUG] [mixin/]: Processing inject() for PlatformAgent[MixinPlatformAgentDefault:SecureJarResource(morehitboxes)]
[05Jan2026 05:59:53.283] [main/DEBUG] [mixin/]: Processing inject() for PlatformAgent[MixinPlatformAgentDefault:SecureJarResource(bosses_of_mass_destruction)]
[05Jan2026 05:59:53.283] [main/DEBUG] [mixin/]: Processing inject() for PlatformAgent[MixinPlatformAgentDefault:SecureJarResource(swampier_swamps)]
[05Jan2026 05:59:53.283] [main/DEBUG] [mixin/]: Processing inject() for PlatformAgent[MixinPlatformAgentDefault:SecureJarResource(morevanillashields)]
[05Jan2026 05:59:53.283] [main/DEBUG] [mixin/]: Processing inject() for PlatformAgent[MixinPlatformAgentDefault:SecureJarResource(puzzlesaccessapi)]
[05Jan2026 05:59:53.283] [main/DEBUG] [mixin/]: Processing inject() for PlatformAgent[MixinPlatformAgentDefault:SecureJarResource(cloth_config)]
[05Jan2026 05:59:53.283] [main/DEBUG] [mixin/]: Processing inject() for PlatformAgent[MixinPlatformAgentDefault:SecureJarResource(forge)]
[05Jan2026 05:59:53.283] [main/DEBUG] [mixin/]: Processing inject() for PlatformAgent[MixinPlatformAgentDefault:SecureJarResource(iter_rpg)]
[05Jan2026 05:59:53.283] [main/DEBUG] [mixin/]: Processing inject() for PlatformAgent[MixinPlatformAgentDefault:SecureJarResource(zillagersweararmor)]
[05Jan2026 05:59:53.283] [main/DEBUG] [mixin/]: Processing inject() for PlatformAgent[MixinPlatformAgentDefault:SecureJarResource(minecraft)]
[05Jan2026 05:59:53.283] [main/DEBUG] [mixin/]: Processing inject() for PlatformAgent[MixinPlatformAgentDefault:SecureJarResource(morevillagers)]
[05Jan2026 05:59:53.283] [main/DEBUG] [mixin/]: Processing inject() for PlatformAgent[MixinPlatformAgentDefault:SecureJarResource(terrablender)]
[05Jan2026 05:59:53.283] [main/DEBUG] [mixin/]: Processing inject() for PlatformAgent[MixinPlatformAgentDefault:SecureJarResource(ambientsounds)]
[05Jan2026 05:59:53.283] [main/DEBUG] [mixin/]: Processing inject() for PlatformAgent[MixinPlatformAgentDefault:SecureJarResource(bloodandmadness)]
[05Jan2026 05:59:53.283] [main/DEBUG] [mixin/]: Processing inject() for PlatformAgent[MixinPlatformAgentDefault:SecureJarResource(netherdungeons)]
[05Jan2026 05:59:53.283] [main/DEBUG] [mixin/]: Processing inject() for PlatformAgent[MixinPlatformAgentDefault:SecureJarResource(taxcp)]
[05Jan2026 05:59:53.283] [main/DEBUG] [mixin/]: Processing inject() for PlatformAgent[MixinPlatformAgentDefault:SecureJarResource(biomesoplenty)]
[05Jan2026 05:59:53.283] [main/DEBUG] [mixin/]: Processing inject() for PlatformAgent[MixinPlatformAgentDefault:SecureJarResource(endrem)]
[05Jan2026 05:59:53.283] [main/DEBUG] [mixin/]: Processing inject() for PlatformAgent[MixinPlatformAgentDefault:SecureJarResource(justenoughbreeding)]
[05Jan2026 05:59:53.284] [main/DEBUG] [mixin/]: Processing inject() for PlatformAgent[MixinPlatformAgentDefault:SecureJarResource(hoporp)]
[05Jan2026 05:59:53.284] [main/DEBUG] [mixin/]: Processing inject() for PlatformAgent[MixinPlatformAgentDefault:SecureJarResource(creativecore)]
[05Jan2026 05:59:53.284] [main/DEBUG] [mixin/]: Processing inject() for PlatformAgent[MixinPlatformAgentDefault:SecureJarResource(forbidden_arcanus)]
[05Jan2026 05:59:53.284] [main/DEBUG] [mixin/]: Processing inject() for PlatformAgent[MixinPlatformAgentDefault:SecureJarResource(born_in_chaos_v1)]
[05Jan2026 05:59:53.284] [main/DEBUG] [mixin/]: Processing inject() for PlatformAgent[MixinPlatformAgentDefault:SecureJarResource(lionfishapi)]
[05Jan2026 05:59:53.284] [main/DEBUG] [mixin/]: Processing inject() for PlatformAgent[MixinPlatformAgentDefault:SecureJarResource(philipsruins)]
[05Jan2026 05:59:53.284] [main/DEBUG] [mixin/]: Processing inject() for PlatformAgent[MixinPlatformAgentDefault:SecureJarResource(cataclysm)]
[05Jan2026 05:59:53.284] [main/DEBUG] [mixin/]: Processing inject() for PlatformAgent[MixinPlatformAgentDefault:SecureJarResource(curios)]
[05Jan2026 05:59:53.284] [main/DEBUG] [mixin/]: Processing inject() for PlatformAgent[MixinPlatformAgentDefault:SecureJarResource(spartanshields)]
[05Jan2026 05:59:53.284] [main/DEBUG] [mixin/]: Processing inject() for PlatformAgent[MixinPlatformAgentDefault:SecureJarResource(brutalbosses)]
[05Jan2026 05:59:53.284] [main/DEBUG] [mixin/]: Processing inject() for PlatformAgent[MixinPlatformAgentDefault:SecureJarResource(gravestone)]
[05Jan2026 05:59:53.284] [main/DEBUG] [mixin/]: Processing inject() for PlatformAgent[MixinPlatformAgentDefault:SecureJarResource(cerbons_api)]
[05Jan2026 05:59:53.284] [main/DEBUG] [mixin/]: Processing inject() for PlatformAgent[MixinPlatformAgentDefault:SecureJarResource(seadwellers)]
[05Jan2026 05:59:53.284] [main/DEBUG] [mixin/]: Processing inject() for PlatformAgent[MixinPlatformAgentDefault:SecureJarResource(legendary_monsters)]
[05Jan2026 05:59:53.284] [main/DEBUG] [mixin/]: Processing inject() for PlatformAgent[MixinPlatformAgentDefault:SecureJarResource(endreborn)]
[05Jan2026 05:59:53.284] [main/DEBUG] [mixin/]: Processing inject() for PlatformAgent[MixinPlatformAgentDefault:SecureJarResource(crittersandcompanions)]
[05Jan2026 05:59:53.284] [main/DEBUG] [mixin/]: Processing inject() for PlatformAgent[MixinPlatformAgentDefault:SecureJarResource(spartanweaponry)]
[05Jan2026 05:59:53.284] [main/DEBUG] [mixin/]: Processing inject() for PlatformAgent[MixinPlatformAgentDefault:SecureJarResource(mvs)]
[05Jan2026 05:59:53.284] [main/DEBUG] [mixin/]: Processing inject() for PlatformAgent[MixinPlatformAgentDefault:SecureJarResource(architectury)]
[05Jan2026 05:59:53.284] [main/DEBUG] [mixin/]: Processing inject() for PlatformAgent[MixinPlatformAgentDefault:SecureJarResource(ftblibrary)]
[05Jan2026 05:59:53.284] [main/DEBUG] [mixin/]: Processing inject() for PlatformAgent[MixinPlatformAgentDefault:SecureJarResource(fossil)]
[05Jan2026 05:59:53.284] [main/DEBUG] [mixin/]: Processing inject() for PlatformAgent[MixinPlatformAgentDefault:SecureJarResource(cupboard)]
[05Jan2026 05:59:53.284] [main/DEBUG] [mixin/]: Processing inject() for PlatformAgent[MixinPlatformAgentDefault:SecureJarResource(puzzleslib)]
[05Jan2026 05:59:53.284] [main/DEBUG] [mixin/]: Processing inject() for PlatformAgent[MixinPlatformAgentDefault:SecureJarResource(smallships)]
[05Jan2026 05:59:53.284] [main/DEBUG] [mixin/]: Processing inject() for PlatformAgent[MixinPlatformAgentDefault:SecureJarResource(valhelsia_core)]
[05Jan2026 05:59:53.284] [main/DEBUG] [mixin/]: Processing inject() for PlatformAgent[MixinPlatformAgentDefault:SecureJarResource(mclib)]
[05Jan2026 05:59:53.284] [main/DEBUG] [mixin/]: Processing inject() for PlatformAgent[MixinPlatformAgentDefault:SecureJarResource(MixinExtras)]
[05Jan2026 05:59:53.285] [main/INFO] [cpw.mods.modlauncher.LaunchServiceHandler/MODLAUNCHER]: Launching target 'forgeserver' with arguments [nogui]
[05Jan2026 05:59:53.313] [main/DEBUG] [mixin/]: Preparing mixins for MixinEnvironment[DEFAULT]
[05Jan2026 05:59:53.314] [main/DEBUG] [mixin/]: Selecting config ftbessentials-common.mixins.json
[05Jan2026 05:59:53.317] [main/DEBUG] [mixin/]: Selecting config xenon.mixins.json
[05Jan2026 05:59:53.331] [main/INFO] [Xenon/]: Loaded configuration file for Xenon: 126 options available, 0 override(s) found
[05Jan2026 05:59:53.343] [main/DEBUG] [mixin/]: Selecting config geckolib.mixins.json
[05Jan2026 05:59:53.345] [main/DEBUG] [mixin/]: Selecting config visualworkbench.common.mixins.json
[05Jan2026 05:59:53.347] [main/DEBUG] [mixin/]: Selecting config graveyard-common.mixins.json
[05Jan2026 05:59:53.350] [main/DEBUG] [mixin/]: Selecting config graveyard-forge.mixins.json
[05Jan2026 05:59:53.352] [main/WARN] [mixin/]: Reference map 'graveyard-FORGE-forge-refmap.json' for graveyard-forge.mixins.json could not be read. If this is a development environment you can ignore this message
[05Jan2026 05:59:53.352] [main/DEBUG] [mixin/]: Selecting config naturalist-common.mixins.json
[05Jan2026 05:59:53.354] [main/DEBUG] [mixin/]: Selecting config naturalist.mixins.json
[05Jan2026 05:59:53.355] [main/WARN] [mixin/]: Reference map 'naturalist-forge-forge-refmap.json' for naturalist.mixins.json could not be read. If this is a development environment you can ignore this message
[05Jan2026 05:59:53.356] [main/DEBUG] [mixin/]: Selecting config epicfight.mixins.json
[05Jan2026 05:59:53.357] [main/DEBUG] [mixin/]: Selecting config journeymap.mixins.json
[05Jan2026 05:59:53.359] [main/DEBUG] [mixin/]: Selecting config dungeonnowloading.mixins.json
[05Jan2026 05:59:53.363] [main/DEBUG] [mixin/]: Selecting config dungeonnowloading.forge.mixins.json
[05Jan2026 05:59:53.365] [main/DEBUG] [mixin/]: Selecting config integrated_api-common.mixins.json
[05Jan2026 05:59:53.369] [main/DEBUG] [mixin/]: Selecting config integrated_api-forge.mixins.json
[05Jan2026 05:59:53.370] [main/DEBUG] [mixin/]: Selecting config citadel.mixins.json
[05Jan2026 05:59:53.372] [main/DEBUG] [mixin/]: Selecting config mixinextras.init.mixins.json
[05Jan2026 05:59:53.402] [main/DEBUG] [MixinExtras|Service/]: com.llamalad7.mixinextras.service.MixinExtrasServiceImpl(version=0.4.1) is taking over from null
[05Jan2026 05:59:53.428] [main/DEBUG] [mixin/]: Registering new injector for @Inject with org.spongepowered.asm.mixin.injection.struct.CallbackInjectionInfo
[05Jan2026 05:59:53.429] [main/DEBUG] [mixin/]: Registering new injector for @ModifyArg with org.spongepowered.asm.mixin.injection.struct.ModifyArgInjectionInfo
[05Jan2026 05:59:53.430] [main/DEBUG] [mixin/]: Registering new injector for @ModifyArgs with org.spongepowered.asm.mixin.injection.struct.ModifyArgsInjectionInfo
[05Jan2026 05:59:53.432] [main/DEBUG] [mixin/]: Registering new injector for @Redirect with org.spongepowered.asm.mixin.injection.struct.RedirectInjectionInfo
[05Jan2026 05:59:53.433] [main/DEBUG] [mixin/]: Registering new injector for @ModifyVariable with org.spongepowered.asm.mixin.injection.struct.ModifyVariableInjectionInfo
[05Jan2026 05:59:53.434] [main/DEBUG] [mixin/]: Registering new injector for @ModifyConstant with org.spongepowered.asm.mixin.injection.struct.ModifyConstantInjectionInfo
[05Jan2026 05:59:53.446] [main/DEBUG] [mixin/]: Selecting config iceandfire.mixins.json
[05Jan2026 05:59:53.447] [main/DEBUG] [mixin/]: Selecting config morehitboxes.mixins.json
[05Jan2026 05:59:53.450] [main/DEBUG] [mixin/]: Selecting config mixins.bosses_of_mass_destruction.json
[05Jan2026 05:59:53.451] [main/DEBUG] [mixin/]: Selecting config swampier_swamps.mixins.json
[05Jan2026 05:59:53.453] [main/DEBUG] [mixin/]: Selecting config morevillagers-common.mixins.json
[05Jan2026 05:59:53.455] [main/DEBUG] [mixin/]: Selecting config morevillagers.mixins.json
[05Jan2026 05:59:53.457] [main/WARN] [mixin/]: Reference map 'morevillagers-forge-forge-refmap.json' for morevillagers.mixins.json could not be read. If this is a development environment you can ignore this message
[05Jan2026 05:59:53.457] [main/DEBUG] [mixin/]: Selecting config terrablender.mixins.json
[05Jan2026 05:59:53.458] [main/DEBUG] [mixin/]: Selecting config terrablender_forge.mixins.json
[05Jan2026 05:59:53.460] [main/DEBUG] [mixin/]: Selecting config ambientsounds.mixins.json
[05Jan2026 05:59:53.461] [main/DEBUG] [mixin/]: Selecting config mixins.netherdungeons.json
[05Jan2026 05:59:53.463] [main/DEBUG] [mixin/]: Selecting config endrem.mixins.json
[05Jan2026 05:59:53.465] [main/DEBUG] [mixin/]: Selecting config creativecore.mixins.json
[05Jan2026 05:59:53.466] [main/DEBUG] [mixin/]: Selecting config creativecore.forge.mixins.json
[05Jan2026 05:59:53.468] [main/DEBUG] [mixin/]: Selecting config forbidden_arcanus.mixins.json
[05Jan2026 05:59:53.469] [main/DEBUG] [mixin/]: Selecting config lionfishapi.mixins.json
[05Jan2026 05:59:53.471] [main/DEBUG] [mixin/]: Selecting config cataclysm.mixins.json
[05Jan2026 05:59:53.472] [main/DEBUG] [mixin/]: Selecting config curios.mixins.json
[05Jan2026 05:59:53.474] [main/DEBUG] [mixin/]: Selecting config brutalbosses.mixins.json
[05Jan2026 05:59:53.475] [main/DEBUG] [mixin/]: Selecting config mixins.cerbons_api.json
[05Jan2026 05:59:53.477] [main/DEBUG] [mixin/]: Selecting config legendary_monsters.mixins.json
[05Jan2026 05:59:53.478] [main/DEBUG] [mixin/]: Selecting config crittersandcompanions.mixins.json
[05Jan2026 05:59:53.480] [main/DEBUG] [mixin/]: Selecting config spartanweaponry.mixins.json
[05Jan2026 05:59:53.482] [main/DEBUG] [mixin/]: Selecting config mvs-common.mixins.json
[05Jan2026 05:59:53.483] [main/DEBUG] [mixin/]: Selecting config mvs-forge.mixins.json
[05Jan2026 05:59:53.485] [main/WARN] [mixin/]: Reference map 'mvs-forge-refmap.json' for mvs-forge.mixins.json could not be read. If this is a development environment you can ignore this message
[05Jan2026 05:59:53.485] [main/DEBUG] [mixin/]: Selecting config architectury.mixins.json
[05Jan2026 05:59:53.488] [main/DEBUG] [mixin/]: Selecting config architectury-common.mixins.json
[05Jan2026 05:59:53.489] [main/DEBUG] [mixin/]: Selecting config ftblibrary-common.mixins.json
[05Jan2026 05:59:53.491] [main/DEBUG] [mixin/]: Selecting config fossil_forge.mixins.json
[05Jan2026 05:59:53.492] [main/DEBUG] [mixin/]: Selecting config fossil_common.mixins.json
[05Jan2026 05:59:53.495] [main/DEBUG] [mixin/]: Selecting config cupboard.mixins.json
[05Jan2026 05:59:53.497] [main/DEBUG] [mixin/]: Selecting config puzzleslib.common.mixins.json
[05Jan2026 05:59:53.516] [main/INFO] [Puzzles Lib/]: Loading 71 mods:
	- alexsmobs 1.22.7
	- ambientsounds 6.0.3
	- ants_unleashed 1.0.0
	- architectury 9.2.14
	- betterskills 1.8.1
	- biomesoplenty 18.0.0.592
	- bloodandmadness 2.0
	- born_in_chaos_v1 1.7.2
	- bosses_of_mass_destruction 1.1.1
	- brutalbosses 1.20.1-7.0
	- cataclysm 1.99.5
	- cerbons_api 1.0.0
	- citadel 2.5.4
	- cloth_config 11.1.118
	- creativecore 2.11.31
	- crittersandcompanions 1.20.1-2.1.6
	- cupboard 1.20.1-2.7
	- curios 5.9.1+1.20.1
	- dungeonnowloading 2.0
	- endreborn 1.1.3
	- endrem 5.2.3-R-1.20.1
	- epicfight 20.7.4
	- forbidden_arcanus 1.20.1-2.2.6
	- forge 47.3.7
	- fossil 9.2.1.3
	- ftbessentials 2001.2.3
	- ftblibrary 2001.2.10
	- geckolib 4.4.7
	- gravestone 1.20.1-1.0.16
	- graveyard 3.1
	- grimoireofgaia 4.0.0-alpha.10
	- hoporp 1.3.7
	- hopour 1.1.4
	- iceandfire 2.1.13-1.20.1-beta-4
	- integrated_api 1.5.1+1.20.1-forge
	- iter_rpg 0.7.0
	- jei 15.3.0.7
	- journeymap 5.10.0
	- justenoughbreeding 1.2.1
	- legendary_monsters 1.20.1
	- lionfishapi 1.9
	- minecraft 1.20.1
	- mirabilis 1.1.1
	- morehitboxes 1.9.2
		\-- mixinextras 0.4.1
	- morevanillashields 1.1.0-1.20.1
	- morevillagers 5.0.0
	- mvs 4.1.2-1.20-forge
	- naturalist 4.0.3
	- netherdungeons 1.1.0-snapshot3a
	- orcz 0.82
	- philipsruins 4.1
	- puzzleslib 8.1.21
		\-- puzzlesaccessapi 8.0.7
	- realmrpg_demons 0.9.0
	- realmrpg_skeletons 1.0.3
	- riskofrain_mobs 1.1.2
	- seadwellers 2.9.9
	- smallships 2.0.0-b1.3.1
	- spartanshields 3.1.1
	- spartanweaponry 3.1.0-beta-1
	- swampier_swamps 1.20-4.0.0
	- taxcp 1.0.1
	- taxva 1.1.1
	- terrablender 3.0.1.7
	- travelersbackpack 9.1.14
	- valhelsia_core 1.1.2
	- valhelsia_furniture 1.1.3
	- visualworkbench 8.0.0
	- xenon 0.3.19+mc1.20.1
		|-- embeddium 0.3.19+mc1.20.1
		\-- rubidium 0.7.1
	- zillagersweararmor 1.20.1-1.3.4
[05Jan2026 05:59:53.518] [main/DEBUG] [mixin/]: Selecting config puzzleslib.forge.mixins.json
[05Jan2026 05:59:53.520] [main/DEBUG] [mixin/]: Selecting config smallships-common.mixins.json
[05Jan2026 05:59:53.522] [main/DEBUG] [mixin/]: Selecting config smallships-common-soft.mixins.json
[05Jan2026 05:59:53.525] [main/DEBUG] [mixin/]: Selecting config smallships.mixins.json
[05Jan2026 05:59:53.527] [main/WARN] [mixin/]: Reference map 'smallships-forge-refmap.json' for smallships.mixins.json could not be read. If this is a development environment you can ignore this message
[05Jan2026 05:59:53.527] [main/DEBUG] [mixin/]: Selecting config valhelsia_core-common.mixins.json
[05Jan2026 05:59:53.529] [main/DEBUG] [mixin/]: Selecting config valhelsia_core.mixins.json
[05Jan2026 05:59:53.530] [main/DEBUG] [mixin/]: Preparing ftbessentials-common.mixins.json (1)
[05Jan2026 05:59:53.556] [main/DEBUG] [mixin/]: Preparing xenon.mixins.json (0)
[05Jan2026 05:59:53.556] [main/DEBUG] [mixin/]: Preparing geckolib.mixins.json (1)
[05Jan2026 05:59:53.557] [main/DEBUG] [mixin/]: Preparing visualworkbench.common.mixins.json (2)
[05Jan2026 05:59:53.567] [main/DEBUG] [mixin/]: Preparing graveyard-common.mixins.json (11)
[05Jan2026 05:59:53.611] [main/DEBUG] [net.minecraftforge.coremod.transformer.CoreModBaseTransformer/COREMOD]: Transforming net/minecraft/world/entity/npc/Villager
[05Jan2026 05:59:53.881] [main/DEBUG] [mixin/]: Preparing graveyard-forge.mixins.json (0)
[05Jan2026 05:59:53.881] [main/DEBUG] [mixin/]: Preparing naturalist-common.mixins.json (9)
[05Jan2026 05:59:53.910] [main/DEBUG] [net.minecraftforge.coremod.transformer.CoreModBaseTransformer/COREMOD]: Transforming net/minecraft/world/entity/monster/Zombie
[05Jan2026 05:59:54.042] [main/DEBUG] [mixin/]: Preparing naturalist.mixins.json (0)
[05Jan2026 05:59:54.042] [main/DEBUG] [mixin/]: Preparing epicfight.mixins.json (14)
[05Jan2026 05:59:54.112] [main/DEBUG] [mixin/]: Preparing journeymap.mixins.json (3)
[05Jan2026 05:59:54.112] [main/DEBUG] [mixin/]: Preparing dungeonnowloading.mixins.json (1)
[05Jan2026 05:59:54.113] [main/DEBUG] [mixin/]: Preparing dungeonnowloading.forge.mixins.json (36)
[05Jan2026 05:59:54.174] [main/DEBUG] [net.minecraftforge.coremod.transformer.CoreModBaseTransformer/COREMOD]: Transforming net/minecraft/world/level/block/StairBlock
[05Jan2026 05:59:54.193] [main/ERROR] [net.minecraftforge.fml.loading.RuntimeDistCleaner/DISTXFORM]: Attempted to load class net/minecraft/client/renderer/ItemInHandRenderer for invalid dist DEDICATED_SERVER
[05Jan2026 05:59:54.194] [main/WARN] [mixin/]: Error loading class: net/minecraft/client/renderer/ItemInHandRenderer (java.lang.RuntimeException: Attempted to load class net/minecraft/client/renderer/ItemInHandRenderer for invalid dist DEDICATED_SERVER)
[05Jan2026 05:59:54.194] [main/WARN] [mixin/]: @Mixin target net.minecraft.client.renderer.ItemInHandRenderer was not found dungeonnowloading.forge.mixins.json:items.ItemInHandRendererMixin
[05Jan2026 05:59:54.200] [main/DEBUG] [net.minecraftforge.coremod.transformer.CoreModBaseTransformer/COREMOD]: Transforming net/minecraft/server/commands/SummonCommand
[05Jan2026 05:59:54.216] [main/DEBUG] [net.minecraftforge.coremod.transformer.CoreModBaseTransformer/COREMOD]: Transforming net/minecraft/world/level/levelgen/structure/templatesystem/StructureTemplate
[05Jan2026 05:59:54.381] [main/DEBUG] [net.minecraftforge.coremod.transformer.CoreModBaseTransformer/COREMOD]: Transforming net/minecraft/world/item/BucketItem
[05Jan2026 05:59:54.396] [main/DEBUG] [mixin/]: Preparing integrated_api-common.mixins.json (30)
[05Jan2026 05:59:54.459] [main/DEBUG] [mixin/]: Preparing integrated_api-forge.mixins.json (1)
[05Jan2026 05:59:54.460] [main/DEBUG] [mixin/]: Preparing citadel.mixins.json (18)
[05Jan2026 05:59:54.504] [main/DEBUG] [mixin/]: Preparing mixinextras.init.mixins.json (0)
[05Jan2026 05:59:54.504] [main/DEBUG] [mixin/]: Preparing iceandfire.mixins.json (2)
[05Jan2026 05:59:54.505] [main/DEBUG] [mixin/]: Preparing morehitboxes.mixins.json (14)
[05Jan2026 05:59:54.527] [main/DEBUG] [mixin/]: Preparing mixins.bosses_of_mass_destruction.json (6)
[05Jan2026 05:59:54.532] [main/DEBUG] [net.minecraftforge.coremod.transformer.CoreModBaseTransformer/COREMOD]: Transforming net/minecraft/world/level/NaturalSpawner
[05Jan2026 05:59:54.605] [main/DEBUG] [mixin/]: Preparing swampier_swamps.mixins.json (15)
[05Jan2026 05:59:54.666] [main/DEBUG] [mixin/]: Preparing morevillagers-common.mixins.json (2)
[05Jan2026 05:59:54.670] [main/DEBUG] [mixin/]: Preparing morevillagers.mixins.json (0)
[05Jan2026 05:59:54.670] [main/DEBUG] [mixin/]: Preparing terrablender.mixins.json (7)
[05Jan2026 05:59:54.683] [main/DEBUG] [mixin/]: Preparing terrablender_forge.mixins.json (0)
[05Jan2026 05:59:54.683] [main/DEBUG] [mixin/]: Preparing ambientsounds.mixins.json (2)
[05Jan2026 05:59:54.683] [main/DEBUG] [mixin/]: Preparing mixins.netherdungeons.json (7)
[05Jan2026 05:59:54.700] [main/DEBUG] [mixin/]: Preparing endrem.mixins.json (2)
[05Jan2026 05:59:54.705] [main/DEBUG] [mixin/]: Preparing creativecore.mixins.json (8)
[05Jan2026 05:59:54.716] [main/DEBUG] [mixin/]: Preparing creativecore.forge.mixins.json (3)
[05Jan2026 05:59:54.718] [main/DEBUG] [mixin/]: Preparing forbidden_arcanus.mixins.json (14)
[05Jan2026 05:59:54.731] [main/DEBUG] [net.minecraftforge.coremod.transformer.CoreModBaseTransformer/COREMOD]: Transforming net/minecraft/world/item/ItemStack
[05Jan2026 05:59:54.750] [main/DEBUG] [mixin/]: Preparing lionfishapi.mixins.json (2)
[05Jan2026 05:59:54.751] [main/DEBUG] [mixin/]: Preparing cataclysm.mixins.json (13)
[05Jan2026 05:59:54.762] [main/DEBUG] [mixin/]: Preparing curios.mixins.json (13)
[05Jan2026 05:59:54.777] [main/DEBUG] [mixin/]: Preparing brutalbosses.mixins.json (9)
[05Jan2026 05:59:54.785] [main/DEBUG] [mixin/]: Preparing mixins.cerbons_api.json (8)
[05Jan2026 05:59:54.789] [main/DEBUG] [mixin/]: Preparing legendary_monsters.mixins.json (3)
[05Jan2026 05:59:54.790] [main/DEBUG] [mixin/]: Preparing crittersandcompanions.mixins.json (10)
[05Jan2026 05:59:54.808] [main/DEBUG] [net.minecraftforge.coremod.transformer.CoreModBaseTransformer/COREMOD]: Transforming net/minecraft/world/entity/monster/Spider
[05Jan2026 05:59:54.835] [main/DEBUG] [mixin/]: Preparing spartanweaponry.mixins.json (9)
[05Jan2026 05:59:54.845] [main/ERROR] [net.minecraftforge.fml.loading.RuntimeDistCleaner/DISTXFORM]: Attempted to load class net/minecraft/client/renderer/block/model/ItemModelGenerator for invalid dist DEDICATED_SERVER
[05Jan2026 05:59:54.846] [main/WARN] [mixin/]: Error loading class: net/minecraft/client/renderer/block/model/ItemModelGenerator (java.lang.RuntimeException: Attempted to load class net/minecraft/client/renderer/block/model/ItemModelGenerator for invalid dist DEDICATED_SERVER)
[05Jan2026 05:59:54.846] [main/WARN] [mixin/]: @Mixin target net.minecraft.client.renderer.block.model.ItemModelGenerator was not found spartanweaponry.mixins.json:ItemModelGeneratorMixin
[05Jan2026 05:59:54.846] [main/DEBUG] [mixin/]: Preparing mvs-common.mixins.json (12)
[05Jan2026 05:59:54.852] [main/DEBUG] [mixin/]: Preparing mvs-forge.mixins.json (0)
[05Jan2026 05:59:54.852] [main/DEBUG] [mixin/]: Preparing architectury.mixins.json (9)
[05Jan2026 05:59:54.864] [main/DEBUG] [mixin/]: Preparing architectury-common.mixins.json (10)
[05Jan2026 05:59:54.868] [main/DEBUG] [net.minecraftforge.coremod.transformer.CoreModBaseTransformer/COREMOD]: Transforming net/minecraft/world/entity/EntityType
[05Jan2026 05:59:54.942] [main/DEBUG] [net.minecraftforge.coremod.transformer.CoreModBaseTransformer/COREMOD]: Transforming net/minecraft/world/level/block/LiquidBlock
[05Jan2026 05:59:54.947] [main/DEBUG] [mixin/]: Preparing ftblibrary-common.mixins.json (5)
[05Jan2026 05:59:54.954] [main/DEBUG] [mixin/]: Preparing fossil_forge.mixins.json (5)
[05Jan2026 05:59:54.961] [main/WARN] [mixin/]: Error loading class: tschipp/carryon/common/carry/PickupHandler (java.lang.ClassNotFoundException: tschipp.carryon.common.carry.PickupHandler)
[05Jan2026 05:59:54.961] [main/WARN] [mixin/]: @Mixin target tschipp.carryon.common.carry.PickupHandler was not found fossil_forge.mixins.json:PickupHandlerMixin
[05Jan2026 05:59:54.962] [main/DEBUG] [mixin/]: Preparing fossil_common.mixins.json (20)
[05Jan2026 05:59:54.978] [main/DEBUG] [mixin/]: Preparing cupboard.mixins.json (5)
[05Jan2026 05:59:54.986] [main/DEBUG] [mixin/]: Preparing puzzleslib.common.mixins.json (3)
[05Jan2026 05:59:54.987] [main/DEBUG] [mixin/]: Preparing puzzleslib.forge.mixins.json (13)
[05Jan2026 05:59:54.998] [main/DEBUG] [mixin/]: Preparing smallships-common.mixins.json (13)
[05Jan2026 05:59:55.012] [main/DEBUG] [mixin/]: Preparing smallships-common-soft.mixins.json (1)
[05Jan2026 05:59:55.021] [main/DEBUG] [mixin/]: Preparing smallships.mixins.json (0)
[05Jan2026 05:59:55.021] [main/DEBUG] [mixin/]: Preparing valhelsia_core-common.mixins.json (3)
[05Jan2026 05:59:55.027] [main/DEBUG] [mixin/]: Preparing valhelsia_core.mixins.json (1)
[05Jan2026 05:59:55.066] [main/DEBUG] [mixin/]: Inner class dev/hexnowloading/dungeonnowloading/mixin/forge/blockentities/FairkeeperChestBlockItemMixin$1 in dev/hexnowloading/dungeonnowloading/mixin/forge/blockentities/FairkeeperChestBlockItemMixin on dev/hexnowloading/dungeonnowloading/item/blockitem/FairkeeperChestBlockItem gets unique name dev/hexnowloading/dungeonnowloading/item/blockitem/FairkeeperChestBlockItem$Anonymous$0a85a83597e54e6d82cc9bedc972fee7
[05Jan2026 05:59:55.066] [main/DEBUG] [mixin/]: Inner class dev/hexnowloading/dungeonnowloading/mixin/forge/blockentities/WiseFairkeeperChestBlockItemMixin$1 in dev/hexnowloading/dungeonnowloading/mixin/forge/blockentities/WiseFairkeeperChestBlockItemMixin on dev/hexnowloading/dungeonnowloading/item/blockitem/WiseFairkeeperChestBlockItem gets unique name dev/hexnowloading/dungeonnowloading/item/blockitem/WiseFairkeeperChestBlockItem$Anonymous$934117976d4944818e797f4cf4f31033
[05Jan2026 05:59:55.067] [main/DEBUG] [mixin/]: Inner class dev/hexnowloading/dungeonnowloading/mixin/forge/blockentities/FierceFairkeeperChestBlockItemMixin$1 in dev/hexnowloading/dungeonnowloading/mixin/forge/blockentities/FierceFairkeeperChestBlockItemMixin on dev/hexnowloading/dungeonnowloading/item/blockitem/FierceFairkeeperChestBlockItem gets unique name dev/hexnowloading/dungeonnowloading/item/blockitem/FierceFairkeeperChestBlockItem$Anonymous$5675daed831f4118a38841628dd263f1
[05Jan2026 05:59:55.067] [main/DEBUG] [mixin/]: Inner class dev/hexnowloading/dungeonnowloading/mixin/forge/item/ScorcherItemMixin$1 in dev/hexnowloading/dungeonnowloading/mixin/forge/item/ScorcherItemMixin on dev/hexnowloading/dungeonnowloading/item/ScorcherItem gets unique name dev/hexnowloading/dungeonnowloading/item/ScorcherItem$Anonymous$5e2b199e84e84699a2ae6bdd86aef227
[05Jan2026 05:59:55.085] [main/DEBUG] [mixin/]: Inner class com/github/darkpred/morehitboxes/mixin/TransientEntitySectionManagerMixin$1 in com/github/darkpred/morehitboxes/mixin/TransientEntitySectionManagerMixin on net/minecraft/world/level/entity/TransientEntitySectionManager gets unique name net/minecraft/world/level/entity/TransientEntitySectionManager$Anonymous$6f63bac15cc64d64a29abeedbf21742a
[05Jan2026 05:59:55.165] [main/DEBUG] [mixin/]: Prepared 282 mixins in 1.849 sec (6.6ms avg) (0ms load, 0ms transform, 0ms plugin)
[05Jan2026 05:59:55.177] [main/INFO] [MixinExtras|Service/]: Initializing MixinExtras via com.llamalad7.mixinextras.service.MixinExtrasServiceImpl(version=0.4.1).
[05Jan2026 05:59:55.178] [main/DEBUG] [mixin/]: Registering new injector for @SugarWrapper with com.llamalad7.mixinextras.sugar.impl.SugarWrapperInjectionInfo
[05Jan2026 05:59:55.178] [main/DEBUG] [mixin/]: Registering new injector for @FactoryRedirectWrapper with com.llamalad7.mixinextras.wrapper.factory.FactoryRedirectWrapperInjectionInfo
[05Jan2026 05:59:55.183] [main/DEBUG] [mixin/]: Mixing MinecraftServerMixin from citadel.mixins.json into net.minecraft.server.MinecraftServer
[05Jan2026 05:59:55.281] [main/DEBUG] [io.netty.util.internal.logging.InternalLoggerFactory/]: Using SLF4J as the default logging framework
[05Jan2026 05:59:55.283] [main/DEBUG] [io.netty.util.ResourceLeakDetector/]: -Dio.netty.leakDetection.level: simple
[05Jan2026 05:59:55.283] [main/DEBUG] [io.netty.util.ResourceLeakDetector/]: -Dio.netty.leakDetection.targetRecords: 4
[05Jan2026 05:59:55.400] [main/DEBUG] [mixin/]: Mixing ResourceLocationMixin from ftblibrary-common.mixins.json into net.minecraft.resources.ResourceLocation
[05Jan2026 05:59:55.401] [main/DEBUG] [mixin/]: ftblibrary-common.mixins.json:ResourceLocationMixin: Class version 61 required is higher than the class version supported by the current version of Mixin (JAVA_8 supports class version 52)
[05Jan2026 05:59:55.513] [main/DEBUG] [oshi.util.FileUtil/]: No oshi.properties file found from ClassLoader cpw.mods.modlauncher.TransformingClassLoader@21bd128b
[05Jan2026 05:59:55.514] [main/DEBUG] [oshi.util.FileUtil/]: No oshi.properties file found from ClassLoader jdk.internal.loader.ClassLoaders$AppClassLoader@76ed5528
[05Jan2026 05:59:55.570] [main/DEBUG] [oshi.util.FileUtil/]: Reading file /proc/self/auxv
[05Jan2026 05:59:55.571] [main/DEBUG] [oshi.util.FileUtil/]: Reading file /proc/self/auxv
[05Jan2026 05:59:55.575] [main/DEBUG] [oshi.util.FileUtil/]: Reading file /proc/stat
[05Jan2026 05:59:55.583] [main/DEBUG] [oshi.util.FileUtil/]: Reading file /sys/devices/system/cpu/cpu0/topology/core_id
[05Jan2026 05:59:55.583] [main/DEBUG] [oshi.util.FileUtil/]: Reading file /sys/devices/system/cpu/cpu0/topology/core_id
[05Jan2026 05:59:55.583] [main/DEBUG] [oshi.util.FileUtil/]: Reading file /sys/devices/system/cpu/cpu0/topology/physical_package_id
[05Jan2026 05:59:55.583] [main/DEBUG] [oshi.util.FileUtil/]: Reading file /sys/devices/system/cpu/cpu0/topology/physical_package_id
[05Jan2026 05:59:55.583] [main/DEBUG] [oshi.util.FileUtil/]: Reading file /sys/devices/system/cpu/cpu0/cpu_capacity
[05Jan2026 05:59:55.585] [main/DEBUG] [oshi.util.FileUtil/]: Reading file /sys/devices/system/cpu/cpu1/topology/core_id
[05Jan2026 05:59:55.585] [main/DEBUG] [oshi.util.FileUtil/]: Reading file /sys/devices/system/cpu/cpu1/topology/core_id
[05Jan2026 05:59:55.585] [main/DEBUG] [oshi.util.FileUtil/]: Reading file /sys/devices/system/cpu/cpu1/topology/physical_package_id
[05Jan2026 05:59:55.585] [main/DEBUG] [oshi.util.FileUtil/]: Reading file /sys/devices/system/cpu/cpu1/topology/physical_package_id
[05Jan2026 05:59:55.585] [main/DEBUG] [oshi.util.FileUtil/]: Reading file /sys/devices/system/cpu/cpu1/cpu_capacity
[05Jan2026 05:59:55.585] [main/DEBUG] [oshi.util.FileUtil/]: Reading file /sys/devices/system/cpu/cpu2/topology/core_id
[05Jan2026 05:59:55.585] [main/DEBUG] [oshi.util.FileUtil/]: Reading file /sys/devices/system/cpu/cpu2/topology/core_id
[05Jan2026 05:59:55.585] [main/DEBUG] [oshi.util.FileUtil/]: Reading file /sys/devices/system/cpu/cpu2/topology/physical_package_id
[05Jan2026 05:59:55.586] [main/DEBUG] [oshi.util.FileUtil/]: Reading file /sys/devices/system/cpu/cpu2/topology/physical_package_id
[05Jan2026 05:59:55.586] [main/DEBUG] [oshi.util.FileUtil/]: Reading file /sys/devices/system/cpu/cpu2/cpu_capacity
[05Jan2026 05:59:55.586] [main/DEBUG] [oshi.util.FileUtil/]: Reading file /sys/devices/system/cpu/cpu3/topology/core_id
[05Jan2026 05:59:55.586] [main/DEBUG] [oshi.util.FileUtil/]: Reading file /sys/devices/system/cpu/cpu3/topology/core_id
[05Jan2026 05:59:55.586] [main/DEBUG] [oshi.util.FileUtil/]: Reading file /sys/devices/system/cpu/cpu3/topology/physical_package_id
[05Jan2026 05:59:55.587] [main/DEBUG] [oshi.util.FileUtil/]: Reading file /sys/devices/system/cpu/cpu3/topology/physical_package_id
[05Jan2026 05:59:55.587] [main/DEBUG] [oshi.util.FileUtil/]: Reading file /sys/devices/system/cpu/cpu3/cpu_capacity
[05Jan2026 05:59:55.588] [main/DEBUG] [oshi.util.FileUtil/]: Reading file /proc/cpuinfo
[05Jan2026 05:59:55.598] [main/DEBUG] [oshi.util.FileUtil/]: Reading file /proc/self/auxv
[05Jan2026 05:59:55.601] [main/DEBUG] [oshi.util.FileUtil/]: No oshi.architecture.properties file found from ClassLoader cpw.mods.modlauncher.TransformingClassLoader@21bd128b
[05Jan2026 05:59:55.601] [main/DEBUG] [oshi.util.FileUtil/]: No oshi.architecture.properties file found from ClassLoader jdk.internal.loader.ClassLoaders$AppClassLoader@76ed5528
[05Jan2026 05:59:55.620] [main/DEBUG] [oshi.util.FileUtil/]: Reading file /proc/meminfo
[05Jan2026 05:59:55.621] [main/DEBUG] [oshi.util.FileUtil/]: Reading file /proc/meminfo
[05Jan2026 05:59:55.669] [main/DEBUG] [mixin/]: Mixing MixinBuiltInRegistries from terrablender.mixins.json into net.minecraft.core.registries.BuiltInRegistries
[05Jan2026 05:59:55.670] [main/DEBUG] [mixin/]: Renaming synthetic method lambda$registerSimple$0(Lnet/minecraft/core/registries/BuiltInRegistries$RegistryBootstrap;Lnet/minecraft/core/Registry;)Ljava/lang/Object; to md5ff234$lambda$registerSimple$0$0 in terrablender.mixins.json:MixinBuiltInRegistries
[05Jan2026 05:59:55.741] [main/DEBUG] [mixin/]: Mixing inject.MixinGameEvent from architectury-common.mixins.json into net.minecraft.world.level.gameevent.GameEvent
[05Jan2026 05:59:55.762] [main/DEBUG] [mixin/]: Mixing accessor.ForgeRegistryForgeAccessor from puzzleslib.forge.mixins.json into net.minecraftforge.registries.ForgeRegistry
[05Jan2026 05:59:55.784] [main/DEBUG] [mixin/]: Mixing BlockMixin from swampier_swamps.mixins.json into net.minecraft.world.level.block.Block
[05Jan2026 05:59:55.784] [main/DEBUG] [mixin/]: swampier_swamps.mixins.json:BlockMixin: Class version 61 required is higher than the class version supported by the current version of Mixin (JAVA_16 supports class version 60)
[05Jan2026 05:59:55.791] [main/DEBUG] [mixin/]: Mixing inject.MixinBlock from architectury-common.mixins.json into net.minecraft.world.level.block.Block
[05Jan2026 05:59:55.792] [main/DEBUG] [mixin/]: Mixing accessor.BlockAccessor from puzzleslib.common.mixins.json into net.minecraft.world.level.block.Block
[05Jan2026 05:59:55.819] [main/DEBUG] [mixin/]: Mixing BlockBehaviourMixin from swampier_swamps.mixins.json into net.minecraft.world.level.block.state.BlockBehaviour
[05Jan2026 05:59:55.819] [main/DEBUG] [mixin/]: swampier_swamps.mixins.json:BlockBehaviourMixin: Class version 61 required is higher than the class version supported by the current version of Mixin (JAVA_16 supports class version 60)
[05Jan2026 05:59:55.912] [main/DEBUG] [mixin/]: Mixing EntityLoadMixin from cupboard.mixins.json into net.minecraft.world.entity.Entity
[05Jan2026 05:59:55.921] [main/DEBUG] [mixin/]: Mixing EntityMixin from morehitboxes.mixins.json into net.minecraft.world.entity.Entity
[05Jan2026 05:59:55.928] [main/DEBUG] [mixin/]: Mixing EntityMixin from lionfishapi.mixins.json into net.minecraft.world.entity.Entity
[05Jan2026 05:59:55.943] [main/DEBUG] [mixin/]: Mixing AccessorEntity from curios.mixins.json into net.minecraft.world.entity.Entity
[05Jan2026 05:59:55.944] [main/DEBUG] [mixin/]: Mixing EntityCapReader from brutalbosses.mixins.json into net.minecraft.world.entity.Entity
[05Jan2026 05:59:55.944] [main/DEBUG] [mixin/]: brutalbosses.mixins.json:EntityCapReader: Class version 61 required is higher than the class version supported by the current version of Mixin (JAVA_8 supports class version 52)
[05Jan2026 05:59:55.945] [main/DEBUG] [mixin/]: Mixing multipart_entities.EntityMixin from mixins.cerbons_api.json into net.minecraft.world.entity.Entity
[05Jan2026 05:59:55.948] [main/DEBUG] [mixin/]: Mixing EntityMixin from spartanweaponry.mixins.json into net.minecraft.world.entity.Entity
[05Jan2026 05:59:55.949] [main/DEBUG] [mixin/]: Mixing leashing.EntityMixin from smallships-common.mixins.json into net.minecraft.world.entity.Entity
[05Jan2026 05:59:56.093] [main/DEBUG] [mixin/]: Mixing MixinLivingEntity from epicfight.mixins.json into net.minecraft.world.entity.LivingEntity
[05Jan2026 05:59:56.107] [main/DEBUG] [mixin/]: Mixing LivingEntityMixin from citadel.mixins.json into net.minecraft.world.entity.LivingEntity
[05Jan2026 05:59:56.115] [main/DEBUG] [mixin/]: Mixing LivingEntityMixin from mixins.bosses_of_mass_destruction.json into net.minecraft.world.entity.LivingEntity
[05Jan2026 05:59:56.116] [main/DEBUG] [mixin/]: Mixing LivingEntityMixin from cataclysm.mixins.json into net.minecraft.world.entity.LivingEntity
[05Jan2026 05:59:56.118] [main/DEBUG] [mixin/]: Mixing MixinLivingEntity from curios.mixins.json into net.minecraft.world.entity.LivingEntity
[05Jan2026 05:59:56.120] [main/DEBUG] [mixin/]: Mixing LivingEntityMixin from legendary_monsters.mixins.json into net.minecraft.world.entity.LivingEntity
[05Jan2026 05:59:56.123] [main/DEBUG] [mixin/]: Mixing LivingEntityMixin from crittersandcompanions.mixins.json into net.minecraft.world.entity.LivingEntity
[05Jan2026 05:59:56.125] [main/DEBUG] [mixin/]: Renaming synthetic method lambda$sendLeashState$7(Lcom/github/eterdelta/crittersandcompanions/capability/ISilkLeashStateCapability;)V to md5ff234$lambda$sendLeashState$7$0 in crittersandcompanions.mixins.json:LivingEntityMixin
[05Jan2026 05:59:56.125] [main/DEBUG] [mixin/]: Renaming synthetic method lambda$sendLeashState$6()Lnet/minecraft/world/entity/Entity; to md5ff234$lambda$sendLeashState$6$1 in crittersandcompanions.mixins.json:LivingEntityMixin
[05Jan2026 05:59:56.126] [main/DEBUG] [mixin/]: Renaming synthetic method lambda$getLeashStateCache$5(Lnet/minecraftforge/common/util/LazyOptional;)V to md5ff234$lambda$getLeashStateCache$5$2 in crittersandcompanions.mixins.json:LivingEntityMixin
[05Jan2026 05:59:56.127] [main/DEBUG] [mixin/]: Renaming synthetic method lambda$onDie$4(Lcom/github/eterdelta/crittersandcompanions/capability/ISilkLeashStateCapability;)V to md5ff234$lambda$onDie$4$3 in crittersandcompanions.mixins.json:LivingEntityMixin
[05Jan2026 05:59:56.127] [main/DEBUG] [mixin/]: Renaming synthetic method lambda$onTick$3(Lcom/github/eterdelta/crittersandcompanions/capability/ISilkLeashStateCapability;)V to md5ff234$lambda$onTick$3$4 in crittersandcompanions.mixins.json:LivingEntityMixin
[05Jan2026 05:59:56.127] [main/DEBUG] [mixin/]: Renaming synthetic method lambda$onTick$2(Lcom/github/eterdelta/crittersandcompanions/entity/ILeashStateEntity;Lcom/github/eterdelta/crittersandcompanions/capability/ISilkLeashStateCapability;)V to md5ff234$lambda$onTick$2$5 in crittersandcompanions.mixins.json:LivingEntityMixin
[05Jan2026 05:59:56.127] [main/DEBUG] [mixin/]: Renaming synthetic method lambda$onReadAdditionalSaveData$1(Lnet/minecraft/nbt/CompoundTag;Lcom/github/eterdelta/crittersandcompanions/capability/ISilkLeashStateCapability;)V to md5ff234$lambda$onReadAdditionalSaveData$1$6 in crittersandcompanions.mixins.json:LivingEntityMixin
[05Jan2026 05:59:56.128] [main/DEBUG] [mixin/]: Renaming synthetic method lambda$onAddAdditionalSaveData$0(Lnet/minecraft/nbt/CompoundTag;Lcom/github/eterdelta/crittersandcompanions/capability/ISilkLeashStateCapability;)V to md5ff234$lambda$onAddAdditionalSaveData$0$7 in crittersandcompanions.mixins.json:LivingEntityMixin
[05Jan2026 05:59:56.198] [main/DEBUG] [mixin/]: Mixing LivingEntityMixin from spartanweaponry.mixins.json into net.minecraft.world.entity.LivingEntity
[05Jan2026 05:59:56.279] [main/WARN] [mixin/]: @Inject(@At("INVOKE")) Shift.BY=1 on crittersandcompanions.mixins.json:LivingEntityMixin::handler$zja000$onDie exceeds the maximum allowed value: 0. Increase the value of maxShiftBy to suppress this warning.
[05Jan2026 05:59:56.351] [main/DEBUG] [mixin/]: Mixing block.BlockDestroyCancelMixin from dungeonnowloading.forge.mixins.json into net.minecraft.world.level.Level
[05Jan2026 05:59:56.354] [main/DEBUG] [mixin/]: Mixing LevelMixin from citadel.mixins.json into net.minecraft.world.level.Level
[05Jan2026 05:59:56.357] [main/DEBUG] [mixin/]: Mixing LevelMixin from morehitboxes.mixins.json into net.minecraft.world.level.Level
[05Jan2026 05:59:56.416] [main/DEBUG] [mixin/]: Mixing ServerAddEntityMixin from cupboard.mixins.json into net.minecraft.server.level.ServerLevel
[05Jan2026 05:59:56.429] [main/DEBUG] [mixin/]: Mixing ServerLevelMixin from dungeonnowloading.forge.mixins.json into net.minecraft.server.level.ServerLevel
[05Jan2026 05:59:56.430] [main/DEBUG] [mixin/]: Mixing ServerLevelMixin from citadel.mixins.json into net.minecraft.server.level.ServerLevel
[05Jan2026 05:59:56.432] [main/DEBUG] [mixin/]: Mixing ExplosionMixin from mixins.bosses_of_mass_destruction.json into net.minecraft.server.level.ServerLevel
[05Jan2026 05:59:56.465] [main/DEBUG] [mixin/]: Mixing ItemEntityMixin from forbidden_arcanus.mixins.json into net.minecraft.world.entity.item.ItemEntity
[05Jan2026 05:59:56.465] [main/DEBUG] [mixin/]: forbidden_arcanus.mixins.json:ItemEntityMixin: Class version 61 required is higher than the class version supported by the current version of Mixin (JAVA_16 supports class version 60)
[05Jan2026 05:59:56.465] [main/DEBUG] [mixin/]: Mixing ItemMixin from cataclysm.mixins.json into net.minecraft.world.entity.item.ItemEntity
[05Jan2026 05:59:56.477] [main/DEBUG] [mixin/]: Mixing MixinPlayer from epicfight.mixins.json into net.minecraft.world.entity.player.Player
[05Jan2026 05:59:56.479] [main/DEBUG] [mixin/]: Mixing entities.PlayerMixin from dungeonnowloading.forge.mixins.json into net.minecraft.world.entity.player.Player
[05Jan2026 05:59:56.482] [main/DEBUG] [mixin/]: Mixing PlayerMixin from morehitboxes.mixins.json into net.minecraft.world.entity.player.Player
[05Jan2026 05:59:56.483] [main/DEBUG] [mixin/]: Mixing PlayerMixin from forbidden_arcanus.mixins.json into net.minecraft.world.entity.player.Player
[05Jan2026 05:59:56.484] [main/DEBUG] [mixin/]: forbidden_arcanus.mixins.json:PlayerMixin: Class version 61 required is higher than the class version supported by the current version of Mixin (JAVA_16 supports class version 60)
[05Jan2026 05:59:56.494] [main/DEBUG] [mixin/]: Mixing PlayerMixin from spartanweaponry.mixins.json into net.minecraft.world.entity.player.Player
[05Jan2026 05:59:56.529] [main/DEBUG] [mixin/]: Mixing PlayerInteractDistScaling from brutalbosses.mixins.json into net.minecraftforge.common.extensions.IForgePlayer
[05Jan2026 05:59:56.529] [main/DEBUG] [mixin/]: brutalbosses.mixins.json:PlayerInteractDistScaling: Class version 61 required is higher than the class version supported by the current version of Mixin (JAVA_8 supports class version 52)
[05Jan2026 05:59:56.557] [main/DEBUG] [mixin/]: Mixing inject.MixinFluid from architectury-common.mixins.json into net.minecraft.world.level.material.Fluid
[05Jan2026 05:59:56.562] [main/DEBUG] [mixin/]: Mixing ItemMixin from forbidden_arcanus.mixins.json into net.minecraft.world.item.Item
[05Jan2026 05:59:56.562] [main/DEBUG] [mixin/]: forbidden_arcanus.mixins.json:ItemMixin: Class version 61 required is higher than the class version supported by the current version of Mixin (JAVA_16 supports class version 60)
[05Jan2026 05:59:56.563] [main/DEBUG] [mixin/]: Mixing inject.MixinItem from architectury-common.mixins.json into net.minecraft.world.item.Item
[05Jan2026 05:59:56.568] [main/DEBUG] [mixin/]: Mixing ItemMixin from ftblibrary-common.mixins.json into net.minecraft.world.item.Item
[05Jan2026 05:59:56.568] [main/DEBUG] [mixin/]: ftblibrary-common.mixins.json:ItemMixin: Class version 61 required is higher than the class version supported by the current version of Mixin (JAVA_8 supports class version 52)
[05Jan2026 05:59:56.583] [main/DEBUG] [net.minecraftforge.coremod.transformer.CoreModBaseTransformer/COREMOD]: Transforming net/minecraft/world/entity/EntityType
[05Jan2026 05:59:56.640] [main/DEBUG] [mixin/]: Mixing inject.MixinEntityType from architectury-common.mixins.json into net.minecraft.world.entity.EntityType
[05Jan2026 05:59:56.664] [main/DEBUG] [mixin/]: Mixing ChunkStatusMixin from citadel.mixins.json into net.minecraft.world.level.chunk.ChunkStatus
[05Jan2026 05:59:56.666] [main/DEBUG] [mixin/]: Mixing ChunkStatusMixin from fossil_common.mixins.json into net.minecraft.world.level.chunk.ChunkStatus
[05Jan2026 05:59:56.695] [main/DEBUG] [mixin/]: Mixing PoiTypesInvoker from morevillagers-common.mixins.json into net.minecraft.world.entity.ai.village.poi.PoiTypes
[05Jan2026 05:59:56.695] [main/DEBUG] [mixin/]: Renaming @Accessor method getTypeByState()Ljava/util/Map; to getTypeByState_$md$5ff234$0 in morevillagers-common.mixins.json:PoiTypesInvoker
[05Jan2026 05:59:56.696] [main/DEBUG] [mixin/]: Renaming @Invoker method invokeGetBlockStates(Lnet/minecraft/world/level/block/Block;)Ljava/util/Set; to invokeGetBlockStates_$md$5ff234$1 in morevillagers-common.mixins.json:PoiTypesInvoker
[05Jan2026 05:59:56.696] [main/DEBUG] [mixin/]: Renaming @Invoker method invokeRegisterBlockStates(Lnet/minecraft/core/Holder;Ljava/util/Set;)V to invokeRegisterBlockStates_$md$5ff234$2 in morevillagers-common.mixins.json:PoiTypesInvoker
[05Jan2026 05:59:56.736] [main/DEBUG] [mixin/]: Mixing TrunkPlacerTypeInvoker from graveyard-common.mixins.json into net.minecraft.world.level.levelgen.feature.trunkplacers.TrunkPlacerType
[05Jan2026 05:59:56.737] [main/DEBUG] [mixin/]: Renaming @Invoker method callRegister(Ljava/lang/String;Lcom/mojang/serialization/Codec;)Lnet/minecraft/world/level/levelgen/feature/trunkplacers/TrunkPlacerType; to callRegister_$md$5ff234$0 in graveyard-common.mixins.json:TrunkPlacerTypeInvoker
[05Jan2026 05:59:56.759] [main/DEBUG] [mixin/]: Mixing MixinCreativeModeTabs from mixins.netherdungeons.json into net.minecraft.world.item.CreativeModeTabs
[05Jan2026 05:59:56.819] [main/DEBUG] [mixin/]: Mixing forge.block.DNLFireBlockMixin from dungeonnowloading.forge.mixins.json into net.minecraft.world.level.block.FireBlock
[05Jan2026 05:59:56.821] [main/DEBUG] [mixin/]: Mixing AccessorFireBlock from forbidden_arcanus.mixins.json into net.minecraft.world.level.block.FireBlock
[05Jan2026 05:59:56.821] [main/DEBUG] [mixin/]: forbidden_arcanus.mixins.json:AccessorFireBlock: Class version 61 required is higher than the class version supported by the current version of Mixin (JAVA_16 supports class version 60)
[05Jan2026 05:59:56.821] [main/DEBUG] [mixin/]: Mixing accessor.FireBlockForgeAccessor from puzzleslib.forge.mixins.json into net.minecraft.world.level.block.FireBlock
[05Jan2026 05:59:56.849] [main/DEBUG] [mixin/]: Mixing ShapesMixin from creativecore.mixins.json into net.minecraft.world.phys.shapes.Shapes
[05Jan2026 05:59:56.872] [main/DEBUG] [mixin/]: Mixing multipart_entities.ShapesMixin from mixins.cerbons_api.json into net.minecraft.world.phys.shapes.Shapes
[05Jan2026 05:59:56.894] [main/DEBUG] [mixin/]: Mixing VoxelShapeAccessor from creativecore.mixins.json into net.minecraft.world.phys.shapes.VoxelShape
[05Jan2026 05:59:56.895] [main/DEBUG] [mixin/]: Mixing multipart_entities.VoxelShapeMixin from mixins.cerbons_api.json into net.minecraft.world.phys.shapes.VoxelShape
[05Jan2026 05:59:56.898] [main/DEBUG] [mixin/]: Mixing multipart_entities.InvokerArrayVoxelShape from mixins.cerbons_api.json into net.minecraft.world.phys.shapes.ArrayVoxelShape
[05Jan2026 05:59:56.898] [main/DEBUG] [mixin/]: Renaming @Invoker method init(Lnet/minecraft/world/phys/shapes/DiscreteVoxelShape;Lit/unimi/dsi/fastutil/doubles/DoubleList;Lit/unimi/dsi/fastutil/doubles/DoubleList;Lit/unimi/dsi/fastutil/doubles/DoubleList;)Lnet/minecraft/world/phys/shapes/ArrayVoxelShape; to init_$md$5ff234$0 in mixins.cerbons_api.json:multipart_entities.InvokerArrayVoxelShape
[05Jan2026 05:59:57.007] [main/DEBUG] [mixin/]: Mixing BlocksMixin from swampier_swamps.mixins.json into net.minecraft.world.level.block.Blocks
[05Jan2026 05:59:57.007] [main/DEBUG] [mixin/]: swampier_swamps.mixins.json:BlocksMixin: Class version 61 required is higher than the class version supported by the current version of Mixin (JAVA_16 supports class version 60)
[05Jan2026 05:59:57.031] [main/DEBUG] [mixin/]: Mixing AbstractTreeGrowerMixin from swampier_swamps.mixins.json into net.minecraft.world.level.block.grower.AbstractTreeGrower
[05Jan2026 05:59:57.031] [main/DEBUG] [mixin/]: swampier_swamps.mixins.json:AbstractTreeGrowerMixin: Class version 61 required is higher than the class version supported by the current version of Mixin (JAVA_16 supports class version 60)
[05Jan2026 05:59:57.041] [main/DEBUG] [mixin/]: Mixing PlantBlockMixin from graveyard-common.mixins.json into net.minecraft.world.level.block.BushBlock
[05Jan2026 05:59:57.050] [main/DEBUG] [net.minecraftforge.coremod.transformer.CoreModBaseTransformer/COREMOD]: Transforming net/minecraft/world/level/block/LiquidBlock
[05Jan2026 05:59:57.051] [main/DEBUG] [mixin/]: Mixing inject.MixinLiquidBlock from architectury-common.mixins.json into net.minecraft.world.level.block.LiquidBlock
[05Jan2026 05:59:57.073] [main/DEBUG] [mixin/]: Mixing block.PistonBlockMixin from dungeonnowloading.forge.mixins.json into net.minecraft.world.level.block.piston.PistonBaseBlock
[05Jan2026 05:59:57.088] [main/DEBUG] [net.minecraftforge.coremod.transformer.CoreModBaseTransformer/COREMOD]: Transforming net/minecraft/world/level/block/StairBlock
[05Jan2026 05:59:57.089] [main/DEBUG] [mixin/]: Mixing block.StairsMixin from dungeonnowloading.forge.mixins.json into net.minecraft.world.level.block.StairBlock
[05Jan2026 05:59:57.098] [main/DEBUG] [mixin/]: Mixing CraftingTableBlockMixin from visualworkbench.common.mixins.json into net.minecraft.world.level.block.CraftingTableBlock
[05Jan2026 05:59:57.116] [main/DEBUG] [mixin/]: Mixing CropBlockMixin from naturalist-common.mixins.json into net.minecraft.world.level.block.CropBlock
[05Jan2026 05:59:57.117] [main/DEBUG] [mixin/]: Mixing CropBlockMixin from swampier_swamps.mixins.json into net.minecraft.world.level.block.CropBlock
[05Jan2026 05:59:57.117] [main/DEBUG] [mixin/]: swampier_swamps.mixins.json:CropBlockMixin: Class version 61 required is higher than the class version supported by the current version of Mixin (JAVA_16 supports class version 60)
[05Jan2026 05:59:57.137] [main/DEBUG] [mixin/]: Mixing BasePressurePlateBlockMixin from brutalbosses.mixins.json into net.minecraft.world.level.block.BasePressurePlateBlock
[05Jan2026 05:59:57.138] [main/DEBUG] [mixin/]: brutalbosses.mixins.json:BasePressurePlateBlockMixin: Class version 61 required is higher than the class version supported by the current version of Mixin (JAVA_8 supports class version 52)
[05Jan2026 05:59:57.146] [main/DEBUG] [mixin/]: Mixing IceBlockMixin from mixins.bosses_of_mass_destruction.json into net.minecraft.world.level.block.IceBlock
[05Jan2026 05:59:57.153] [main/DEBUG] [net.minecraftforge.coremod.transformer.CoreModBaseTransformer/COREMOD]: Transforming net/minecraft/world/level/levelgen/structure/Structure
[05Jan2026 05:59:57.163] [main/DEBUG] [mixin/]: Mixing block.FenceMixin from dungeonnowloading.forge.mixins.json into net.minecraft.world.level.block.FenceBlock
[05Jan2026 05:59:57.182] [main/DEBUG] [mixin/]: Mixing block.IronBarsMixin from dungeonnowloading.forge.mixins.json into net.minecraft.world.level.block.IronBarsBlock
[05Jan2026 05:59:57.194] [main/DEBUG] [mixin/]: Mixing WaterlilyBlockMixin from swampier_swamps.mixins.json into net.minecraft.world.level.block.WaterlilyBlock
[05Jan2026 05:59:57.194] [main/DEBUG] [mixin/]: swampier_swamps.mixins.json:WaterlilyBlockMixin: Class version 61 required is higher than the class version supported by the current version of Mixin (JAVA_16 supports class version 60)
[05Jan2026 05:59:57.213] [main/DEBUG] [mixin/]: Mixing block.WallMixin from dungeonnowloading.forge.mixins.json into net.minecraft.world.level.block.WallBlock
[05Jan2026 05:59:57.218] [main/DEBUG] [net.minecraftforge.coremod.transformer.CoreModBaseTransformer/COREMOD]: Transforming net/minecraft/world/level/block/FlowerPotBlock
[05Jan2026 05:59:57.270] [main/DEBUG] [mixin/]: Mixing BubbleColumnBlockMixin from forbidden_arcanus.mixins.json into net.minecraft.world.level.block.BubbleColumnBlock
[05Jan2026 05:59:57.270] [main/DEBUG] [mixin/]: forbidden_arcanus.mixins.json:BubbleColumnBlockMixin: Class version 61 required is higher than the class version supported by the current version of Mixin (JAVA_16 supports class version 60)
[05Jan2026 05:59:57.285] [main/DEBUG] [mixin/]: Mixing block.LecternBlockMixin from dungeonnowloading.forge.mixins.json into net.minecraft.world.level.block.LecternBlock
[05Jan2026 05:59:57.312] [main/DEBUG] [mixin/]: Mixing MixinPowderSnowBlock from curios.mixins.json into net.minecraft.world.level.block.PowderSnowBlock
[05Jan2026 05:59:57.458] [main/DEBUG] [mixin/]: Mixing MixinFallingBlockEntity from architectury.mixins.json into net.minecraft.world.entity.item.FallingBlockEntity
[05Jan2026 05:59:57.515] [main/DEBUG] [mixin/]: Mixing LockableLootTileEntityMixin from brutalbosses.mixins.json into net.minecraft.world.level.block.entity.RandomizableContainerBlockEntity
[05Jan2026 05:59:57.516] [main/DEBUG] [mixin/]: brutalbosses.mixins.json:LockableLootTileEntityMixin: Class version 61 required is higher than the class version supported by the current version of Mixin (JAVA_8 supports class version 52)
[05Jan2026 05:59:57.967] [main/DEBUG] [mixin/]: Mixing accessor.CraftingMenuAccessor from visualworkbench.common.mixins.json into net.minecraft.world.inventory.CraftingMenu
[05Jan2026 05:59:58.018] [main/DEBUG] [mixin/]: Mixing multipart_entities.AABBMixin from mixins.cerbons_api.json into net.minecraft.world.phys.AABB
[05Jan2026 05:59:58.024] [main/DEBUG] [mixin/]: Mixing AbstractArrowMixin from spartanweaponry.mixins.json into net.minecraft.world.entity.projectile.AbstractArrow
[05Jan2026 05:59:58.113] [main/DEBUG] [mixin/]: Mixing ProjectileMixin from swampier_swamps.mixins.json into net.minecraft.world.entity.projectile.Projectile
[05Jan2026 05:59:58.113] [main/DEBUG] [mixin/]: swampier_swamps.mixins.json:ProjectileMixin: Class version 61 required is higher than the class version supported by the current version of Mixin (JAVA_16 supports class version 60)
[05Jan2026 05:59:58.113] [main/DEBUG] [mixin/]: Mixing ProjectileHitActionMixin from brutalbosses.mixins.json into net.minecraft.world.entity.projectile.Projectile
[05Jan2026 05:59:58.113] [main/DEBUG] [mixin/]: brutalbosses.mixins.json:ProjectileHitActionMixin: Class version 61 required is higher than the class version supported by the current version of Mixin (JAVA_8 supports class version 52)
[05Jan2026 05:59:58.115] [main/DEBUG] [mixin/]: Mixing multipart_entities.ProjectileMixin from mixins.cerbons_api.json into net.minecraft.world.entity.projectile.Projectile
[05Jan2026 05:59:58.116] [main/DEBUG] [mixin/]: Mixing ProjectileMixin from spartanweaponry.mixins.json into net.minecraft.world.entity.projectile.Projectile
[05Jan2026 05:59:58.138] [main/DEBUG] [mixin/]: Mixing MobMixin from naturalist-common.mixins.json into net.minecraft.world.entity.Mob
[05Jan2026 05:59:58.139] [main/DEBUG] [net.minecraftforge.coremod.transformer.CoreModBaseTransformer/COREMOD]: Transforming net/minecraft/world/effect/MobEffectInstance
[05Jan2026 05:59:58.144] [main/DEBUG] [mixin/]: Mixing MixinMob from epicfight.mixins.json into net.minecraft.world.entity.Mob
[05Jan2026 05:59:58.145] [main/DEBUG] [mixin/]: Mixing MobMixin from morehitboxes.mixins.json into net.minecraft.world.entity.Mob
[05Jan2026 05:59:58.145] [main/DEBUG] [mixin/]: Mixing MobMixin from swampier_swamps.mixins.json into net.minecraft.world.entity.Mob
[05Jan2026 05:59:58.146] [main/DEBUG] [mixin/]: swampier_swamps.mixins.json:MobMixin: Class version 61 required is higher than the class version supported by the current version of Mixin (JAVA_16 supports class version 60)
[05Jan2026 05:59:58.146] [main/DEBUG] [mixin/]: Mixing MobMixin from spartanweaponry.mixins.json into net.minecraft.world.entity.Mob
[05Jan2026 05:59:58.147] [main/DEBUG] [mixin/]: Mixing MobMixin from fossil_common.mixins.json into net.minecraft.world.entity.Mob
[05Jan2026 05:59:58.169] [main/DEBUG] [mixin/]: Mixing NeutralMobsMixin from crittersandcompanions.mixins.json into net.minecraft.world.entity.animal.IronGolem
[05Jan2026 05:59:58.169] [main/DEBUG] [mixin/]: Renaming synthetic method lambda$onRegisterGoals$0(Lnet/minecraft/world/entity/LivingEntity;)Z to md5ff234$lambda$onRegisterGoals$0$0 in crittersandcompanions.mixins.json:NeutralMobsMixin
[05Jan2026 05:59:58.199] [main/DEBUG] [mixin/]: Mixing MonsterMixin from naturalist-common.mixins.json into net.minecraft.world.entity.monster.Monster
[05Jan2026 05:59:58.251] [main/DEBUG] [mixin/]: Mixing PlayerEnchantMixin from endrem.mixins.json into net.minecraft.world.inventory.EnchantmentMenu
[05Jan2026 05:59:58.307] [main/DEBUG] [net.minecraftforge.coremod.transformer.CoreModBaseTransformer/COREMOD]: Transforming net/minecraft/world/item/ItemStack
[05Jan2026 05:59:58.308] [main/DEBUG] [mixin/]: Mixing ItemStackMixin from forbidden_arcanus.mixins.json into net.minecraft.world.item.ItemStack
[05Jan2026 05:59:58.308] [main/DEBUG] [mixin/]: forbidden_arcanus.mixins.json:ItemStackMixin: Class version 61 required is higher than the class version supported by the current version of Mixin (JAVA_16 supports class version 60)
[05Jan2026 05:59:58.441] [main/DEBUG] [mixin/]: Mixing MixinWitherBoss from epicfight.mixins.json into net.minecraft.world.entity.boss.wither.WitherBoss
[05Jan2026 05:59:58.442] [main/DEBUG] [mixin/]: Renaming @Unique method m_7515_()Lnet/minecraft/sounds/SoundEvent; to md5ff234$m_7515_$0 in epicfight.mixins.json:MixinWitherBoss
[05Jan2026 05:59:58.470] [main/WARN] [mixin/]: @Final field f_31427_:[I in epicfight.mixins.json:MixinWitherBoss should be final
[05Jan2026 05:59:58.471] [main/WARN] [mixin/]: @Final field f_31428_:[I in epicfight.mixins.json:MixinWitherBoss should be final
[05Jan2026 05:59:59.033] [main/DEBUG] [mixin/]: Mixing SmithingMenuMixin from citadel.mixins.json into net.minecraft.world.inventory.SmithingMenu
[05Jan2026 05:59:59.068] [main/DEBUG] [mixin/]: Mixing blocks.StructureBlockUnlimit from integrated_api-common.mixins.json into net.minecraft.world.level.block.entity.StructureBlockEntity
[05Jan2026 05:59:59.069] [main/DEBUG] [mixin/]: Renaming synthetic method lambda$getRelatedCorners$0(Lnet/minecraft/world/level/Level;Lnet/minecraft/world/level/block/entity/StructureBlockEntity;Ljava/util/List;Lnet/minecraft/core/BlockPos;)Z to md5ff234$lambda$getRelatedCorners$0$0 in integrated_api-common.mixins.json:blocks.StructureBlockUnlimit
[05Jan2026 05:59:59.247] [main/DEBUG] [mixin/]: Mixing MixinLightningBolt from architectury-common.mixins.json into net.minecraft.world.entity.LightningBolt
[05Jan2026 05:59:59.371] [main/DEBUG] [net.minecraftforge.coremod.transformer.CoreModBaseTransformer/COREMOD]: Transforming net/minecraft/world/entity/animal/frog/Tadpole
[05Jan2026 05:59:59.391] [main/DEBUG] [mixin/]: Mixing AbstractFishMixin from fossil_common.mixins.json into net.minecraft.world.entity.animal.AbstractFish
[05Jan2026 05:59:59.412] [main/DEBUG] [mixin/]: Mixing forge.block.BlockPlaceMixin from dungeonnowloading.forge.mixins.json into net.minecraft.world.item.BlockItem
[05Jan2026 05:59:59.412] [main/DEBUG] [mixin/]: Renaming synthetic method lambda$onBlockAttemptedPlace$1(Lnet/minecraft/world/entity/player/Player;Lnet/minecraft/world/level/Level;Lnet/minecraft/core/BlockPos;Ljava/util/List;)V to md5ff234$lambda$onBlockAttemptedPlace$1$0 in dungeonnowloading.forge.mixins.json:forge.block.BlockPlaceMixin
[05Jan2026 05:59:59.412] [main/DEBUG] [mixin/]: Renaming synthetic method lambda$onBlockAttemptedPlace$0(Lnet/minecraft/world/level/Level;Lnet/minecraft/core/BlockPos;Lnet/minecraft/core/BlockPos;)Z to md5ff234$lambda$onBlockAttemptedPlace$0$1 in dungeonnowloading.forge.mixins.json:forge.block.BlockPlaceMixin
[05Jan2026 05:59:59.418] [main/DEBUG] [mixin/]: Mixing accessor.BlockItemAccessor from puzzleslib.common.mixins.json into net.minecraft.world.item.BlockItem
[05Jan2026 05:59:59.431] [main/DEBUG] [mixin/]: Mixing forge.block.FlintAndSteelMixin from dungeonnowloading.forge.mixins.json into net.minecraft.world.item.FlintAndSteelItem
[05Jan2026 05:59:59.431] [main/DEBUG] [mixin/]: Renaming synthetic method lambda$onBlockAttemptedPlace$1(Lnet/minecraft/world/entity/player/Player;Lnet/minecraft/world/level/Level;Lnet/minecraft/core/BlockPos;Ljava/util/List;)V to md5ff234$lambda$onBlockAttemptedPlace$1$0 in dungeonnowloading.forge.mixins.json:forge.block.FlintAndSteelMixin
[05Jan2026 05:59:59.431] [main/DEBUG] [mixin/]: Renaming synthetic method lambda$onBlockAttemptedPlace$0(Lnet/minecraft/world/level/Level;Lnet/minecraft/core/BlockPos;Lnet/minecraft/core/BlockPos;)Z to md5ff234$lambda$onBlockAttemptedPlace$0$1 in dungeonnowloading.forge.mixins.json:forge.block.FlintAndSteelMixin
[05Jan2026 05:59:59.432] [main/DEBUG] [mixin/]: Mixing FlintAndSteelItemMixin from valhelsia_core-common.mixins.json into net.minecraft.world.item.FlintAndSteelItem
[05Jan2026 05:59:59.432] [main/DEBUG] [mixin/]: Renaming synthetic method lambda$valhelsia_useOn$0(Lnet/minecraft/world/item/context/UseOnContext;Lnet/minecraft/world/entity/player/Player;)V to md5ff234$lambda$valhelsia_useOn$0$2 in valhelsia_core-common.mixins.json:FlintAndSteelItemMixin
[05Jan2026 05:59:59.447] [main/DEBUG] [net.minecraftforge.coremod.transformer.CoreModBaseTransformer/COREMOD]: Transforming net/minecraft/world/item/BucketItem
[05Jan2026 05:59:59.448] [main/DEBUG] [mixin/]: Mixing forge.block.BucketItemMixin from dungeonnowloading.forge.mixins.json into net.minecraft.world.item.BucketItem
[05Jan2026 05:59:59.448] [main/DEBUG] [mixin/]: Renaming synthetic method lambda$fluidPlace$3(Lnet/minecraft/world/entity/player/Player;Lnet/minecraft/world/level/Level;Lnet/minecraft/core/BlockPos;Ljava/util/List;)V to md5ff234$lambda$fluidPlace$3$0 in dungeonnowloading.forge.mixins.json:forge.block.BucketItemMixin
[05Jan2026 05:59:59.448] [main/DEBUG] [mixin/]: Renaming synthetic method lambda$fluidPlace$2(Lnet/minecraft/world/level/Level;Lnet/minecraft/core/BlockPos;Lnet/minecraft/core/BlockPos;)Z to md5ff234$lambda$fluidPlace$2$1 in dungeonnowloading.forge.mixins.json:forge.block.BucketItemMixin
[05Jan2026 05:59:59.448] [main/DEBUG] [mixin/]: Renaming synthetic method lambda$fluidPickUp$1(Lnet/minecraft/world/entity/player/Player;Lnet/minecraft/world/level/Level;Lnet/minecraft/core/BlockPos;Ljava/util/List;)V to md5ff234$lambda$fluidPickUp$1$2 in dungeonnowloading.forge.mixins.json:forge.block.BucketItemMixin
[05Jan2026 05:59:59.448] [main/DEBUG] [mixin/]: Renaming synthetic method lambda$fluidPickUp$0(Lnet/minecraft/world/level/Level;Lnet/minecraft/core/BlockPos;Lnet/minecraft/core/BlockPos;)Z to md5ff234$lambda$fluidPickUp$0$3 in dungeonnowloading.forge.mixins.json:forge.block.BucketItemMixin
[05Jan2026 05:59:59.449] [main/DEBUG] [mixin/]: Mixing inject.MixinBucketItem from architectury-common.mixins.json into net.minecraft.world.item.BucketItem
[05Jan2026 05:59:59.465] [main/DEBUG] [mixin/]: Mixing BoneMealItemMixin from swampier_swamps.mixins.json into net.minecraft.world.item.BoneMealItem
[05Jan2026 05:59:59.465] [main/DEBUG] [mixin/]: swampier_swamps.mixins.json:BoneMealItemMixin: Class version 61 required is higher than the class version supported by the current version of Mixin (JAVA_16 supports class version 60)
[05Jan2026 05:59:59.473] [main/DEBUG] [mixin/]: Mixing MapItemMixin from naturalist-common.mixins.json into net.minecraft.world.item.MapItem
[05Jan2026 05:59:59.474] [main/DEBUG] [mixin/]: Mixing items.MapItemAccessor from integrated_api-common.mixins.json into net.minecraft.world.item.MapItem
[05Jan2026 05:59:59.474] [main/DEBUG] [mixin/]: Renaming @Invoker method callCreateAndStoreSavedData(Lnet/minecraft/world/item/ItemStack;Lnet/minecraft/world/level/Level;IIIZZLnet/minecraft/resources/ResourceKey;)V to callCreateAndStoreSavedData_$md$5ff234$0 in integrated_api-common.mixins.json:items.MapItemAccessor
[05Jan2026 05:59:59.491] [main/DEBUG] [mixin/]: Mixing MixinShearsItem from curios.mixins.json into net.minecraft.world.item.ShearsItem
[05Jan2026 05:59:59.494] [main/DEBUG] [mixin/]: Mixing BottleItemMixin from naturalist-common.mixins.json into net.minecraft.world.item.BottleItem
[05Jan2026 05:59:59.495] [main/DEBUG] [mixin/]: Renaming synthetic method lambda$onUse$0(Lnet/minecraft/world/entity/AreaEffectCloud;)Z to md5ff234$lambda$onUse$0$0 in naturalist-common.mixins.json:BottleItemMixin
[05Jan2026 05:59:59.497] [main/DEBUG] [mixin/]: Mixing BottleItemMixin from swampier_swamps.mixins.json into net.minecraft.world.item.BottleItem
[05Jan2026 05:59:59.497] [main/DEBUG] [mixin/]: swampier_swamps.mixins.json:BottleItemMixin: Class version 61 required is higher than the class version supported by the current version of Mixin (JAVA_16 supports class version 60)
[05Jan2026 05:59:59.498] [main/DEBUG] [mixin/]: Renaming synthetic method lambda$injectUse$0(Landrews/swampier_swamps/entities/SwampGas;)Z to md5ff234$lambda$injectUse$0$1 in swampier_swamps.mixins.json:BottleItemMixin
[05Jan2026 05:59:59.504] [main/DEBUG] [mixin/]: Mixing EnderEyeUseMixin from mixins.bosses_of_mass_destruction.json into net.minecraft.world.item.EnderEyeItem
[05Jan2026 05:59:59.517] [main/DEBUG] [mixin/]: Mixing leashing.LeadItemMixin from smallships-common.mixins.json into net.minecraft.world.item.LeadItem
[05Jan2026 05:59:59.531] [main/DEBUG] [mixin/]: Mixing MixinCrossbowItem from mixins.netherdungeons.json into net.minecraft.world.item.CrossbowItem
[05Jan2026 05:59:59.532] [main/DEBUG] [mixin/]: Renaming synthetic method lambda$applyBurstEnchantmentShoots$0(Lnet/minecraft/world/level/Level;Lnet/minecraft/world/entity/LivingEntity;Lnet/minecraft/world/InteractionHand;Lnet/minecraft/world/item/ItemStack;Lnet/minecraft/world/item/ItemStack;FZFFF)V to md5ff234$lambda$applyBurstEnchantmentShoots$0$0 in mixins.netherdungeons.json:MixinCrossbowItem
[05Jan2026 05:59:59.551] [main/DEBUG] [mixin/]: Mixing inject.MixinItemProperties from architectury-common.mixins.json into net.minecraft.world.item.Item$Properties
[05Jan2026 05:59:59.603] [main/DEBUG] [mixin/]: Mixing leashing.LeashFenceKnotEntityMixin from smallships-common.mixins.json into net.minecraft.world.entity.decoration.LeashFenceKnotEntity
[05Jan2026 05:59:59.608] [main/DEBUG] [mixin/]: Mixing entities.HangingEntityMixin from integrated_api-common.mixins.json into net.minecraft.world.entity.decoration.HangingEntity
[05Jan2026 06:00:00.535] [main/DEBUG] [mixin/]: Mixing EntityHitResultMixin from morehitboxes.mixins.json into net.minecraft.world.phys.EntityHitResult
[05Jan2026 06:00:00.549] [main/DEBUG] [mixin/]: Mixing NeutralMobsMixin from crittersandcompanions.mixins.json into net.minecraft.world.entity.animal.Bee
[05Jan2026 06:00:00.557] [main/DEBUG] [mixin/]: Mixing MeleeAttackGoalMixin from brutalbosses.mixins.json into net.minecraft.world.entity.ai.goal.MeleeAttackGoal
[05Jan2026 06:00:00.557] [main/DEBUG] [mixin/]: brutalbosses.mixins.json:MeleeAttackGoalMixin: Class version 61 required is higher than the class version supported by the current version of Mixin (JAVA_8 supports class version 52)
[05Jan2026 06:00:00.570] [main/DEBUG] [mixin/]: Mixing NearestAttackableTargetGoalMixin from crittersandcompanions.mixins.json into net.minecraft.world.entity.ai.goal.target.NearestAttackableTargetGoal
[05Jan2026 06:00:00.571] [main/DEBUG] [mixin/]: Renaming synthetic method lambda$onInit$0(Lnet/minecraft/world/entity/Mob;Lnet/minecraft/world/entity/LivingEntity;)Z to md5ff234$lambda$onInit$0$0 in crittersandcompanions.mixins.json:NearestAttackableTargetGoalMixin
[05Jan2026 06:00:00.585] [main/DEBUG] [mixin/]: Mixing controlling.BoatAccessor from smallships-common.mixins.json into net.minecraft.world.entity.vehicle.Boat
[05Jan2026 06:00:00.585] [main/DEBUG] [mixin/]: Mixing controlling.BoatMixin from smallships-common.mixins.json into net.minecraft.world.entity.vehicle.Boat
[05Jan2026 06:00:00.588] [main/DEBUG] [mixin/]: Mixing leashing.BoatMixin from smallships-common.mixins.json into net.minecraft.world.entity.vehicle.Boat
[05Jan2026 06:00:00.615] [main/DEBUG] [mixin/]: Mixing CatMixin from crittersandcompanions.mixins.json into net.minecraft.world.entity.animal.Cat
[05Jan2026 06:00:00.631] [main/DEBUG] [net.minecraftforge.coremod.transformer.CoreModBaseTransformer/COREMOD]: Transforming net/minecraft/world/entity/monster/Spider
[05Jan2026 06:00:00.644] [main/DEBUG] [mixin/]: Mixing NeutralMobsMixin from crittersandcompanions.mixins.json into net.minecraft.world.entity.monster.Spider
[05Jan2026 06:00:00.648] [main/DEBUG] [mixin/]: Mixing AbstractSkeletonMixin from spartanweaponry.mixins.json into net.minecraft.world.entity.monster.AbstractSkeleton
[05Jan2026 06:00:00.674] [main/DEBUG] [mixin/]: Mixing CreeperEntityMixin from graveyard-common.mixins.json into net.minecraft.world.entity.monster.Creeper
[05Jan2026 06:00:00.675] [main/DEBUG] [mixin/]: Mixing CreeperMixin from naturalist-common.mixins.json into net.minecraft.world.entity.monster.Creeper
[05Jan2026 06:00:00.691] [main/DEBUG] [net.minecraftforge.coremod.transformer.CoreModBaseTransformer/COREMOD]: Transforming net/minecraft/world/entity/monster/Zombie
[05Jan2026 06:00:00.765] [main/DEBUG] [mixin/]: Mixing ZombieMixin from naturalist-common.mixins.json into net.minecraft.world.entity.monster.Zombie
[05Jan2026 06:00:00.768] [main/DEBUG] [mixin/]: Mixing ZombieMixin from spartanweaponry.mixins.json into net.minecraft.world.entity.monster.Zombie
[05Jan2026 06:00:00.776] [main/DEBUG] [net.minecraftforge.coremod.transformer.CoreModBaseTransformer/COREMOD]: Transforming net/minecraft/world/entity/monster/ZombieVillager
[05Jan2026 06:00:00.819] [main/DEBUG] [mixin/]: Mixing MixinThrownTrident from epicfight.mixins.json into net.minecraft.world.entity.projectile.ThrownTrident
[05Jan2026 06:00:00.843] [main/DEBUG] [mixin/]: Mixing MixinEndCrystal from epicfight.mixins.json into net.minecraft.world.entity.boss.enderdragon.EndCrystal
[05Jan2026 06:00:00.882] [main/DEBUG] [mixin/]: Mixing NeutralMobsMixin from crittersandcompanions.mixins.json into net.minecraft.world.entity.monster.EnderMan
[05Jan2026 06:00:00.922] [main/DEBUG] [net.minecraftforge.coremod.transformer.CoreModBaseTransformer/COREMOD]: Transforming net/minecraft/world/entity/monster/Evoker$EvokerSummonSpellGoal
[05Jan2026 06:00:00.958] [main/DEBUG] [mixin/]: Mixing frog.FrogMixin from swampier_swamps.mixins.json into net.minecraft.world.entity.animal.frog.Frog
[05Jan2026 06:00:00.958] [main/DEBUG] [mixin/]: swampier_swamps.mixins.json:frog.FrogMixin: Class version 61 required is higher than the class version supported by the current version of Mixin (JAVA_16 supports class version 60)
[05Jan2026 06:00:01.006] [main/DEBUG] [mixin/]: Mixing NeutralMobsMixin from crittersandcompanions.mixins.json into net.minecraft.world.entity.animal.horse.Llama
[05Jan2026 06:00:01.025] [main/DEBUG] [mixin/]: Mixing OcelotMixin from crittersandcompanions.mixins.json into net.minecraft.world.entity.animal.Ocelot
[05Jan2026 06:00:01.053] [main/DEBUG] [mixin/]: Mixing ZombifiedPiglinMixin from crittersandcompanions.mixins.json into net.minecraft.world.entity.monster.ZombifiedPiglin
[05Jan2026 06:00:01.054] [main/DEBUG] [mixin/]: Renaming synthetic method lambda$onAddBehaviourGoals$0(Lnet/minecraft/world/entity/LivingEntity;)Z to md5ff234$lambda$onAddBehaviourGoals$0$0 in crittersandcompanions.mixins.json:ZombifiedPiglinMixin
[05Jan2026 06:00:01.062] [main/DEBUG] [mixin/]: Mixing MixinPiglinBrute from mixins.netherdungeons.json into net.minecraft.world.entity.monster.piglin.PiglinBrute
[05Jan2026 06:00:01.075] [main/DEBUG] [mixin/]: Mixing NeutralMobsMixin from crittersandcompanions.mixins.json into net.minecraft.world.entity.animal.PolarBear
[05Jan2026 06:00:01.081] [main/DEBUG] [mixin/]: Mixing ThrownPotionMixin from valhelsia_core-common.mixins.json into net.minecraft.world.entity.projectile.ThrownPotion
[05Jan2026 06:00:01.100] [main/DEBUG] [mixin/]: Mixing entities.ShulkerEntityInvoker from integrated_api-common.mixins.json into net.minecraft.world.entity.monster.Shulker
[05Jan2026 06:00:01.112] [main/DEBUG] [net.minecraftforge.coremod.transformer.CoreModBaseTransformer/COREMOD]: Transforming net/minecraft/world/entity/animal/horse/SkeletonTrapGoal
[05Jan2026 06:00:01.146] [main/DEBUG] [net.minecraftforge.coremod.transformer.CoreModBaseTransformer/COREMOD]: Transforming net/minecraft/world/entity/monster/Strider
[05Jan2026 06:00:01.222] [main/DEBUG] [mixin/]: Mixing MixinServerPlayer from epicfight.mixins.json into net.minecraft.server.level.ServerPlayer
[05Jan2026 06:00:01.224] [main/DEBUG] [mixin/]: Mixing entities.ServerPlayerMixin from dungeonnowloading.forge.mixins.json into net.minecraft.server.level.ServerPlayer
[05Jan2026 06:00:01.242] [main/DEBUG] [mixin/]: Mixing SecondaryPoiSensorMixin from swampier_swamps.mixins.json into net.minecraft.world.entity.ai.sensing.SecondaryPoiSensor
[05Jan2026 06:00:01.243] [main/DEBUG] [mixin/]: swampier_swamps.mixins.json:SecondaryPoiSensorMixin: Class version 61 required is higher than the class version supported by the current version of Mixin (JAVA_16 supports class version 60)
[05Jan2026 06:00:01.254] [main/DEBUG] [mixin/]: Mixing frog.FrogAttackablesSensorMixin from swampier_swamps.mixins.json into net.minecraft.world.entity.ai.sensing.FrogAttackablesSensor
[05Jan2026 06:00:01.254] [main/DEBUG] [mixin/]: swampier_swamps.mixins.json:frog.FrogAttackablesSensorMixin: Class version 61 required is higher than the class version supported by the current version of Mixin (JAVA_16 supports class version 60)
[05Jan2026 06:00:01.279] [main/DEBUG] [mixin/]: Mixing NeutralMobsMixin from crittersandcompanions.mixins.json into net.minecraft.world.entity.monster.Vex
[05Jan2026 06:00:01.285] [main/DEBUG] [net.minecraftforge.coremod.transformer.CoreModBaseTransformer/COREMOD]: Transforming net/minecraft/world/entity/npc/Villager
[05Jan2026 06:00:01.363] [main/DEBUG] [mixin/]: Mixing VillagerEntityMixin from graveyard-common.mixins.json into net.minecraft.world.entity.npc.Villager
[05Jan2026 06:00:01.379] [main/DEBUG] [mixin/]: Mixing WanderingTraderEntityMixin from graveyard-common.mixins.json into net.minecraft.world.entity.npc.WanderingTrader
[05Jan2026 06:00:01.387] [main/DEBUG] [mixin/]: Mixing MixinWitherSkeleton from mixins.netherdungeons.json into net.minecraft.world.entity.monster.WitherSkeleton
[05Jan2026 06:00:01.390] [main/DEBUG] [mixin/]: Mixing NeutralMobsMixin from crittersandcompanions.mixins.json into net.minecraft.world.entity.animal.Wolf
[05Jan2026 06:00:01.422] [main/DEBUG] [mixin/]: Mixing inject.MixinFoodPropertiesBuilder from architectury-common.mixins.json into net.minecraft.world.food.FoodProperties$Builder
[05Jan2026 06:00:01.425] [main/DEBUG] [net.minecraftforge.coremod.transformer.CoreModBaseTransformer/COREMOD]: Transforming net/minecraft/world/effect/MobEffectInstance
[05Jan2026 06:00:01.466] [main/DEBUG] [mixin/]: Mixing ServerPlayNetworkHandlerMixin from graveyard-common.mixins.json into net.minecraft.server.network.ServerGamePacketListenerImpl
[05Jan2026 06:00:01.488] [main/DEBUG] [mixin/]: Mixing accessor.PotionBrewingForgeAccessor from puzzleslib.forge.mixins.json into net.minecraft.world.item.alchemy.PotionBrewing
[05Jan2026 06:00:01.488] [main/DEBUG] [mixin/]: Renaming @Accessor method puzzleslib$getPotionMixes()Ljava/util/List; to puzzleslib$getPotionMixes_$md$5ff234$0 in puzzleslib.forge.mixins.json:accessor.PotionBrewingForgeAccessor
[05Jan2026 06:00:01.489] [main/DEBUG] [mixin/]: Renaming @Accessor method puzzleslib$getContainerMixes()Ljava/util/List; to puzzleslib$getContainerMixes_$md$5ff234$1 in puzzleslib.forge.mixins.json:accessor.PotionBrewingForgeAccessor
[05Jan2026 06:00:01.489] [main/DEBUG] [mixin/]: Renaming @Accessor method puzzleslib$getAllowedContainers()Ljava/util/List; to puzzleslib$getAllowedContainers_$md$5ff234$2 in puzzleslib.forge.mixins.json:accessor.PotionBrewingForgeAccessor
[05Jan2026 06:00:01.556] [main/DEBUG] [mixin/]: Mixing structures.StructureProcessorAccessor from dungeonnowloading.forge.mixins.json into net.minecraft.world.level.levelgen.structure.templatesystem.StructureProcessor
[05Jan2026 06:00:01.556] [main/DEBUG] [mixin/]: Mixing structures.StructureProcessorAccessor from integrated_api-common.mixins.json into net.minecraft.world.level.levelgen.structure.templatesystem.StructureProcessor
[05Jan2026 06:00:01.556] [main/DEBUG] [mixin/]: Mixing StructureProcessorAccessor from cataclysm.mixins.json into net.minecraft.world.level.levelgen.structure.templatesystem.StructureProcessor
[05Jan2026 06:00:01.556] [main/DEBUG] [mixin/]: Mixing StructureProcessorAccessor from legendary_monsters.mixins.json into net.minecraft.world.level.levelgen.structure.templatesystem.StructureProcessor
[05Jan2026 06:00:01.556] [main/DEBUG] [mixin/]: Mixing structures.StructureProcessorAccessor from mvs-common.mixins.json into net.minecraft.world.level.levelgen.structure.templatesystem.StructureProcessor
[05Jan2026 06:00:01.557] [main/DEBUG] [mixin/]: Unexpected: Registered method callGetType()Lnet/minecraft/world/level/levelgen/structure/templatesystem/StructureProcessorType; in net.minecraft.world.level.levelgen.structure.templatesystem.StructureProcessor was not merged
[05Jan2026 06:00:01.557] [main/DEBUG] [mixin/]: Unexpected: Registered method callGetType()Lnet/minecraft/world/level/levelgen/structure/templatesystem/StructureProcessorType; in net.minecraft.world.level.levelgen.structure.templatesystem.StructureProcessor was not merged
[05Jan2026 06:00:01.557] [main/DEBUG] [mixin/]: Unexpected: Registered method callGetType()Lnet/minecraft/world/level/levelgen/structure/templatesystem/StructureProcessorType; in net.minecraft.world.level.levelgen.structure.templatesystem.StructureProcessor was not merged
[05Jan2026 06:00:01.557] [main/DEBUG] [mixin/]: Unexpected: Registered method callGetType()Lnet/minecraft/world/level/levelgen/structure/templatesystem/StructureProcessorType; in net.minecraft.world.level.levelgen.structure.templatesystem.StructureProcessor was not merged
[05Jan2026 06:00:01.580] [main/DEBUG] [mixin/]: Mixing structures.StructureTemplateManagerAccessor from integrated_api-common.mixins.json into net.minecraft.world.level.levelgen.structure.templatesystem.StructureTemplateManager
[05Jan2026 06:00:01.581] [main/DEBUG] [mixin/]: Mixing structures.StructureTemplateManagerAccessor from mvs-common.mixins.json into net.minecraft.world.level.levelgen.structure.templatesystem.StructureTemplateManager
[05Jan2026 06:00:01.587] [main/DEBUG] [mixin/]: Mixing ChunkGeneratorMixin from citadel.mixins.json into net.minecraft.world.level.chunk.ChunkGenerator
[05Jan2026 06:00:01.588] [main/DEBUG] [net.minecraftforge.coremod.transformer.CoreModBaseTransformer/COREMOD]: Transforming net/minecraft/world/level/biome/Biome
[05Jan2026 06:00:01.628] [main/DEBUG] [mixin/]: Mixing MixinInventory from curios.mixins.json into net.minecraft.world.entity.player.Inventory
[05Jan2026 06:00:01.635] [main/DEBUG] [mixin/]: Mixing container.SimpleContainerAccessor from smallships-common.mixins.json into net.minecraft.world.SimpleContainer
[05Jan2026 06:00:01.728] [main/DEBUG] [mixin/]: Mixing resources.LootContextAccessor from integrated_api-common.mixins.json into net.minecraft.world.level.storage.loot.LootContext
[05Jan2026 06:00:01.750] [main/DEBUG] [mixin/]: Mixing MixinApplyBonusCount from curios.mixins.json into net.minecraft.world.level.storage.loot.functions.ApplyBonusCount
[05Jan2026 06:00:01.842] [main/DEBUG] [mixin/]: Mixing TreeFeatureMixin from graveyard-common.mixins.json into net.minecraft.world.level.levelgen.feature.TreeFeature
[05Jan2026 06:00:01.856] [main/DEBUG] [mixin/]: Mixing NoMultifaceGrowthFeatureInStructuresMixin from cataclysm.mixins.json into net.minecraft.world.level.levelgen.feature.MultifaceGrowthFeature
[05Jan2026 06:00:01.860] [main/DEBUG] [mixin/]: Mixing NoMagmaBlockInStructuresMixin from cataclysm.mixins.json into net.minecraft.world.level.levelgen.feature.UnderwaterMagmaFeature
[05Jan2026 06:00:01.862] [main/DEBUG] [mixin/]: Mixing features.DungeonFeatureAccessor from integrated_api-common.mixins.json into net.minecraft.world.level.levelgen.feature.MonsterRoomFeature
[05Jan2026 06:00:01.862] [main/DEBUG] [mixin/]: Renaming @Accessor method getMOBS()[Lnet/minecraft/world/entity/EntityType; to getMOBS_$md$5ff234$0 in integrated_api-common.mixins.json:features.DungeonFeatureAccessor
[05Jan2026 06:00:01.866] [main/DEBUG] [mixin/]: Mixing LakeFeatureMixin from graveyard-common.mixins.json into net.minecraft.world.level.levelgen.feature.LakeFeature
[05Jan2026 06:00:01.867] [main/DEBUG] [mixin/]: Mixing gen.NoLakesInStructuresMixin from iceandfire.mixins.json into net.minecraft.world.level.levelgen.feature.LakeFeature
[05Jan2026 06:00:01.867] [main/DEBUG] [mixin/]: Mixing NoLakesInStructuresMixin from cataclysm.mixins.json into net.minecraft.world.level.levelgen.feature.LakeFeature
[05Jan2026 06:00:01.871] [main/DEBUG] [mixin/]: Mixing NoOreInStructuresMixin from cataclysm.mixins.json into net.minecraft.world.level.levelgen.feature.OreFeature
[05Jan2026 06:00:01.879] [main/DEBUG] [mixin/]: Mixing MixinHugeFungusFeature from mixins.netherdungeons.json into net.minecraft.world.level.levelgen.feature.HugeFungusFeature
[05Jan2026 06:00:01.885] [main/DEBUG] [mixin/]: Mixing NoBasaltColumnsInStructuresMixin from cataclysm.mixins.json into net.minecraft.world.level.levelgen.feature.BasaltColumnsFeature
[05Jan2026 06:00:01.888] [main/DEBUG] [mixin/]: Mixing NoDeltasInStructuresMixin from cataclysm.mixins.json into net.minecraft.world.level.levelgen.feature.DeltaFeature
[05Jan2026 06:00:01.893] [main/DEBUG] [mixin/]: Mixing structures.NoGeodesInStructuresMixin from dungeonnowloading.forge.mixins.json into net.minecraft.world.level.levelgen.feature.GeodeFeature
[05Jan2026 06:00:01.893] [main/DEBUG] [mixin/]: Renaming synthetic method lambda$dungeonnowloading_noGeodesInStructures$1(Lnet/minecraft/core/Registry;Lnet/minecraft/world/level/levelgen/structure/Structure;)Z to md5ff234$lambda$dungeonnowloading_noGeodesInStructures$1$0 in dungeonnowloading.forge.mixins.json:structures.NoGeodesInStructuresMixin
[05Jan2026 06:00:01.893] [main/DEBUG] [mixin/]: Renaming synthetic method lambda$dungeonnowloading_noGeodesInStructures$0(Lnet/minecraft/core/Holder$Reference;)Ljava/lang/Boolean; to md5ff234$lambda$dungeonnowloading_noGeodesInStructures$0$1 in dungeonnowloading.forge.mixins.json:structures.NoGeodesInStructuresMixin
[05Jan2026 06:00:01.897] [main/DEBUG] [mixin/]: Mixing features.NoGeodesInStructuresMixin from integrated_api-common.mixins.json into net.minecraft.world.level.levelgen.feature.GeodeFeature
[05Jan2026 06:00:01.898] [main/DEBUG] [mixin/]: Mixing NoGeodeInStructuresMixin from cataclysm.mixins.json into net.minecraft.world.level.levelgen.feature.GeodeFeature
[05Jan2026 06:00:01.999] [main/DEBUG] [net.minecraftforge.coremod.transformer.CoreModBaseTransformer/COREMOD]: Transforming net/minecraft/world/level/levelgen/structure/Structure
[05Jan2026 06:00:02.007] [main/DEBUG] [mixin/]: Mixing structures.StructurePieceAccessor from integrated_api-common.mixins.json into net.minecraft.world.level.levelgen.structure.StructurePiece
[05Jan2026 06:00:02.007] [main/DEBUG] [mixin/]: Mixing structures.StructurePieceAccessor from mvs-common.mixins.json into net.minecraft.world.level.levelgen.structure.StructurePiece
[05Jan2026 06:00:02.008] [main/DEBUG] [mixin/]: Unexpected: Registered method setBoundingBox(Lnet/minecraft/world/level/levelgen/structure/BoundingBox;)V in net.minecraft.world.level.levelgen.structure.StructurePiece was not merged
[05Jan2026 06:00:02.032] [main/DEBUG] [mixin/]: Mixing StrongholdPiecesMixin from endrem.mixins.json into net.minecraft.world.level.levelgen.structure.structures.StrongholdPieces$PortalRoom
[05Jan2026 06:00:02.041] [main/DEBUG] [net.minecraftforge.coremod.transformer.CoreModBaseTransformer/COREMOD]: Transforming net/minecraft/world/level/levelgen/structure/structures/OceanRuinPieces$OceanRuinPiece
[05Jan2026 06:00:02.054] [main/DEBUG] [net.minecraftforge.coremod.transformer.CoreModBaseTransformer/COREMOD]: Transforming net/minecraft/world/level/levelgen/structure/structures/SwampHutPiece
[05Jan2026 06:00:02.066] [main/DEBUG] [net.minecraftforge.coremod.transformer.CoreModBaseTransformer/COREMOD]: Transforming net/minecraft/world/level/levelgen/structure/structures/OceanMonumentPieces$OceanMonumentPiece
[05Jan2026 06:00:02.083] [main/DEBUG] [net.minecraftforge.coremod.transformer.CoreModBaseTransformer/COREMOD]: Transforming net/minecraft/world/level/levelgen/structure/structures/WoodlandMansionPieces$WoodlandMansionPiece
[05Jan2026 06:00:02.096] [main/DEBUG] [mixin/]: Mixing structures.PoolElementStructurePieceAccessor from integrated_api-common.mixins.json into net.minecraft.world.level.levelgen.structure.PoolElementStructurePiece
[05Jan2026 06:00:02.096] [main/DEBUG] [mixin/]: Mixing structures.PoolElementStructurePieceAccessor from mvs-common.mixins.json into net.minecraft.world.level.levelgen.structure.PoolElementStructurePiece
[05Jan2026 06:00:02.096] [main/DEBUG] [mixin/]: Unexpected: Registered method getStructureManager()Lnet/minecraft/world/level/levelgen/structure/templatesystem/StructureTemplateManager; in net.minecraft.world.level.levelgen.structure.PoolElementStructurePiece was not merged
[05Jan2026 06:00:02.096] [main/DEBUG] [mixin/]: Unexpected: Registered method setRotation(Lnet/minecraft/world/level/block/Rotation;)V in net.minecraft.world.level.levelgen.structure.PoolElementStructurePiece was not merged
[05Jan2026 06:00:02.110] [main/DEBUG] [mixin/]: Mixing JigsawStructureMixin from fossil_common.mixins.json into net.minecraft.world.level.levelgen.structure.structures.JigsawStructure
[05Jan2026 06:00:02.114] [main/DEBUG] [mixin/]: Mixing forge.structures.StructurePoolMixin from dungeonnowloading.forge.mixins.json into net.minecraft.world.level.levelgen.structure.pools.StructureTemplatePool
[05Jan2026 06:00:02.115] [main/DEBUG] [mixin/]: Mixing structures.StructurePoolAccessor from integrated_api-common.mixins.json into net.minecraft.world.level.levelgen.structure.pools.StructureTemplatePool
[05Jan2026 06:00:02.115] [main/DEBUG] [mixin/]: Renaming @Accessor method getCODEC_REFERENCE()Lorg/apache/commons/lang3/mutable/MutableObject; to getCODEC_REFERENCE_$md$5ff234$0 in integrated_api-common.mixins.json:structures.StructurePoolAccessor
[05Jan2026 06:00:02.115] [main/DEBUG] [mixin/]: Mixing StructureTemplatePoolAccessor from morevillagers-common.mixins.json into net.minecraft.world.level.levelgen.structure.pools.StructureTemplatePool
[05Jan2026 06:00:02.115] [main/DEBUG] [mixin/]: Mixing structures.StructurePoolAccessor from mvs-common.mixins.json into net.minecraft.world.level.levelgen.structure.pools.StructureTemplatePool
[05Jan2026 06:00:02.115] [main/DEBUG] [mixin/]: Renaming @Accessor method getCODEC_REFERENCE()Lorg/apache/commons/lang3/mutable/MutableObject; to getCODEC_REFERENCE_$md$5ff234$1 in mvs-common.mixins.json:structures.StructurePoolAccessor
[05Jan2026 06:00:02.115] [main/DEBUG] [mixin/]: Mixing structures.StructurePoolMixin from integrated_api-forge.mixins.json into net.minecraft.world.level.levelgen.structure.pools.StructureTemplatePool
[05Jan2026 06:00:02.203] [main/DEBUG] [mixin/]: Mixing BiomeSourceMixin from citadel.mixins.json into net.minecraft.world.level.biome.BiomeSource
[05Jan2026 06:00:02.206] [main/DEBUG] [mixin/]: Mixing MixinBiomeSource from terrablender.mixins.json into net.minecraft.world.level.biome.BiomeSource
[05Jan2026 06:00:02.207] [main/DEBUG] [mixin/]: Renaming synthetic method lambda$appendDeferredBiomesList$0(Lcom/google/common/collect/ImmutableList;)Ljava/util/Set; to md5ff234$lambda$appendDeferredBiomesList$0$0 in terrablender.mixins.json:MixinBiomeSource
[05Jan2026 06:00:02.221] [main/DEBUG] [net.minecraftforge.coremod.transformer.CoreModBaseTransformer/COREMOD]: Transforming net/minecraft/world/level/biome/Biome
[05Jan2026 06:00:02.249] [main/DEBUG] [mixin/]: Mixing accessor.MobSpawnSettingsBuilderForgeAccessor from puzzleslib.forge.mixins.json into net.minecraft.world.level.biome.MobSpawnSettings$Builder
[05Jan2026 06:00:02.265] [main/DEBUG] [mixin/]: Mixing MultiNoiseBiomeSourceMixin from citadel.mixins.json into net.minecraft.world.level.biome.MultiNoiseBiomeSource
[05Jan2026 06:00:02.267] [main/DEBUG] [mixin/]: Mixing MixinMultiNoiseBiomeSource from terrablender.mixins.json into net.minecraft.world.level.biome.MultiNoiseBiomeSource
[05Jan2026 06:00:02.272] [main/DEBUG] [mixin/]: Mixing MixinParameterList from terrablender.mixins.json into net.minecraft.world.level.biome.Climate$ParameterList
[05Jan2026 06:00:02.272] [main/DEBUG] [mixin/]: Renaming synthetic method lambda$initializeForTerraBlender$0(Lnet/minecraft/core/Registry;Lcom/google/common/collect/ImmutableList$Builder;Lcom/mojang/datafixers/util/Pair;)V to md5ff234$lambda$initializeForTerraBlender$0$0 in terrablender.mixins.json:MixinParameterList
[05Jan2026 06:00:02.301] [main/DEBUG] [mixin/]: Mixing NoiseBasedChunkGeneratorMixin from citadel.mixins.json into net.minecraft.world.level.levelgen.NoiseBasedChunkGenerator
[05Jan2026 06:00:02.314] [main/DEBUG] [mixin/]: Mixing MixinNoiseGeneratorSettings from terrablender.mixins.json into net.minecraft.world.level.levelgen.NoiseGeneratorSettings
[05Jan2026 06:00:02.404] [main/DEBUG] [mixin/]: Mixing structures.SinglePoolElementAccessor from integrated_api-common.mixins.json into net.minecraft.world.level.levelgen.structure.pools.SinglePoolElement
[05Jan2026 06:00:02.405] [main/DEBUG] [mixin/]: Mixing structures.SinglePoolElementAccessor from mvs-common.mixins.json into net.minecraft.world.level.levelgen.structure.pools.SinglePoolElement
[05Jan2026 06:00:02.405] [main/DEBUG] [mixin/]: Unexpected: Registered method callGetTemplate(Lnet/minecraft/world/level/levelgen/structure/templatesystem/StructureTemplateManager;)Lnet/minecraft/world/level/levelgen/structure/templatesystem/StructureTemplate; in net.minecraft.world.level.levelgen.structure.pools.SinglePoolElement was not merged
[05Jan2026 06:00:02.410] [main/DEBUG] [mixin/]: Mixing structures.ListPoolElementAccessor from integrated_api-common.mixins.json into net.minecraft.world.level.levelgen.structure.pools.ListPoolElement
[05Jan2026 06:00:02.410] [main/DEBUG] [mixin/]: Mixing structures.ListPoolElementAccessor from mvs-common.mixins.json into net.minecraft.world.level.levelgen.structure.pools.ListPoolElement
[05Jan2026 06:00:02.508] [main/DEBUG] [net.minecraftforge.common.ForgeI18n/CORE]: Loading I18N data entries: 216
[05Jan2026 06:00:02.524] [main/DEBUG] [net.minecraftforge.fml.ModWorkManager/LOADING]: Using 4 threads for parallel mod-loading
[05Jan2026 06:00:02.530] [main/DEBUG] [net.minecraftforge.fml.javafmlmod.FMLJavaModLanguageProvider/LOADING]: Loading FMLModContainer from classloader cpw.mods.modlauncher.TransformingClassLoader@21bd128b - got cpw.mods.cl.ModuleClassLoader@4d23015c
[05Jan2026 06:00:02.530] [main/DEBUG] [net.minecraftforge.fml.javafmlmod.FMLModContainer/LOADING]: Creating FMLModContainer instance for dev.ftb.mods.ftbessentials.forge.FTBEssentialsForge
[05Jan2026 06:00:02.535] [main/DEBUG] [net.minecraftforge.fml.javafmlmod.FMLJavaModLanguageProvider/LOADING]: Loading FMLModContainer from classloader cpw.mods.modlauncher.TransformingClassLoader@21bd128b - got cpw.mods.cl.ModuleClassLoader@4d23015c
[05Jan2026 06:00:02.535] [main/DEBUG] [net.minecraftforge.fml.javafmlmod.FMLModContainer/LOADING]: Creating FMLModContainer instance for tax.taknax.taxva.TaxvaMod
[05Jan2026 06:00:02.536] [main/DEBUG] [net.minecraftforge.fml.javafmlmod.FMLJavaModLanguageProvider/LOADING]: Loading FMLModContainer from classloader cpw.mods.modlauncher.TransformingClassLoader@21bd128b - got cpw.mods.cl.ModuleClassLoader@4d23015c
[05Jan2026 06:00:02.536] [main/DEBUG] [net.minecraftforge.fml.javafmlmod.FMLModContainer/LOADING]: Creating FMLModContainer instance for net.feusalamander.betterskills.BetterskillsMod
[05Jan2026 06:00:02.536] [main/DEBUG] [net.minecraftforge.fml.javafmlmod.FMLJavaModLanguageProvider/LOADING]: Loading FMLModContainer from classloader cpw.mods.modlauncher.TransformingClassLoader@21bd128b - got cpw.mods.cl.ModuleClassLoader@4d23015c
[05Jan2026 06:00:02.536] [main/DEBUG] [net.minecraftforge.fml.javafmlmod.FMLModContainer/LOADING]: Creating FMLModContainer instance for me.jellysquid.mods.sodium.client.EmbeddiumStub
[05Jan2026 06:00:02.537] [main/DEBUG] [net.minecraftforge.fml.javafmlmod.FMLJavaModLanguageProvider/LOADING]: Loading FMLModContainer from classloader cpw.mods.modlauncher.TransformingClassLoader@21bd128b - got cpw.mods.cl.ModuleClassLoader@4d23015c
[05Jan2026 06:00:02.537] [main/DEBUG] [net.minecraftforge.fml.javafmlmod.FMLModContainer/LOADING]: Creating FMLModContainer instance for me.jellysquid.mods.sodium.client.SodiumClientMod
[05Jan2026 06:00:02.537] [main/DEBUG] [net.minecraftforge.fml.javafmlmod.FMLJavaModLanguageProvider/LOADING]: Loading FMLModContainer from classloader cpw.mods.modlauncher.TransformingClassLoader@21bd128b - got cpw.mods.cl.ModuleClassLoader@4d23015c
[05Jan2026 06:00:02.537] [main/DEBUG] [net.minecraftforge.fml.javafmlmod.FMLModContainer/LOADING]: Creating FMLModContainer instance for me.jellysquid.mods.sodium.client.RubidiumStub
[05Jan2026 06:00:02.538] [main/DEBUG] [net.minecraftforge.fml.javafmlmod.FMLJavaModLanguageProvider/LOADING]: Loading FMLModContainer from classloader cpw.mods.modlauncher.TransformingClassLoader@21bd128b - got cpw.mods.cl.ModuleClassLoader@4d23015c
[05Jan2026 06:00:02.538] [main/DEBUG] [net.minecraftforge.fml.javafmlmod.FMLModContainer/LOADING]: Creating FMLModContainer instance for io.github.colochampre.riskofrain_mobs.RoRmod
[05Jan2026 06:00:02.539] [main/DEBUG] [net.minecraftforge.fml.javafmlmod.FMLJavaModLanguageProvider/LOADING]: Loading FMLModContainer from classloader cpw.mods.modlauncher.TransformingClassLoader@21bd128b - got cpw.mods.cl.ModuleClassLoader@4d23015c
[05Jan2026 06:00:02.539] [main/DEBUG] [net.minecraftforge.fml.javafmlmod.FMLModContainer/LOADING]: Creating FMLModContainer instance for software.bernie.example.GeckoLibMod
[05Jan2026 06:00:02.539] [main/DEBUG] [net.minecraftforge.fml.javafmlmod.FMLJavaModLanguageProvider/LOADING]: Loading FMLModContainer from classloader cpw.mods.modlauncher.TransformingClassLoader@21bd128b - got cpw.mods.cl.ModuleClassLoader@4d23015c
[05Jan2026 06:00:02.539] [main/DEBUG] [net.minecraftforge.fml.javafmlmod.FMLModContainer/LOADING]: Creating FMLModContainer instance for net.mcreator.realmrpgdemons.RealmrpgDemonsMod
[05Jan2026 06:00:02.540] [main/DEBUG] [net.minecraftforge.fml.javafmlmod.FMLJavaModLanguageProvider/LOADING]: Loading FMLModContainer from classloader cpw.mods.modlauncher.TransformingClassLoader@21bd128b - got cpw.mods.cl.ModuleClassLoader@4d23015c
[05Jan2026 06:00:02.540] [main/DEBUG] [net.minecraftforge.fml.javafmlmod.FMLModContainer/LOADING]: Creating FMLModContainer instance for mezz.jei.forge.JustEnoughItems
[05Jan2026 06:00:02.540] [main/DEBUG] [net.minecraftforge.fml.javafmlmod.FMLJavaModLanguageProvider/LOADING]: Loading FMLModContainer from classloader cpw.mods.modlauncher.TransformingClassLoader@21bd128b - got cpw.mods.cl.ModuleClassLoader@4d23015c
[05Jan2026 06:00:02.540] [main/DEBUG] [net.minecraftforge.fml.javafmlmod.FMLModContainer/LOADING]: Creating FMLModContainer instance for fuzs.visualworkbench.VisualWorkbenchForge
[05Jan2026 06:00:02.541] [main/DEBUG] [net.minecraftforge.fml.javafmlmod.FMLJavaModLanguageProvider/LOADING]: Loading FMLModContainer from classloader cpw.mods.modlauncher.TransformingClassLoader@21bd128b - got cpw.mods.cl.ModuleClassLoader@4d23015c
[05Jan2026 06:00:02.541] [main/DEBUG] [net.minecraftforge.fml.javafmlmod.FMLModContainer/LOADING]: Creating FMLModContainer instance for com.lion.graveyard.forge.GraveyardForge
[05Jan2026 06:00:02.542] [main/DEBUG] [net.minecraftforge.fml.javafmlmod.FMLJavaModLanguageProvider/LOADING]: Loading FMLModContainer from classloader cpw.mods.modlauncher.TransformingClassLoader@21bd128b - got cpw.mods.cl.ModuleClassLoader@4d23015c
[05Jan2026 06:00:02.542] [main/DEBUG] [net.minecraftforge.fml.javafmlmod.FMLModContainer/LOADING]: Creating FMLModContainer instance for com.starfish_studios.naturalist.forge.NaturalistForge
[05Jan2026 06:00:02.543] [main/DEBUG] [net.minecraftforge.fml.javafmlmod.FMLJavaModLanguageProvider/LOADING]: Loading FMLModContainer from classloader cpw.mods.modlauncher.TransformingClassLoader@21bd128b - got cpw.mods.cl.ModuleClassLoader@4d23015c
[05Jan2026 06:00:02.543] [main/DEBUG] [net.minecraftforge.fml.javafmlmod.FMLModContainer/LOADING]: Creating FMLModContainer instance for net.mcreator.antsunleashed.AntsUnleashedMod
[05Jan2026 06:00:02.543] [main/DEBUG] [net.minecraftforge.fml.javafmlmod.FMLJavaModLanguageProvider/LOADING]: Loading FMLModContainer from classloader cpw.mods.modlauncher.TransformingClassLoader@21bd128b - got cpw.mods.cl.ModuleClassLoader@4d23015c
[05Jan2026 06:00:02.543] [main/DEBUG] [net.minecraftforge.fml.javafmlmod.FMLModContainer/LOADING]: Creating FMLModContainer instance for net.valhelsia.valhelsia_furniture.forge.ValhelsiaFurnitureForge
[05Jan2026 06:00:02.544] [main/DEBUG] [net.minecraftforge.fml.javafmlmod.FMLJavaModLanguageProvider/LOADING]: Loading FMLModContainer from classloader cpw.mods.modlauncher.TransformingClassLoader@21bd128b - got cpw.mods.cl.ModuleClassLoader@4d23015c
[05Jan2026 06:00:02.544] [main/DEBUG] [net.minecraftforge.fml.javafmlmod.FMLModContainer/LOADING]: Creating FMLModContainer instance for net.mcreator.realmrpgskeletons.RealmrpgSkeletonsMod
[05Jan2026 06:00:02.545] [main/DEBUG] [net.minecraftforge.fml.javafmlmod.FMLJavaModLanguageProvider/LOADING]: Loading FMLModContainer from classloader cpw.mods.modlauncher.TransformingClassLoader@21bd128b - got cpw.mods.cl.ModuleClassLoader@4d23015c
[05Jan2026 06:00:02.545] [main/DEBUG] [net.minecraftforge.fml.javafmlmod.FMLModContainer/LOADING]: Creating FMLModContainer instance for yesman.epicfight.main.EpicFightMod
[05Jan2026 06:00:02.546] [main/DEBUG] [net.minecraftforge.fml.javafmlmod.FMLJavaModLanguageProvider/LOADING]: Loading FMLModContainer from classloader cpw.mods.modlauncher.TransformingClassLoader@21bd128b - got cpw.mods.cl.ModuleClassLoader@4d23015c
[05Jan2026 06:00:02.546] [main/DEBUG] [net.minecraftforge.fml.javafmlmod.FMLModContainer/LOADING]: Creating FMLModContainer instance for journeymap.common.Journeymap
[05Jan2026 06:00:02.547] [main/DEBUG] [net.minecraftforge.fml.javafmlmod.FMLJavaModLanguageProvider/LOADING]: Loading FMLModContainer from classloader cpw.mods.modlauncher.TransformingClassLoader@21bd128b - got cpw.mods.cl.ModuleClassLoader@4d23015c
[05Jan2026 06:00:02.547] [main/DEBUG] [net.minecraftforge.fml.javafmlmod.FMLModContainer/LOADING]: Creating FMLModContainer instance for dev.hexnowloading.dungeonnowloading.DNLForge
[05Jan2026 06:00:02.548] [main/DEBUG] [net.minecraftforge.fml.javafmlmod.FMLJavaModLanguageProvider/LOADING]: Loading FMLModContainer from classloader cpw.mods.modlauncher.TransformingClassLoader@21bd128b - got cpw.mods.cl.ModuleClassLoader@4d23015c
[05Jan2026 06:00:02.548] [main/DEBUG] [net.minecraftforge.fml.javafmlmod.FMLModContainer/LOADING]: Creating FMLModContainer instance for com.craisinlord.integrated_api.forge.IntegratedAPIForge
[05Jan2026 06:00:02.549] [main/DEBUG] [net.minecraftforge.fml.javafmlmod.FMLJavaModLanguageProvider/LOADING]: Loading FMLModContainer from classloader cpw.mods.modlauncher.TransformingClassLoader@21bd128b - got cpw.mods.cl.ModuleClassLoader@4d23015c
[05Jan2026 06:00:02.549] [main/DEBUG] [net.minecraftforge.fml.javafmlmod.FMLModContainer/LOADING]: Creating FMLModContainer instance for com.github.alexthe666.citadel.Citadel
[05Jan2026 06:00:02.550] [main/DEBUG] [net.minecraftforge.fml.javafmlmod.FMLJavaModLanguageProvider/LOADING]: Loading FMLModContainer from classloader cpw.mods.modlauncher.TransformingClassLoader@21bd128b - got cpw.mods.cl.ModuleClassLoader@4d23015c
[05Jan2026 06:00:02.550] [main/DEBUG] [net.minecraftforge.fml.javafmlmod.FMLModContainer/LOADING]: Creating FMLModContainer instance for com.github.alexthe666.alexsmobs.AlexsMobs
[05Jan2026 06:00:02.552] [main/DEBUG] [net.minecraftforge.fml.javafmlmod.FMLJavaModLanguageProvider/LOADING]: Loading FMLModContainer from classloader cpw.mods.modlauncher.TransformingClassLoader@21bd128b - got cpw.mods.cl.ModuleClassLoader@4d23015c
[05Jan2026 06:00:02.552] [main/DEBUG] [net.minecraftforge.fml.javafmlmod.FMLModContainer/LOADING]: Creating FMLModContainer instance for com.tiviacz.travelersbackpack.TravelersBackpack
[05Jan2026 06:00:02.553] [main/DEBUG] [net.minecraftforge.fml.javafmlmod.FMLJavaModLanguageProvider/LOADING]: Loading FMLModContainer from classloader cpw.mods.modlauncher.TransformingClassLoader@21bd128b - got cpw.mods.cl.ModuleClassLoader@4d23015c
[05Jan2026 06:00:02.553] [main/DEBUG] [net.minecraftforge.fml.javafmlmod.FMLModContainer/LOADING]: Creating FMLModContainer instance for com.llamalad7.mixinextras.platform.forge.MixinExtrasMod
[05Jan2026 06:00:02.556] [main/DEBUG] [net.minecraftforge.fml.javafmlmod.FMLJavaModLanguageProvider/LOADING]: Loading FMLModContainer from classloader cpw.mods.modlauncher.TransformingClassLoader@21bd128b - got cpw.mods.cl.ModuleClassLoader@4d23015c
[05Jan2026 06:00:02.556] [main/DEBUG] [net.minecraftforge.fml.javafmlmod.FMLModContainer/LOADING]: Creating FMLModContainer instance for net.yezon.mirabilis.MirabilisMod
[05Jan2026 06:00:02.557] [main/DEBUG] [net.minecraftforge.fml.javafmlmod.FMLJavaModLanguageProvider/LOADING]: Loading FMLModContainer from classloader cpw.mods.modlauncher.TransformingClassLoader@21bd128b - got cpw.mods.cl.ModuleClassLoader@4d23015c
[05Jan2026 06:00:02.557] [main/DEBUG] [net.minecraftforge.fml.javafmlmod.FMLModContainer/LOADING]: Creating FMLModContainer instance for io.github.ohponopono.hopour.HopoURMod
[05Jan2026 06:00:02.558] [main/DEBUG] [net.minecraftforge.fml.javafmlmod.FMLJavaModLanguageProvider/LOADING]: Loading FMLModContainer from classloader cpw.mods.modlauncher.TransformingClassLoader@21bd128b - got cpw.mods.cl.ModuleClassLoader@4d23015c
[05Jan2026 06:00:02.558] [main/DEBUG] [net.minecraftforge.fml.javafmlmod.FMLModContainer/LOADING]: Creating FMLModContainer instance for gaia.GrimoireOfGaia
[05Jan2026 06:00:02.559] [main/DEBUG] [net.minecraftforge.fml.javafmlmod.FMLJavaModLanguageProvider/LOADING]: Loading FMLModContainer from classloader cpw.mods.modlauncher.TransformingClassLoader@21bd128b - got cpw.mods.cl.ModuleClassLoader@4d23015c
[05Jan2026 06:00:02.559] [main/DEBUG] [net.minecraftforge.fml.javafmlmod.FMLModContainer/LOADING]: Creating FMLModContainer instance for com.github.alexthe666.iceandfire.IceAndFire
[05Jan2026 06:00:02.560] [main/DEBUG] [net.minecraftforge.fml.javafmlmod.FMLJavaModLanguageProvider/LOADING]: Loading FMLModContainer from classloader cpw.mods.modlauncher.TransformingClassLoader@21bd128b - got cpw.mods.cl.ModuleClassLoader@4d23015c
[05Jan2026 06:00:02.560] [main/DEBUG] [net.minecraftforge.fml.javafmlmod.FMLModContainer/LOADING]: Creating FMLModContainer instance for com.duke.orcz.OrczMod
[05Jan2026 06:00:02.561] [main/DEBUG] [net.minecraftforge.fml.javafmlmod.FMLJavaModLanguageProvider/LOADING]: Loading FMLModContainer from classloader cpw.mods.modlauncher.TransformingClassLoader@21bd128b - got cpw.mods.cl.ModuleClassLoader@4d23015c
[05Jan2026 06:00:02.561] [main/DEBUG] [net.minecraftforge.fml.javafmlmod.FMLModContainer/LOADING]: Creating FMLModContainer instance for com.github.darkpred.morehitboxes.ForgeMoreHitboxesMod
[05Jan2026 06:00:02.562] [main/DEBUG] [net.minecraftforge.fml.javafmlmod.FMLJavaModLanguageProvider/LOADING]: Loading FMLModContainer from classloader cpw.mods.modlauncher.TransformingClassLoader@21bd128b - got cpw.mods.cl.ModuleClassLoader@4d23015c
[05Jan2026 06:00:02.562] [main/DEBUG] [net.minecraftforge.fml.javafmlmod.FMLModContainer/LOADING]: Creating FMLModContainer instance for com.cerbon.bosses_of_mass_destruction.BossesOfMassDestruction
[05Jan2026 06:00:02.563] [main/DEBUG] [net.minecraftforge.fml.javafmlmod.FMLJavaModLanguageProvider/LOADING]: Loading FMLModContainer from classloader cpw.mods.modlauncher.TransformingClassLoader@21bd128b - got cpw.mods.cl.ModuleClassLoader@4d23015c
[05Jan2026 06:00:02.563] [main/DEBUG] [net.minecraftforge.fml.javafmlmod.FMLModContainer/LOADING]: Creating FMLModContainer instance for andrews.swampier_swamps.SwampierSwamps
[05Jan2026 06:00:02.564] [main/DEBUG] [net.minecraftforge.fml.javafmlmod.FMLJavaModLanguageProvider/LOADING]: Loading FMLModContainer from classloader cpw.mods.modlauncher.TransformingClassLoader@21bd128b - got cpw.mods.cl.ModuleClassLoader@4d23015c
[05Jan2026 06:00:02.564] [main/DEBUG] [net.minecraftforge.fml.javafmlmod.FMLModContainer/LOADING]: Creating FMLModContainer instance for com.rajhab.morevanillashields_mod.morevanillashields
[05Jan2026 06:00:02.564] [main/DEBUG] [net.minecraftforge.fml.javafmlmod.FMLJavaModLanguageProvider/LOADING]: Loading FMLModContainer from classloader cpw.mods.modlauncher.TransformingClassLoader@21bd128b - got cpw.mods.cl.ModuleClassLoader@4d23015c
[05Jan2026 06:00:02.564] [main/DEBUG] [net.minecraftforge.fml.javafmlmod.FMLModContainer/LOADING]: Creating FMLModContainer instance for fuzs.puzzlesaccessapi.impl.PuzzlesAccessApiForge
[05Jan2026 06:00:02.565] [main/DEBUG] [net.minecraftforge.fml.javafmlmod.FMLJavaModLanguageProvider/LOADING]: Loading FMLModContainer from classloader cpw.mods.modlauncher.TransformingClassLoader@21bd128b - got cpw.mods.cl.ModuleClassLoader@4d23015c
[05Jan2026 06:00:02.565] [main/DEBUG] [net.minecraftforge.fml.javafmlmod.FMLModContainer/LOADING]: Creating FMLModContainer instance for me.shedaniel.clothconfig.ClothConfigForge
[05Jan2026 06:00:02.565] [main/DEBUG] [net.minecraftforge.fml.javafmlmod.FMLJavaModLanguageProvider/LOADING]: Loading FMLModContainer from classloader cpw.mods.modlauncher.TransformingClassLoader@21bd128b - got cpw.mods.cl.ModuleClassLoader@4d23015c
[05Jan2026 06:00:02.566] [main/DEBUG] [net.minecraftforge.fml.javafmlmod.FMLModContainer/LOADING]: Creating FMLModContainer instance for net.minecraftforge.common.ForgeMod
[05Jan2026 06:00:02.569] [main/DEBUG] [net.minecraftforge.fml.javafmlmod.FMLJavaModLanguageProvider/LOADING]: Loading FMLModContainer from classloader cpw.mods.modlauncher.TransformingClassLoader@21bd128b - got cpw.mods.cl.ModuleClassLoader@4d23015c
[05Jan2026 06:00:02.569] [main/DEBUG] [net.minecraftforge.fml.javafmlmod.FMLModContainer/LOADING]: Creating FMLModContainer instance for net.thirdlife.iterrpg.IterRpgMod
[05Jan2026 06:00:02.570] [main/DEBUG] [net.minecraftforge.fml.javafmlmod.FMLJavaModLanguageProvider/LOADING]: Loading FMLModContainer from classloader cpw.mods.modlauncher.TransformingClassLoader@21bd128b - got cpw.mods.cl.ModuleClassLoader@4d23015c
[05Jan2026 06:00:02.570] [main/DEBUG] [net.minecraftforge.fml.javafmlmod.FMLModContainer/LOADING]: Creating FMLModContainer instance for tallestegg.illagersweararmor.IllagersWearArmor
[05Jan2026 06:00:02.571] [main/DEBUG] [net.minecraftforge.fml.javafmlmod.FMLJavaModLanguageProvider/LOADING]: Loading FMLModContainer from classloader cpw.mods.modlauncher.TransformingClassLoader@21bd128b - got cpw.mods.cl.ModuleClassLoader@4d23015c
[05Jan2026 06:00:02.571] [main/DEBUG] [net.minecraftforge.fml.javafmlmod.FMLModContainer/LOADING]: Creating FMLModContainer instance for com.samebutdifferent.morevillagers.forge.MoreVillagersForge
[05Jan2026 06:00:02.572] [main/DEBUG] [net.minecraftforge.fml.javafmlmod.FMLJavaModLanguageProvider/LOADING]: Loading FMLModContainer from classloader cpw.mods.modlauncher.TransformingClassLoader@21bd128b - got cpw.mods.cl.ModuleClassLoader@4d23015c
[05Jan2026 06:00:02.572] [main/DEBUG] [net.minecraftforge.fml.javafmlmod.FMLModContainer/LOADING]: Creating FMLModContainer instance for terrablender.core.TerraBlenderForge
[05Jan2026 06:00:02.572] [main/DEBUG] [net.minecraftforge.fml.javafmlmod.FMLJavaModLanguageProvider/LOADING]: Loading FMLModContainer from classloader cpw.mods.modlauncher.TransformingClassLoader@21bd128b - got cpw.mods.cl.ModuleClassLoader@4d23015c
[05Jan2026 06:00:02.572] [main/DEBUG] [net.minecraftforge.fml.javafmlmod.FMLModContainer/LOADING]: Creating FMLModContainer instance for team.creative.ambientsounds.AmbientSounds
[05Jan2026 06:00:02.573] [main/DEBUG] [net.minecraftforge.fml.javafmlmod.FMLJavaModLanguageProvider/LOADING]: Loading FMLModContainer from classloader cpw.mods.modlauncher.TransformingClassLoader@21bd128b - got cpw.mods.cl.ModuleClassLoader@4d23015c
[05Jan2026 06:00:02.573] [main/DEBUG] [net.minecraftforge.fml.javafmlmod.FMLModContainer/LOADING]: Creating FMLModContainer instance for com.nitespring.bloodborne.BloodborneMod
[05Jan2026 06:00:02.574] [main/DEBUG] [net.minecraftforge.fml.javafmlmod.FMLJavaModLanguageProvider/LOADING]: Loading FMLModContainer from classloader cpw.mods.modlauncher.TransformingClassLoader@21bd128b - got cpw.mods.cl.ModuleClassLoader@4d23015c
[05Jan2026 06:00:02.574] [main/DEBUG] [net.minecraftforge.fml.javafmlmod.FMLModContainer/LOADING]: Creating FMLModContainer instance for com.teamdurt.netherdungeons.NetherDungeons
[05Jan2026 06:00:02.575] [main/DEBUG] [net.minecraftforge.fml.javafmlmod.FMLJavaModLanguageProvider/LOADING]: Loading FMLModContainer from classloader cpw.mods.modlauncher.TransformingClassLoader@21bd128b - got cpw.mods.cl.ModuleClassLoader@4d23015c
[05Jan2026 06:00:02.575] [main/DEBUG] [net.minecraftforge.fml.javafmlmod.FMLModContainer/LOADING]: Creating FMLModContainer instance for tax.taknax.taxcp.CastlePilllagerMod
[05Jan2026 06:00:02.575] [main/DEBUG] [net.minecraftforge.fml.javafmlmod.FMLJavaModLanguageProvider/LOADING]: Loading FMLModContainer from classloader cpw.mods.modlauncher.TransformingClassLoader@21bd128b - got cpw.mods.cl.ModuleClassLoader@4d23015c
[05Jan2026 06:00:02.575] [main/DEBUG] [net.minecraftforge.fml.javafmlmod.FMLModContainer/LOADING]: Creating FMLModContainer instance for biomesoplenty.core.BiomesOPlenty
[05Jan2026 06:00:02.576] [main/DEBUG] [net.minecraftforge.fml.javafmlmod.FMLJavaModLanguageProvider/LOADING]: Loading FMLModContainer from classloader cpw.mods.modlauncher.TransformingClassLoader@21bd128b - got cpw.mods.cl.ModuleClassLoader@4d23015c
[05Jan2026 06:00:02.576] [main/DEBUG] [net.minecraftforge.fml.javafmlmod.FMLModContainer/LOADING]: Creating FMLModContainer instance for com.teamremastered.endrem.EndRemastered
[05Jan2026 06:00:02.576] [main/DEBUG] [net.minecraftforge.fml.javafmlmod.FMLJavaModLanguageProvider/LOADING]: Loading FMLModContainer from classloader cpw.mods.modlauncher.TransformingClassLoader@21bd128b - got cpw.mods.cl.ModuleClassLoader@4d23015c
[05Jan2026 06:00:02.577] [main/DEBUG] [net.minecraftforge.fml.javafmlmod.FMLModContainer/LOADING]: Creating FMLModContainer instance for com.christofmeg.justenoughbreeding.JustEnoughBreeding
[05Jan2026 06:00:02.577] [main/DEBUG] [net.minecraftforge.fml.javafmlmod.FMLJavaModLanguageProvider/LOADING]: Loading FMLModContainer from classloader cpw.mods.modlauncher.TransformingClassLoader@21bd128b - got cpw.mods.cl.ModuleClassLoader@4d23015c
[05Jan2026 06:00:02.577] [main/DEBUG] [net.minecraftforge.fml.javafmlmod.FMLModContainer/LOADING]: Creating FMLModContainer instance for io.github.ohponopono.hoporp.HopoRPMod
[05Jan2026 06:00:02.578] [main/DEBUG] [net.minecraftforge.fml.javafmlmod.FMLJavaModLanguageProvider/LOADING]: Loading FMLModContainer from classloader cpw.mods.modlauncher.TransformingClassLoader@21bd128b - got cpw.mods.cl.ModuleClassLoader@4d23015c
[05Jan2026 06:00:02.578] [main/DEBUG] [net.minecraftforge.fml.javafmlmod.FMLModContainer/LOADING]: Creating FMLModContainer instance for team.creative.creativecore.CreativeCore
[05Jan2026 06:00:02.578] [main/DEBUG] [net.minecraftforge.fml.javafmlmod.FMLJavaModLanguageProvider/LOADING]: Loading FMLModContainer from classloader cpw.mods.modlauncher.TransformingClassLoader@21bd128b - got cpw.mods.cl.ModuleClassLoader@4d23015c
[05Jan2026 06:00:02.579] [main/DEBUG] [net.minecraftforge.fml.javafmlmod.FMLModContainer/LOADING]: Creating FMLModContainer instance for com.stal111.forbidden_arcanus.ForbiddenArcanus
[05Jan2026 06:00:02.579] [main/DEBUG] [net.minecraftforge.fml.javafmlmod.FMLJavaModLanguageProvider/LOADING]: Loading FMLModContainer from classloader cpw.mods.modlauncher.TransformingClassLoader@21bd128b - got cpw.mods.cl.ModuleClassLoader@4d23015c
[05Jan2026 06:00:02.579] [main/DEBUG] [net.minecraftforge.fml.javafmlmod.FMLModContainer/LOADING]: Creating FMLModContainer instance for net.mcreator.borninchaosv.BornInChaosV1Mod
[05Jan2026 06:00:02.580] [main/DEBUG] [net.minecraftforge.fml.javafmlmod.FMLJavaModLanguageProvider/LOADING]: Loading FMLModContainer from classloader cpw.mods.modlauncher.TransformingClassLoader@21bd128b - got cpw.mods.cl.ModuleClassLoader@4d23015c
[05Jan2026 06:00:02.580] [main/DEBUG] [net.minecraftforge.fml.javafmlmod.FMLModContainer/LOADING]: Creating FMLModContainer instance for com.github.L_Ender.lionfishapi.LionfishAPI
[05Jan2026 06:00:02.581] [main/DEBUG] [net.minecraftforge.fml.javafmlmod.FMLJavaModLanguageProvider/LOADING]: Loading FMLModContainer from classloader cpw.mods.modlauncher.TransformingClassLoader@21bd128b - got cpw.mods.cl.ModuleClassLoader@4d23015c
[05Jan2026 06:00:02.581] [main/DEBUG] [net.minecraftforge.fml.javafmlmod.FMLModContainer/LOADING]: Creating FMLModContainer instance for com.philip.philipsruins.PhilipsRuins
[05Jan2026 06:00:02.582] [main/DEBUG] [net.minecraftforge.fml.javafmlmod.FMLJavaModLanguageProvider/LOADING]: Loading FMLModContainer from classloader cpw.mods.modlauncher.TransformingClassLoader@21bd128b - got cpw.mods.cl.ModuleClassLoader@4d23015c
[05Jan2026 06:00:02.582] [main/DEBUG] [net.minecraftforge.fml.javafmlmod.FMLModContainer/LOADING]: Creating FMLModContainer instance for com.github.L_Ender.cataclysm.Cataclysm
[05Jan2026 06:00:02.583] [main/DEBUG] [net.minecraftforge.fml.javafmlmod.FMLJavaModLanguageProvider/LOADING]: Loading FMLModContainer from classloader cpw.mods.modlauncher.TransformingClassLoader@21bd128b - got cpw.mods.cl.ModuleClassLoader@4d23015c
[05Jan2026 06:00:02.583] [main/DEBUG] [net.minecraftforge.fml.javafmlmod.FMLModContainer/LOADING]: Creating FMLModContainer instance for top.theillusivec4.curios.Curios
[05Jan2026 06:00:02.584] [main/DEBUG] [net.minecraftforge.fml.javafmlmod.FMLJavaModLanguageProvider/LOADING]: Loading FMLModContainer from classloader cpw.mods.modlauncher.TransformingClassLoader@21bd128b - got cpw.mods.cl.ModuleClassLoader@4d23015c
[05Jan2026 06:00:02.584] [main/DEBUG] [net.minecraftforge.fml.javafmlmod.FMLModContainer/LOADING]: Creating FMLModContainer instance for com.oblivioussp.spartanshields.ModSpartanShields
[05Jan2026 06:00:02.585] [main/DEBUG] [net.minecraftforge.fml.javafmlmod.FMLJavaModLanguageProvider/LOADING]: Loading FMLModContainer from classloader cpw.mods.modlauncher.TransformingClassLoader@21bd128b - got cpw.mods.cl.ModuleClassLoader@4d23015c
[05Jan2026 06:00:02.585] [main/DEBUG] [net.minecraftforge.fml.javafmlmod.FMLModContainer/LOADING]: Creating FMLModContainer instance for com.brutalbosses.BrutalBosses
[05Jan2026 06:00:02.586] [main/DEBUG] [net.minecraftforge.fml.javafmlmod.FMLJavaModLanguageProvider/LOADING]: Loading FMLModContainer from classloader cpw.mods.modlauncher.TransformingClassLoader@21bd128b - got cpw.mods.cl.ModuleClassLoader@4d23015c
[05Jan2026 06:00:02.586] [main/DEBUG] [net.minecraftforge.fml.javafmlmod.FMLModContainer/LOADING]: Creating FMLModContainer instance for de.maxhenkel.gravestone.Main
[05Jan2026 06:00:02.587] [main/DEBUG] [net.minecraftforge.fml.javafmlmod.FMLJavaModLanguageProvider/LOADING]: Loading FMLModContainer from classloader cpw.mods.modlauncher.TransformingClassLoader@21bd128b - got cpw.mods.cl.ModuleClassLoader@4d23015c
[05Jan2026 06:00:02.587] [main/DEBUG] [net.minecraftforge.fml.javafmlmod.FMLModContainer/LOADING]: Creating FMLModContainer instance for com.cerbon.cerbons_api.CerbonsApi
[05Jan2026 06:00:02.588] [main/DEBUG] [net.minecraftforge.fml.javafmlmod.FMLJavaModLanguageProvider/LOADING]: Loading FMLModContainer from classloader cpw.mods.modlauncher.TransformingClassLoader@21bd128b - got cpw.mods.cl.ModuleClassLoader@4d23015c
[05Jan2026 06:00:02.588] [main/DEBUG] [net.minecraftforge.fml.javafmlmod.FMLModContainer/LOADING]: Creating FMLModContainer instance for net.mcreator.seadwellers.SeadwellersMod
[05Jan2026 06:00:02.589] [main/DEBUG] [net.minecraftforge.fml.javafmlmod.FMLJavaModLanguageProvider/LOADING]: Loading FMLModContainer from classloader cpw.mods.modlauncher.TransformingClassLoader@21bd128b - got cpw.mods.cl.ModuleClassLoader@4d23015c
[05Jan2026 06:00:02.589] [main/DEBUG] [net.minecraftforge.fml.javafmlmod.FMLModContainer/LOADING]: Creating FMLModContainer instance for net.miauczel.legendary_monsters.LegendaryMonsters
[05Jan2026 06:00:02.590] [main/DEBUG] [net.minecraftforge.fml.javafmlmod.FMLJavaModLanguageProvider/LOADING]: Loading FMLModContainer from classloader cpw.mods.modlauncher.TransformingClassLoader@21bd128b - got cpw.mods.cl.ModuleClassLoader@4d23015c
[05Jan2026 06:00:02.590] [main/DEBUG] [net.minecraftforge.fml.javafmlmod.FMLModContainer/LOADING]: Creating FMLModContainer instance for com.endreborn.EndReborn
[05Jan2026 06:00:02.591] [main/DEBUG] [net.minecraftforge.fml.javafmlmod.FMLJavaModLanguageProvider/LOADING]: Loading FMLModContainer from classloader cpw.mods.modlauncher.TransformingClassLoader@21bd128b - got cpw.mods.cl.ModuleClassLoader@4d23015c
[05Jan2026 06:00:02.591] [main/DEBUG] [net.minecraftforge.fml.javafmlmod.FMLModContainer/LOADING]: Creating FMLModContainer instance for com.github.eterdelta.crittersandcompanions.CrittersAndCompanions
[05Jan2026 06:00:02.593] [main/DEBUG] [net.minecraftforge.fml.javafmlmod.FMLJavaModLanguageProvider/LOADING]: Loading FMLModContainer from classloader cpw.mods.modlauncher.TransformingClassLoader@21bd128b - got cpw.mods.cl.ModuleClassLoader@4d23015c
[05Jan2026 06:00:02.593] [main/DEBUG] [net.minecraftforge.fml.javafmlmod.FMLModContainer/LOADING]: Creating FMLModContainer instance for com.oblivioussp.spartanweaponry.ModSpartanWeaponry
[05Jan2026 06:00:02.594] [main/DEBUG] [net.minecraftforge.fml.javafmlmod.FMLJavaModLanguageProvider/LOADING]: Loading FMLModContainer from classloader cpw.mods.modlauncher.TransformingClassLoader@21bd128b - got cpw.mods.cl.ModuleClassLoader@4d23015c
[05Jan2026 06:00:02.594] [main/DEBUG] [net.minecraftforge.fml.javafmlmod.FMLModContainer/LOADING]: Creating FMLModContainer instance for com.finndog.mvs.forge.MVSForge
[05Jan2026 06:00:02.595] [main/DEBUG] [net.minecraftforge.fml.javafmlmod.FMLJavaModLanguageProvider/LOADING]: Loading FMLModContainer from classloader cpw.mods.modlauncher.TransformingClassLoader@21bd128b - got cpw.mods.cl.ModuleClassLoader@4d23015c
[05Jan2026 06:00:02.595] [main/DEBUG] [net.minecraftforge.fml.javafmlmod.FMLModContainer/LOADING]: Creating FMLModContainer instance for dev.architectury.forge.ArchitecturyForge
[05Jan2026 06:00:02.596] [main/DEBUG] [net.minecraftforge.fml.javafmlmod.FMLJavaModLanguageProvider/LOADING]: Loading FMLModContainer from classloader cpw.mods.modlauncher.TransformingClassLoader@21bd128b - got cpw.mods.cl.ModuleClassLoader@4d23015c
[05Jan2026 06:00:02.596] [main/DEBUG] [net.minecraftforge.fml.javafmlmod.FMLModContainer/LOADING]: Creating FMLModContainer instance for dev.ftb.mods.ftblibrary.forge.FTBLibraryForge
[05Jan2026 06:00:02.596] [main/DEBUG] [net.minecraftforge.fml.javafmlmod.FMLJavaModLanguageProvider/LOADING]: Loading FMLModContainer from classloader cpw.mods.modlauncher.TransformingClassLoader@21bd128b - got cpw.mods.cl.ModuleClassLoader@4d23015c
[05Jan2026 06:00:02.596] [main/DEBUG] [net.minecraftforge.fml.javafmlmod.FMLModContainer/LOADING]: Creating FMLModContainer instance for com.github.teamfossilsarcheology.fossil.forge.ForgeFossilMod
[05Jan2026 06:00:02.597] [main/DEBUG] [net.minecraftforge.fml.javafmlmod.FMLJavaModLanguageProvider/LOADING]: Loading FMLModContainer from classloader cpw.mods.modlauncher.TransformingClassLoader@21bd128b - got cpw.mods.cl.ModuleClassLoader@4d23015c
[05Jan2026 06:00:02.597] [main/DEBUG] [net.minecraftforge.fml.javafmlmod.FMLModContainer/LOADING]: Creating FMLModContainer instance for com.cupboard.Cupboard
[05Jan2026 06:00:02.598] [main/DEBUG] [net.minecraftforge.fml.javafmlmod.FMLJavaModLanguageProvider/LOADING]: Loading FMLModContainer from classloader cpw.mods.modlauncher.TransformingClassLoader@21bd128b - got cpw.mods.cl.ModuleClassLoader@4d23015c
[05Jan2026 06:00:02.598] [main/DEBUG] [net.minecraftforge.fml.javafmlmod.FMLModContainer/LOADING]: Creating FMLModContainer instance for fuzs.puzzleslib.impl.PuzzlesLibForge
[05Jan2026 06:00:02.599] [main/DEBUG] [net.minecraftforge.fml.javafmlmod.FMLJavaModLanguageProvider/LOADING]: Loading FMLModContainer from classloader cpw.mods.modlauncher.TransformingClassLoader@21bd128b - got cpw.mods.cl.ModuleClassLoader@4d23015c
[05Jan2026 06:00:02.599] [main/DEBUG] [net.minecraftforge.fml.javafmlmod.FMLModContainer/LOADING]: Creating FMLModContainer instance for com.talhanation.smallships.forge.SmallshipsModForge
[05Jan2026 06:00:02.600] [main/DEBUG] [net.minecraftforge.fml.javafmlmod.FMLJavaModLanguageProvider/LOADING]: Loading FMLModContainer from classloader cpw.mods.modlauncher.TransformingClassLoader@21bd128b - got cpw.mods.cl.ModuleClassLoader@4d23015c
[05Jan2026 06:00:02.600] [main/DEBUG] [net.minecraftforge.fml.javafmlmod.FMLModContainer/LOADING]: Creating FMLModContainer instance for net.valhelsia.valhelsia_core.core.forge.ValhelsiaCoreForge
[05Jan2026 06:00:02.626] [modloading-worker-0/DEBUG] [net.minecraftforge.fml.javafmlmod.AutomaticEventSubscriber/LOADING]: Attempting to inject @EventBusSubscriber classes into the eventbus for embeddium
[05Jan2026 06:00:02.685] [modloading-worker-0/DEBUG] [net.minecraftforge.fml.javafmlmod.AutomaticEventSubscriber/LOADING]: Attempting to inject @EventBusSubscriber classes into the eventbus for taxva
[05Jan2026 06:00:02.687] [modloading-worker-0/ERROR] [net.minecraftforge.fml.loading.RuntimeDistCleaner/DISTXFORM]: Attempted to load class net/minecraft/client/Minecraft for invalid dist DEDICATED_SERVER
[05Jan2026 06:00:02.690] [modloading-worker-0/DEBUG] [net.minecraftforge.fml.javafmlmod.AutomaticEventSubscriber/LOADING]: Attempting to inject @EventBusSubscriber classes into the eventbus for rubidium
[05Jan2026 06:00:02.689] [modloading-worker-0/ERROR] [Xenon/]: Failed to update fingerprint
java.lang.RuntimeException: Attempted to load class net/minecraft/client/Minecraft for invalid dist DEDICATED_SERVER
	at net.minecraftforge.fml.loading.RuntimeDistCleaner.processClassWithFlags(RuntimeDistCleaner.java:57) ~[fmlloader-1.20.1-47.3.7.jar%2369!/:1.0]
	at cpw.mods.modlauncher.LaunchPluginHandler.offerClassNodeToPlugins(LaunchPluginHandler.java:88) ~[modlauncher-10.0.9.jar%2355!/:?]
	at cpw.mods.modlauncher.ClassTransformer.transform(ClassTransformer.java:120) ~[modlauncher-10.0.9.jar%2355!/:?]
	at cpw.mods.modlauncher.TransformingClassLoader.maybeTransformClassBytes(TransformingClassLoader.java:50) ~[modlauncher-10.0.9.jar%2355!/:?]
	at cpw.mods.cl.ModuleClassLoader.readerToClass(ModuleClassLoader.java:113) ~[securejarhandler-2.1.10.jar:?]
	at cpw.mods.cl.ModuleClassLoader.lambda$findClass$15(ModuleClassLoader.java:219) ~[securejarhandler-2.1.10.jar:?]
	at cpw.mods.cl.ModuleClassLoader.loadFromModule(ModuleClassLoader.java:229) ~[securejarhandler-2.1.10.jar:?]
	at cpw.mods.cl.ModuleClassLoader.findClass(ModuleClassLoader.java:219) ~[securejarhandler-2.1.10.jar:?]
	at cpw.mods.cl.ModuleClassLoader.loadClass(ModuleClassLoader.java:135) ~[securejarhandler-2.1.10.jar:?]
	at java.lang.ClassLoader.loadClass(ClassLoader.java:525) ~[?:?]
	at me.jellysquid.mods.sodium.client.data.fingerprint.FingerprintMeasure.create(FingerprintMeasure.java:19) ~[xenon-0.3.19+mc1.20.1.jar%23233!/:?]
	at me.jellysquid.mods.sodium.client.SodiumClientMod.updateFingerprint(SodiumClientMod.java:101) ~[xenon-0.3.19+mc1.20.1.jar%23233!/:?]
	at me.jellysquid.mods.sodium.client.SodiumClientMod.<init>(SodiumClientMod.java:42) ~[xenon-0.3.19+mc1.20.1.jar%23233!/:?]
	at jdk.internal.reflect.NativeConstructorAccessorImpl.newInstance0(Native Method) ~[?:?]
	at jdk.internal.reflect.NativeConstructorAccessorImpl.newInstance(NativeConstructorAccessorImpl.java:77) ~[?:?]
	at jdk.internal.reflect.DelegatingConstructorAccessorImpl.newInstance(DelegatingConstructorAccessorImpl.java:45) ~[?:?]
	at java.lang.reflect.Constructor.newInstanceWithCaller(Constructor.java:500) ~[?:?]
	at java.lang.reflect.Constructor.newInstance(Constructor.java:481) ~[?:?]
	at net.minecraftforge.fml.javafmlmod.FMLModContainer.constructMod(FMLModContainer.java:70) ~[javafmllanguage-1.20.1-47.3.7.jar%23237!/:?]
	at net.minecraftforge.fml.ModContainer.lambda$buildTransitionHandler$4(ModContainer.java:124) ~[fmlcore-1.20.1-47.3.7.jar%23236!/:?]
	at java.util.concurrent.CompletableFuture$AsyncRun.run(CompletableFuture.java:1804) ~[?:?]
	at java.util.concurrent.CompletableFuture$AsyncRun.exec(CompletableFuture.java:1796) ~[?:?]
	at java.util.concurrent.ForkJoinTask.doExec(ForkJoinTask.java:373) ~[?:?]
	at java.util.concurrent.ForkJoinPool$WorkQueue.topLevelExec(ForkJoinPool.java:1182) ~[?:?]
	at java.util.concurrent.ForkJoinPool.scan(ForkJoinPool.java:1655) ~[?:?]
	at java.util.concurrent.ForkJoinPool.runWorker(ForkJoinPool.java:1622) ~[?:?]
	at java.util.concurrent.ForkJoinWorkerThread.run(ForkJoinWorkerThread.java:165) ~[?:?]
[05Jan2026 06:00:02.691] [modloading-worker-0/DEBUG] [net.minecraftforge.fml.javafmlmod.AutomaticEventSubscriber/LOADING]: Attempting to inject @EventBusSubscriber classes into the eventbus for xenon
[05Jan2026 06:00:02.717] [modloading-worker-0/DEBUG] [net.minecraftforge.fml.javafmlmod.AutomaticEventSubscriber/LOADING]: Attempting to inject @EventBusSubscriber classes into the eventbus for betterskills
[05Jan2026 06:00:02.718] [modloading-worker-0/DEBUG] [net.minecraftforge.fml.javafmlmod.AutomaticEventSubscriber/LOADING]: Auto-subscribing net.feusalamander.betterskills.procedures.TreefellerProcedure to FORGE
[05Jan2026 06:00:02.724] [modloading-worker-0/DEBUG] [net.minecraftforge.fml.javafmlmod.AutomaticEventSubscriber/LOADING]: Auto-subscribing net.feusalamander.betterskills.procedures.SpeedonSpawnProcedure to FORGE
[05Jan2026 06:00:02.727] [modloading-worker-0/DEBUG] [net.minecraftforge.fml.javafmlmod.AutomaticEventSubscriber/LOADING]: Attempting to inject @EventBusSubscriber classes into the eventbus for geckolib
[05Jan2026 06:00:02.728] [modloading-worker-0/DEBUG] [net.minecraftforge.fml.javafmlmod.AutomaticEventSubscriber/LOADING]: Auto-subscribing software.bernie.example.GeckoLibMod to FORGE
[05Jan2026 06:00:02.729] [modloading-worker-0/DEBUG] [net.minecraftforge.fml.javafmlmod.AutomaticEventSubscriber/LOADING]: Auto-subscribing software.bernie.example.CommonListener to MOD
[05Jan2026 06:00:02.728] [modloading-worker-0/DEBUG] [net.minecraftforge.fml.javafmlmod.AutomaticEventSubscriber/LOADING]: Auto-subscribing net.feusalamander.betterskills.procedures.SmeltProcedure to FORGE
[05Jan2026 06:00:02.733] [modloading-worker-0/DEBUG] [net.minecraftforge.fml.javafmlmod.AutomaticEventSubscriber/LOADING]: Auto-subscribing net.feusalamander.betterskills.procedures.MoleProcedure to FORGE
[05Jan2026 06:00:02.741] [modloading-worker-0/DEBUG] [net.minecraftforge.fml.javafmlmod.AutomaticEventSubscriber/LOADING]: Auto-subscribing net.feusalamander.betterskills.procedures.MiningxpProcedure to FORGE
[05Jan2026 06:00:02.758] [modloading-worker-0/DEBUG] [net.minecraftforge.fml.javafmlmod.AutomaticEventSubscriber/LOADING]: Auto-subscribing net.feusalamander.betterskills.procedures.MessageProcedure to FORGE
[05Jan2026 06:00:02.776] [modloading-worker-0/DEBUG] [net.minecraftforge.fml.javafmlmod.AutomaticEventSubscriber/LOADING]: Attempting to inject @EventBusSubscriber classes into the eventbus for ftbessentials
[05Jan2026 06:00:02.778] [modloading-worker-0/DEBUG] [net.minecraftforge.fml.javafmlmod.AutomaticEventSubscriber/LOADING]: Auto-subscribing net.feusalamander.betterskills.procedures.JumpProcedure to FORGE
[05Jan2026 06:00:02.797] [modloading-worker-0/DEBUG] [net.minecraftforge.fml.javafmlmod.AutomaticEventSubscriber/LOADING]: Auto-subscribing net.feusalamander.betterskills.procedures.ImplosionProcedure to FORGE
[05Jan2026 06:00:02.799] [modloading-worker-0/DEBUG] [net.minecraftforge.fml.config.ConfigTracker/CONFIG]: Config file riskofrain_mobs-server.toml for riskofrain_mobs tracking
[05Jan2026 06:00:02.799] [modloading-worker-0/DEBUG] [net.minecraftforge.fml.javafmlmod.AutomaticEventSubscriber/LOADING]: Attempting to inject @EventBusSubscriber classes into the eventbus for riskofrain_mobs
[05Jan2026 06:00:02.799] [modloading-worker-0/DEBUG] [net.minecraftforge.fml.javafmlmod.AutomaticEventSubscriber/LOADING]: Auto-subscribing io.github.colochampre.riskofrain_mobs.RoRmod to FORGE
[05Jan2026 06:00:02.799] [modloading-worker-0/DEBUG] [net.minecraftforge.fml.javafmlmod.AutomaticEventSubscriber/LOADING]: Auto-subscribing io.github.colochampre.riskofrain_mobs.events.ModCommonEvents$ModEventBusEvents to MOD
[05Jan2026 06:00:02.804] [modloading-worker-0/DEBUG] [net.minecraftforge.fml.config.ConfigTracker/CONFIG]: Config file jei-server.toml for jei tracking
[05Jan2026 06:00:02.805] [modloading-worker-0/DEBUG] [net.minecraftforge.fml.javafmlmod.AutomaticEventSubscriber/LOADING]: Auto-subscribing io.github.colochampre.riskofrain_mobs.events.ModCommonEvents$ForgeEvents to FORGE
[05Jan2026 06:00:02.808] [modloading-worker-0/DEBUG] [net.minecraftforge.fml.javafmlmod.AutomaticEventSubscriber/LOADING]: Auto-subscribing net.feusalamander.betterskills.procedures.HasteProcedure to FORGE
[05Jan2026 06:00:02.814] [modloading-worker-0/DEBUG] [net.minecraftforge.fml.javafmlmod.AutomaticEventSubscriber/LOADING]: Attempting to inject @EventBusSubscriber classes into the eventbus for visualworkbench
[05Jan2026 06:00:02.814] [modloading-worker-0/DEBUG] [net.minecraftforge.fml.javafmlmod.AutomaticEventSubscriber/LOADING]: Auto-subscribing fuzs.visualworkbench.VisualWorkbenchForge to MOD
[05Jan2026 06:00:02.815] [modloading-worker-0/DEBUG] [net.minecraftforge.fml.javafmlmod.AutomaticEventSubscriber/LOADING]: Auto-subscribing net.feusalamander.betterskills.procedures.FortuneProcedure to FORGE
[05Jan2026 06:00:02.816] [modloading-worker-0/DEBUG] [net.minecraftforge.fml.javafmlmod.AutomaticEventSubscriber/LOADING]: Auto-subscribing net.feusalamander.betterskills.procedures.ForagingxpProcedure to FORGE
[05Jan2026 06:00:02.824] [modloading-worker-0/DEBUG] [net.minecraftforge.fml.javafmlmod.AutomaticEventSubscriber/LOADING]: Auto-subscribing net.feusalamander.betterskills.procedures.FishinhgxpProcedure to FORGE
[05Jan2026 06:00:02.831] [modloading-worker-0/DEBUG] [net.minecraftforge.fml.javafmlmod.AutomaticEventSubscriber/LOADING]: Auto-subscribing net.feusalamander.betterskills.procedures.FarmingProcedure to FORGE
[05Jan2026 06:00:02.826] [modloading-worker-0/DEBUG] [net.minecraftforge.fml.javafmlmod.AutomaticEventSubscriber/LOADING]: Attempting to inject @EventBusSubscriber classes into the eventbus for jei
[05Jan2026 06:00:02.844] [modloading-worker-0/DEBUG] [net.minecraftforge.fml.javafmlmod.AutomaticEventSubscriber/LOADING]: Auto-subscribing net.feusalamander.betterskills.procedures.EffectsProcedure to FORGE
[05Jan2026 06:00:02.852] [modloading-worker-0/DEBUG] [net.minecraftforge.fml.javafmlmod.AutomaticEventSubscriber/LOADING]: Auto-subscribing net.feusalamander.betterskills.procedures.DashProcedure to FORGE
[05Jan2026 06:00:02.855] [modloading-worker-0/DEBUG] [net.minecraftforge.fml.javafmlmod.AutomaticEventSubscriber/LOADING]: Auto-subscribing net.feusalamander.betterskills.procedures.CombatXpProcedure to FORGE
[05Jan2026 06:00:02.859] [modloading-worker-0/DEBUG] [net.minecraftforge.fml.javafmlmod.AutomaticEventSubscriber/LOADING]: Attempting to inject @EventBusSubscriber classes into the eventbus for realmrpg_demons
[05Jan2026 06:00:02.859] [modloading-worker-0/DEBUG] [net.minecraftforge.fml.javafmlmod.AutomaticEventSubscriber/LOADING]: Auto-subscribing net.mcreator.realmrpgdemons.procedures.SummonMinionsProcedure to FORGE
[05Jan2026 06:00:02.860] [modloading-worker-0/DEBUG] [net.minecraftforge.fml.javafmlmod.AutomaticEventSubscriber/LOADING]: Auto-subscribing net.feusalamander.betterskills.procedures.BookProcedure to FORGE
[05Jan2026 06:00:02.865] [modloading-worker-0/DEBUG] [net.minecraftforge.fml.javafmlmod.AutomaticEventSubscriber/LOADING]: Auto-subscribing net.mcreator.realmrpgdemons.init.RealmrpgDemonsModTabs to MOD
[05Jan2026 06:00:02.865] [modloading-worker-0/DEBUG] [net.minecraftforge.fml.javafmlmod.AutomaticEventSubscriber/LOADING]: Auto-subscribing net.mcreator.realmrpgdemons.init.RealmrpgDemonsModEntities to MOD
[05Jan2026 06:00:02.866] [modloading-worker-0/DEBUG] [net.minecraftforge.fml.javafmlmod.AutomaticEventSubscriber/LOADING]: Auto-subscribing net.feusalamander.betterskills.network.SkillsMenuMessage to MOD
[05Jan2026 06:00:02.866] [modloading-worker-0/DEBUG] [net.minecraftforge.fml.javafmlmod.AutomaticEventSubscriber/LOADING]: Auto-subscribing net.mcreator.realmrpgdemons.init.EntityAnimationFactory to FORGE
[05Jan2026 06:00:02.870] [modloading-worker-0/DEBUG] [net.minecraftforge.fml.javafmlmod.AutomaticEventSubscriber/LOADING]: Auto-subscribing net.feusalamander.betterskills.network.SkillsButtonMessage to MOD
[05Jan2026 06:00:02.871] [modloading-worker-0/DEBUG] [net.minecraftforge.fml.javafmlmod.AutomaticEventSubscriber/LOADING]: Auto-subscribing net.feusalamander.betterskills.network.MiningTreeButtonMessage to MOD
[05Jan2026 06:00:02.875] [modloading-worker-0/DEBUG] [net.minecraftforge.fml.javafmlmod.AutomaticEventSubscriber/LOADING]: Auto-subscribing net.feusalamander.betterskills.network.ForagingTreeButtonMessage to MOD
[05Jan2026 06:00:02.881] [modloading-worker-0/DEBUG] [net.minecraftforge.fml.javafmlmod.AutomaticEventSubscriber/LOADING]: Auto-subscribing net.feusalamander.betterskills.network.FishingTreeButtonMessage to MOD
[05Jan2026 06:00:02.882] [modloading-worker-0/DEBUG] [net.minecraftforge.fml.javafmlmod.AutomaticEventSubscriber/LOADING]: Auto-subscribing net.feusalamander.betterskills.network.FarmingTreeButtonMessage to MOD
[05Jan2026 06:00:02.892] [modloading-worker-0/DEBUG] [net.minecraftforge.fml.javafmlmod.AutomaticEventSubscriber/LOADING]: Auto-subscribing net.feusalamander.betterskills.network.CombatTreeButtonMessage to MOD
[05Jan2026 06:00:02.893] [modloading-worker-0/DEBUG] [net.minecraftforge.fml.javafmlmod.AutomaticEventSubscriber/LOADING]: Auto-subscribing net.feusalamander.betterskills.network.BetterskillsModVariables to MOD
[05Jan2026 06:00:02.916] [modloading-worker-0/DEBUG] [net.minecraftforge.fml.javafmlmod.AutomaticEventSubscriber/LOADING]: Auto-subscribing net.feusalamander.betterskills.network.BetterskillsModVariables$PlayerVariablesProvider to FORGE
[05Jan2026 06:00:02.913] [modloading-worker-0/INFO] [Puzzles Lib/]: Constructing common components for visualworkbench:main
[05Jan2026 06:00:02.931] [modloading-worker-0/DEBUG] [net.minecraftforge.fml.javafmlmod.AutomaticEventSubscriber/LOADING]: Auto-subscribing net.feusalamander.betterskills.network.BetterskillsModVariables$EventBusVariableHandlers to FORGE
[05Jan2026 06:00:02.940] [modloading-worker-0/DEBUG] [net.minecraftforge.fml.javafmlmod.AutomaticEventSubscriber/LOADING]: Auto-subscribing net.feusalamander.betterskills.init.BetterskillsModTabs to MOD
[05Jan2026 06:00:02.941] [modloading-worker-0/DEBUG] [net.minecraftforge.fml.javafmlmod.AutomaticEventSubscriber/LOADING]: Auto-subscribing net.feusalamander.betterskills.command.SkillsCmdCommand to FORGE
[05Jan2026 06:00:02.954] [modloading-worker-0/DEBUG] [net.minecraftforge.fml.javafmlmod.AutomaticEventSubscriber/LOADING]: Auto-subscribing net.feusalamander.betterskills.BetterskillsMod$initer to MOD
[05Jan2026 06:00:03.133] [modloading-worker-0/DEBUG] [net.minecraftforge.fml.javafmlmod.AutomaticEventSubscriber/LOADING]: Attempting to inject @EventBusSubscriber classes into the eventbus for ants_unleashed
[05Jan2026 06:00:03.133] [modloading-worker-0/DEBUG] [net.minecraftforge.fml.javafmlmod.AutomaticEventSubscriber/LOADING]: Auto-subscribing net.mcreator.antsunleashed.init.EntityAnimationFactory to FORGE
[05Jan2026 06:00:03.139] [modloading-worker-0/DEBUG] [net.minecraftforge.fml.javafmlmod.AutomaticEventSubscriber/LOADING]: Auto-subscribing net.mcreator.antsunleashed.init.AntsUnleashedModFeatures to FORGE
[05Jan2026 06:00:03.139] [modloading-worker-0/DEBUG] [net.minecraftforge.fml.javafmlmod.AutomaticEventSubscriber/LOADING]: Auto-subscribing net.mcreator.antsunleashed.init.AntsUnleashedModEntities to MOD
[05Jan2026 06:00:03.240] [modloading-worker-0/DEBUG] [net.minecraftforge.fml.config.ConfigTracker/CONFIG]: Config file naturalist.toml for naturalist tracking
[05Jan2026 06:00:03.246] [modloading-worker-0/DEBUG] [net.minecraftforge.fml.javafmlmod.AutomaticEventSubscriber/LOADING]: Attempting to inject @EventBusSubscriber classes into the eventbus for realmrpg_skeletons
[05Jan2026 06:00:03.246] [modloading-worker-0/DEBUG] [net.minecraftforge.fml.javafmlmod.AutomaticEventSubscriber/LOADING]: Auto-subscribing net.mcreator.realmrpgskeletons.init.RealmrpgSkeletonsModFeatures to FORGE
[05Jan2026 06:00:03.268] [modloading-worker-0/DEBUG] [net.minecraftforge.fml.javafmlmod.AutomaticEventSubscriber/LOADING]: Attempting to inject @EventBusSubscriber classes into the eventbus for naturalist
[05Jan2026 06:00:03.268] [modloading-worker-0/DEBUG] [net.minecraftforge.fml.javafmlmod.AutomaticEventSubscriber/LOADING]: Auto-subscribing com.starfish_studios.naturalist.forge.NaturalistForgeClient to MOD
[05Jan2026 06:00:03.282] [modloading-worker-0/DEBUG] [net.minecraftforge.fml.config.ConfigTracker/CONFIG]: Config file epicfight-client.toml for epicfight tracking
[05Jan2026 06:00:03.288] [modloading-worker-0/DEBUG] [net.minecraftforge.fml.config.ConfigTracker/CONFIG]: Config file journeymap-server.toml for journeymap tracking
[05Jan2026 06:00:03.303] [modloading-worker-0/DEBUG] [net.minecraftforge.fml.javafmlmod.AutomaticEventSubscriber/LOADING]: Attempting to inject @EventBusSubscriber classes into the eventbus for journeymap
[05Jan2026 06:00:03.306] [modloading-worker-0/DEBUG] [epicfight/]: Registered Extendable Enum class yesman.epicfight.api.animation.LivingMotions in living_motion
[05Jan2026 06:00:03.309] [modloading-worker-0/DEBUG] [epicfight/]: Registered Extendable Enum class yesman.epicfight.skill.SkillCategories in skill_category
[05Jan2026 06:00:03.307] [modloading-worker-0/DEBUG] [net.minecraftforge.fml.javafmlmod.AutomaticEventSubscriber/LOADING]: Auto-subscribing journeymap.common.config.forge.ForgeConfig to MOD
[05Jan2026 06:00:03.310] [modloading-worker-0/DEBUG] [net.minecraftforge.fml.javafmlmod.AutomaticEventSubscriber/LOADING]: Auto-subscribing journeymap.common.Journeymap to FORGE
[05Jan2026 06:00:03.310] [modloading-worker-0/DEBUG] [epicfight/]: Registered Extendable Enum class yesman.epicfight.skill.SkillSlots in skill_slot
[05Jan2026 06:00:03.312] [modloading-worker-0/DEBUG] [epicfight/]: Registered Extendable Enum class yesman.epicfight.world.capabilities.item.CapabilityItem$Styles in style
[05Jan2026 06:00:03.313] [modloading-worker-0/DEBUG] [epicfight/]: Registered Extendable Enum class yesman.epicfight.world.capabilities.item.CapabilityItem$WeaponCategories in weapon_category
[05Jan2026 06:00:03.319] [modloading-worker-0/DEBUG] [Multi Loader Template/]: Loaded dev.hexnowloading.dungeonnowloading.platform.ForgePlatformHelper@264d3e27 for service interface dev.hexnowloading.dungeonnowloading.platform.services.PlatformHelper
[05Jan2026 06:00:03.322] [modloading-worker-0/DEBUG] [net.minecraftforge.fml.javafmlmod.AutomaticEventSubscriber/LOADING]: Attempting to inject @EventBusSubscriber classes into the eventbus for valhelsia_furniture
[05Jan2026 06:00:03.322] [modloading-worker-0/DEBUG] [net.minecraftforge.fml.javafmlmod.AutomaticEventSubscriber/LOADING]: Auto-subscribing net.valhelsia.valhelsia_furniture.forge.ValhelsiaFurnitureForge$TestEvents to MOD
[05Jan2026 06:00:03.324] [modloading-worker-0/DEBUG] [mixin/]: Mixing TagsProviderForgeMixin from puzzleslib.forge.mixins.json into net.minecraft.data.tags.TagsProvider
[05Jan2026 06:00:03.330] [modloading-worker-0/DEBUG] [Multi Loader Template/]: Loaded dev.hexnowloading.dungeonnowloading.platform.ForgeCommonRegistryHelper@6cf3cbf1 for service interface dev.hexnowloading.dungeonnowloading.platform.services.RegistryHelper
[05Jan2026 06:00:03.330] [modloading-worker-0/DEBUG] [Multi Loader Template/]: Loaded dev.hexnowloading.dungeonnowloading.platform.ForgeItemHelper@592c2dcf for service interface dev.hexnowloading.dungeonnowloading.platform.services.ItemHelper
[05Jan2026 06:00:03.331] [modloading-worker-0/DEBUG] [Multi Loader Template/]: Loaded dev.hexnowloading.dungeonnowloading.platform.ForgeConfigHelper@22527709 for service interface dev.hexnowloading.dungeonnowloading.platform.services.ConfigHelper
[05Jan2026 06:00:03.335] [modloading-worker-0/DEBUG] [Multi Loader Template/]: Loaded dev.hexnowloading.dungeonnowloading.platform.ForgeDataHelper@17221a94 for service interface dev.hexnowloading.dungeonnowloading.platform.services.DataHelper
[05Jan2026 06:00:03.342] [modloading-worker-0/DEBUG] [Multi Loader Template/]: Loaded dev.hexnowloading.dungeonnowloading.platform.ForgeNetworkHelper@5d8df753 for service interface dev.hexnowloading.dungeonnowloading.platform.services.NetworkHelper
[05Jan2026 06:00:03.343] [modloading-worker-0/DEBUG] [Multi Loader Template/]: Loaded dev.hexnowloading.dungeonnowloading.platform.ForgeLootHelper@2f8ec85a for service interface dev.hexnowloading.dungeonnowloading.platform.services.LootHelper
[05Jan2026 06:00:03.403] [modloading-worker-0/INFO] [epicfight/]: Registered skill epicfight:epicfight:basic_attack
[05Jan2026 06:00:03.404] [modloading-worker-0/INFO] [epicfight/]: Registered skill epicfight:epicfight:air_attack
[05Jan2026 06:00:03.406] [modloading-worker-0/INFO] [epicfight/]: Registered skill epicfight:epicfight:roll
[05Jan2026 06:00:03.409] [modloading-worker-0/INFO] [epicfight/]: Registered skill epicfight:epicfight:step
[05Jan2026 06:00:03.410] [modloading-worker-0/DEBUG] [net.minecraftforge.fml.javafmlmod.AutomaticEventSubscriber/LOADING]: Attempting to inject @EventBusSubscriber classes into the eventbus for integrated_api
[05Jan2026 06:00:03.410] [modloading-worker-0/DEBUG] [net.minecraftforge.fml.javafmlmod.AutomaticEventSubscriber/LOADING]: Auto-subscribing com.craisinlord.integrated_api.datagen.StructureNbtUpdaterDatagen to MOD
[05Jan2026 06:00:03.410] [modloading-worker-0/INFO] [epicfight/]: Registered skill epicfight:epicfight:knockdown_wakeup
[05Jan2026 06:00:03.430] [modloading-worker-0/DEBUG] [net.minecraftforge.fml.config.ConfigTracker/CONFIG]: Config file citadel-common.toml for citadel tracking
[05Jan2026 06:00:03.434] [modloading-worker-0/DEBUG] [net.minecraftforge.fml.javafmlmod.AutomaticEventSubscriber/LOADING]: Attempting to inject @EventBusSubscriber classes into the eventbus for citadel
[05Jan2026 06:00:03.434] [modloading-worker-0/DEBUG] [net.minecraftforge.fml.javafmlmod.AutomaticEventSubscriber/LOADING]: Auto-subscribing com.github.alexthe666.citadel.ServerProxy to MOD
[05Jan2026 06:00:03.439] [modloading-worker-0/INFO] [epicfight/]: Registered skill epicfight:epicfight:guard
[05Jan2026 06:00:03.446] [modloading-worker-0/INFO] [epicfight/]: Registered skill epicfight:epicfight:parrying
[05Jan2026 06:00:03.448] [modloading-worker-0/INFO] [epicfight/]: Registered skill epicfight:epicfight:impact_guard
[05Jan2026 06:00:03.456] [modloading-worker-0/INFO] [epicfight/]: Registered skill epicfight:epicfight:berserker
[05Jan2026 06:00:03.574] [modloading-worker-0/INFO] [epicfight/]: Registered skill epicfight:epicfight:death_harvest
[05Jan2026 06:00:03.577] [modloading-worker-0/INFO] [epicfight/]: Registered skill epicfight:epicfight:emergency_escape
[05Jan2026 06:00:03.578] [modloading-worker-0/INFO] [epicfight/]: Registered skill epicfight:epicfight:endurance
[05Jan2026 06:00:03.578] [modloading-worker-0/INFO] [epicfight/]: Registered skill epicfight:epicfight:forbidden_strength
[05Jan2026 06:00:03.579] [modloading-worker-0/INFO] [epicfight/]: Registered skill epicfight:epicfight:hypervitality
[05Jan2026 06:00:03.580] [modloading-worker-0/INFO] [epicfight/]: Registered skill epicfight:epicfight:stamina_pillager
[05Jan2026 06:00:03.581] [modloading-worker-0/INFO] [epicfight/]: Registered skill epicfight:epicfight:swordmaster
[05Jan2026 06:00:03.582] [modloading-worker-0/INFO] [epicfight/]: Registered skill epicfight:epicfight:technician
[05Jan2026 06:00:03.584] [modloading-worker-0/INFO] [graveyard/]: Registered JSON trade offer adapter.
[05Jan2026 06:00:03.590] [modloading-worker-0/INFO] [epicfight/]: Registered skill epicfight:epicfight:sweeping_edge
[05Jan2026 06:00:03.600] [modloading-worker-0/INFO] [epicfight/]: Registered skill epicfight:epicfight:dancing_edge
[05Jan2026 06:00:03.601] [modloading-worker-0/INFO] [epicfight/]: Registered skill epicfight:epicfight:the_guillotine
[05Jan2026 06:00:03.607] [modloading-worker-0/INFO] [epicfight/]: Registered skill epicfight:epicfight:grasping_spire
[05Jan2026 06:00:03.607] [modloading-worker-0/INFO] [epicfight/]: Registered skill epicfight:epicfight:heartpiercer
[05Jan2026 06:00:03.617] [modloading-worker-0/DEBUG] [net.minecraftforge.fml.javafmlmod.AutomaticEventSubscriber/LOADING]: Attempting to inject @EventBusSubscriber classes into the eventbus for graveyard
[05Jan2026 06:00:03.617] [modloading-worker-0/DEBUG] [net.minecraftforge.fml.javafmlmod.AutomaticEventSubscriber/LOADING]: Auto-subscribing com.lion.graveyard.platform.forge.HordeSpawner to FORGE
[05Jan2026 06:00:03.619] [modloading-worker-0/DEBUG] [mixin/]: Mixing MixinLevelEvent from architectury.mixins.json into net.minecraftforge.event.level.LevelEvent
[05Jan2026 06:00:03.619] [modloading-worker-0/INFO] [epicfight/]: Registered skill epicfight:epicfight:steel_whirlwind
[05Jan2026 06:00:03.625] [modloading-worker-0/INFO] [epicfight/]: Registered skill epicfight:epicfight:battojutsu
[05Jan2026 06:00:03.629] [modloading-worker-0/INFO] [epicfight/]: Registered skill epicfight:epicfight:battojutsu_passive
[05Jan2026 06:00:03.632] [modloading-worker-0/INFO] [epicfight/]: Registered skill epicfight:epicfight:rushing_tempo
[05Jan2026 06:00:03.636] [modloading-worker-0/INFO] [epicfight/]: Registered skill epicfight:epicfight:relentless_combo
[05Jan2026 06:00:03.638] [modloading-worker-0/INFO] [epicfight/]: Registered skill epicfight:epicfight:liechtenauer
[05Jan2026 06:00:03.643] [modloading-worker-0/DEBUG] [mixin/]: Mixing forge.item.ScorcherItemMixin from dungeonnowloading.forge.mixins.json into dev.hexnowloading.dungeonnowloading.item.ScorcherItem
[05Jan2026 06:00:03.642] [modloading-worker-0/INFO] [epicfight/]: Registered skill epicfight:epicfight:sharp_stab
[05Jan2026 06:00:03.648] [modloading-worker-0/INFO] [epicfight/]: Registered skill epicfight:epicfight:eviscerate
[05Jan2026 06:00:03.686] [modloading-worker-0/DEBUG] [net.minecraftforge.fml.config.ConfigTracker/CONFIG]: Config file travelersbackpack-common.toml for travelersbackpack tracking
[05Jan2026 06:00:03.686] [modloading-worker-0/DEBUG] [net.minecraftforge.fml.config.ConfigTracker/CONFIG]: Config file travelersbackpack-client.toml for travelersbackpack tracking
[05Jan2026 06:00:03.699] [modloading-worker-0/DEBUG] [mixin/]: Mixing forge.blockentities.FairkeeperChestBlockItemMixin from dungeonnowloading.forge.mixins.json into dev.hexnowloading.dungeonnowloading.item.blockitem.FairkeeperChestBlockItem
[05Jan2026 06:00:03.703] [modloading-worker-0/DEBUG] [mixin/]: Mixing forge.blockentities.WiseFairkeeperChestBlockItemMixin from dungeonnowloading.forge.mixins.json into dev.hexnowloading.dungeonnowloading.item.blockitem.WiseFairkeeperChestBlockItem
[05Jan2026 06:00:03.710] [modloading-worker-0/DEBUG] [mixin/]: Mixing forge.blockentities.FierceFairkeeperChestBlockItemMixin from dungeonnowloading.forge.mixins.json into dev.hexnowloading.dungeonnowloading.item.blockitem.FierceFairkeeperChestBlockItem
[05Jan2026 06:00:03.750] [modloading-worker-0/INFO] [epicfight/]: Registered skill epicfight:epicfight:blade_rush
[05Jan2026 06:00:03.752] [modloading-worker-0/INFO] [epicfight/]: Registered skill epicfight:epicfight:wrathful_lighting
[05Jan2026 06:00:03.756] [modloading-worker-0/INFO] [epicfight/]: Registered skill epicfight:epicfight:tsunami
[05Jan2026 06:00:03.757] [modloading-worker-0/INFO] [epicfight/]: Registered skill epicfight:epicfight:everlasting_allegiance
[05Jan2026 06:00:03.762] [modloading-worker-0/INFO] [epicfight/]: Registered skill epicfight:epicfight:meteor_slam
[05Jan2026 06:00:03.775] [modloading-worker-0/INFO] [epicfight/]: Registered skill epicfight:epicfight:revelation
[05Jan2026 06:00:03.776] [modloading-worker-0/INFO] [epicfight/]: Registered skill epicfight:epicfight:demolition_leap
[05Jan2026 06:00:03.780] [modloading-worker-0/INFO] [epicfight/]: Registered skill epicfight:epicfight:phantom_ascent
[05Jan2026 06:00:03.788] [modloading-worker-0/DEBUG] [net.minecraftforge.fml.javafmlmod.AutomaticEventSubscriber/LOADING]: Attempting to inject @EventBusSubscriber classes into the eventbus for epicfight
[05Jan2026 06:00:03.789] [modloading-worker-0/DEBUG] [net.minecraftforge.fml.javafmlmod.AutomaticEventSubscriber/LOADING]: Auto-subscribing yesman.epicfight.gameasset.EpicFightSkills to FORGE
[05Jan2026 06:00:03.792] [modloading-worker-0/DEBUG] [net.minecraftforge.fml.javafmlmod.AutomaticEventSubscriber/LOADING]: Auto-subscribing yesman.epicfight.gameasset.Animations to MOD
[05Jan2026 06:00:03.801] [modloading-worker-0/DEBUG] [net.minecraftforge.fml.javafmlmod.AutomaticEventSubscriber/LOADING]: Auto-subscribing yesman.epicfight.events.WorldEvents to FORGE
[05Jan2026 06:00:03.818] [modloading-worker-0/DEBUG] [mixin/]: Mixing LootTableAccessor from crittersandcompanions.mixins.json into net.minecraft.world.level.storage.loot.LootTable
[05Jan2026 06:00:03.818] [modloading-worker-0/DEBUG] [mixin/]: Mixing accessor.LootTableForgeAccessor from puzzleslib.forge.mixins.json into net.minecraft.world.level.storage.loot.LootTable
[05Jan2026 06:00:03.824] [modloading-worker-0/DEBUG] [net.minecraftforge.fml.javafmlmod.AutomaticEventSubscriber/LOADING]: Attempting to inject @EventBusSubscriber classes into the eventbus for travelersbackpack
[05Jan2026 06:00:03.824] [modloading-worker-0/DEBUG] [net.minecraftforge.fml.javafmlmod.AutomaticEventSubscriber/LOADING]: Auto-subscribing com.tiviacz.travelersbackpack.handlers.ForgeEventHandler to FORGE
[05Jan2026 06:00:03.825] [modloading-worker-0/DEBUG] [mixin/]: Mixing PlayerListAccess from ftbessentials-common.mixins.json into net.minecraft.server.players.PlayerList
[05Jan2026 06:00:03.832] [modloading-worker-0/DEBUG] [net.minecraftforge.fml.javafmlmod.AutomaticEventSubscriber/LOADING]: Auto-subscribing yesman.epicfight.events.PlayerEvents to FORGE
[05Jan2026 06:00:03.839] [modloading-worker-0/DEBUG] [mixin/]: Mixing LootPoolAccessor from crittersandcompanions.mixins.json into net.minecraft.world.level.storage.loot.LootPool
[05Jan2026 06:00:03.840] [modloading-worker-0/DEBUG] [mixin/]: Renaming @Invoker method make([Lnet/minecraft/world/level/storage/loot/entries/LootPoolEntryContainer;[Lnet/minecraft/world/level/storage/loot/predicates/LootItemCondition;[Lnet/minecraft/world/level/storage/loot/functions/LootItemFunction;Lnet/minecraft/world/level/storage/loot/providers/number/NumberProvider;Lnet/minecraft/world/level/storage/loot/providers/number/NumberProvider;Ljava/lang/String;)Lnet/minecraft/world/level/storage/loot/LootPool; to make_$md$5ff234$0 in crittersandcompanions.mixins.json:LootPoolAccessor
[05Jan2026 06:00:03.848] [modloading-worker-0/DEBUG] [net.minecraftforge.fml.javafmlmod.AutomaticEventSubscriber/LOADING]: Auto-subscribing yesman.epicfight.events.EntityEvents to FORGE
[05Jan2026 06:00:03.867] [modloading-worker-0/DEBUG] [mixin/]: Mixing block.ExplosionMixin from dungeonnowloading.forge.mixins.json into net.minecraft.world.level.Explosion
[05Jan2026 06:00:03.871] [modloading-worker-0/DEBUG] [mixin/]: Mixing ExplosionMixin from fossil_common.mixins.json into net.minecraft.world.level.Explosion
[05Jan2026 06:00:03.872] [modloading-worker-0/DEBUG] [mixin/]: Renaming synthetic method lambda$preventExplosion$0(Lnet/minecraft/nbt/CompoundTag;)Lcom/github/teamfossilsarcheology/fossil/entity/monster/AnuBoss$AnuLair; to md5ff234$lambda$preventExplosion$0$0 in fossil_common.mixins.json:ExplosionMixin
[05Jan2026 06:00:03.913] [modloading-worker-0/DEBUG] [net.minecraftforge.fml.javafmlmod.AutomaticEventSubscriber/LOADING]: Auto-subscribing com.tiviacz.travelersbackpack.config.TravelersBackpackConfig to MOD
[05Jan2026 06:00:03.920] [modloading-worker-0/DEBUG] [net.minecraftforge.fml.javafmlmod.AutomaticEventSubscriber/LOADING]: Attempting to inject @EventBusSubscriber classes into the eventbus for mixinextras
[05Jan2026 06:00:03.921] [modloading-worker-0/DEBUG] [net.minecraftforge.fml.javafmlmod.AutomaticEventSubscriber/LOADING]: Auto-subscribing yesman.epicfight.events.CapabilityEvent to FORGE
[05Jan2026 06:00:03.923] [modloading-worker-0/DEBUG] [net.minecraftforge.fml.javafmlmod.AutomaticEventSubscriber/LOADING]: Auto-subscribing yesman.epicfight.data.loot.EpicFightLootTables to FORGE
[05Jan2026 06:00:03.925] [modloading-worker-0/DEBUG] [epicfight/]: Loaded enums in class yesman.epicfight.api.animation.LivingMotions
[05Jan2026 06:00:03.938] [modloading-worker-0/DEBUG] [epicfight/]: Loaded enums in class yesman.epicfight.skill.SkillCategories
[05Jan2026 06:00:03.938] [modloading-worker-0/DEBUG] [epicfight/]: Loaded enums in class yesman.epicfight.skill.SkillSlots
[05Jan2026 06:00:03.938] [modloading-worker-0/DEBUG] [epicfight/]: Loaded enums in class yesman.epicfight.world.capabilities.item.CapabilityItem$Styles
[05Jan2026 06:00:03.938] [modloading-worker-0/DEBUG] [epicfight/]: Loaded enums in class yesman.epicfight.world.capabilities.item.CapabilityItem$WeaponCategories
[05Jan2026 06:00:03.938] [modloading-worker-0/DEBUG] [net.minecraftforge.fml.javafmlmod.AutomaticEventSubscriber/LOADING]: Attempting to inject @EventBusSubscriber classes into the eventbus for hopour
[05Jan2026 06:00:03.945] [modloading-worker-0/DEBUG] [net.minecraftforge.fml.config.ConfigTracker/CONFIG]: Config file grimoireofgaia-client.toml for grimoireofgaia tracking
[05Jan2026 06:00:03.945] [modloading-worker-0/DEBUG] [net.minecraftforge.fml.config.ConfigTracker/CONFIG]: Config file grimoireofgaia-common.toml for grimoireofgaia tracking
[05Jan2026 06:00:03.949] [modloading-worker-0/DEBUG] [net.minecraftforge.fml.javafmlmod.AutomaticEventSubscriber/LOADING]: Attempting to inject @EventBusSubscriber classes into the eventbus for mirabilis
[05Jan2026 06:00:03.949] [modloading-worker-0/DEBUG] [net.minecraftforge.fml.javafmlmod.AutomaticEventSubscriber/LOADING]: Auto-subscribing net.yezon.mirabilis.world.features.treedecorators.LushSnowyTundraTrunkDecorator to MOD
[05Jan2026 06:00:03.951] [modloading-worker-0/DEBUG] [net.minecraftforge.fml.javafmlmod.AutomaticEventSubscriber/LOADING]: Auto-subscribing net.yezon.mirabilis.world.features.treedecorators.LushSnowyTundraLeaveDecorator to MOD
[05Jan2026 06:00:03.953] [modloading-worker-0/DEBUG] [net.minecraftforge.fml.javafmlmod.AutomaticEventSubscriber/LOADING]: Auto-subscribing net.yezon.mirabilis.world.features.treedecorators.LushForestTrunkDecorator to MOD
[05Jan2026 06:00:03.954] [modloading-worker-0/DEBUG] [net.minecraftforge.fml.javafmlmod.AutomaticEventSubscriber/LOADING]: Auto-subscribing net.yezon.mirabilis.world.features.treedecorators.LushForestLeaveDecorator to MOD
[05Jan2026 06:00:03.957] [modloading-worker-0/DEBUG] [net.minecraftforge.fml.javafmlmod.AutomaticEventSubscriber/LOADING]: Auto-subscribing net.yezon.mirabilis.init.MirabilisModBiomes to FORGE
[05Jan2026 06:00:04.010] [modloading-worker-0/DEBUG] [net.minecraftforge.fml.config.ConfigTracker/CONFIG]: Config file iceandfire-client.toml for iceandfire tracking
[05Jan2026 06:00:04.012] [modloading-worker-0/DEBUG] [net.minecraftforge.fml.config.ConfigTracker/CONFIG]: Config file iceandfire-common.toml for iceandfire tracking
[05Jan2026 06:00:04.025] [modloading-worker-0/DEBUG] [net.minecraftforge.fml.config.ConfigTracker/CONFIG]: Config file alexsmobs.toml for alexsmobs tracking
[05Jan2026 06:00:04.065] [modloading-worker-0/DEBUG] [net.minecraftforge.fml.javafmlmod.AutomaticEventSubscriber/LOADING]: Attempting to inject @EventBusSubscriber classes into the eventbus for alexsmobs
[05Jan2026 06:00:04.066] [modloading-worker-0/DEBUG] [net.minecraftforge.fml.javafmlmod.AutomaticEventSubscriber/LOADING]: Auto-subscribing com.github.alexthe666.alexsmobs.world.AMWorldRegistry to MOD
[05Jan2026 06:00:04.071] [modloading-worker-0/DEBUG] [net.minecraftforge.fml.javafmlmod.AutomaticEventSubscriber/LOADING]: Auto-subscribing com.github.alexthe666.alexsmobs.tileentity.AMTileEntityRegistry to MOD
[05Jan2026 06:00:04.071] [modloading-worker-0/DEBUG] [net.minecraftforge.fml.javafmlmod.AutomaticEventSubscriber/LOADING]: Auto-subscribing com.github.alexthe666.alexsmobs.event.ServerEvents to FORGE
[05Jan2026 06:00:04.077] [modloading-worker-0/DEBUG] [net.minecraftforge.fml.javafmlmod.AutomaticEventSubscriber/LOADING]: Auto-subscribing com.github.alexthe666.alexsmobs.entity.AMEntityRegistry to MOD
[05Jan2026 06:00:04.077] [modloading-worker-0/DEBUG] [net.minecraftforge.fml.javafmlmod.AutomaticEventSubscriber/LOADING]: Auto-subscribing com.github.alexthe666.alexsmobs.CommonProxy to MOD
[05Jan2026 06:00:04.078] [modloading-worker-0/DEBUG] [net.minecraftforge.fml.javafmlmod.AutomaticEventSubscriber/LOADING]: Auto-subscribing com.github.alexthe666.alexsmobs.AlexsMobs to FORGE
[05Jan2026 06:00:04.296] [modloading-worker-0/DEBUG] [net.minecraftforge.fml.javafmlmod.AutomaticEventSubscriber/LOADING]: Attempting to inject @EventBusSubscriber classes into the eventbus for grimoireofgaia
[05Jan2026 06:00:04.296] [modloading-worker-0/DEBUG] [net.minecraftforge.fml.javafmlmod.AutomaticEventSubscriber/LOADING]: Auto-subscribing gaia.registry.GaiaSpawning to FORGE
[05Jan2026 06:00:04.296] [modloading-worker-0/DEBUG] [net.minecraftforge.fml.javafmlmod.AutomaticEventSubscriber/LOADING]: Auto-subscribing gaia.datagen.GaiaDatagen to MOD
[05Jan2026 06:00:04.314] [modloading-worker-0/DEBUG] [More Hitboxes/]: Loaded com.github.darkpred.morehitboxes.platform.ForgePlatformHelper@768e18a9 for service interface com.github.darkpred.morehitboxes.platform.services.IPlatformHelper
[05Jan2026 06:00:04.316] [modloading-worker-0/DEBUG] [More Hitboxes/]: Loaded com.github.darkpred.morehitboxes.ForgeResourcePackRegistry@6a43cb0b for service interface com.github.darkpred.morehitboxes.ResourcePackRegistry
[05Jan2026 06:00:04.319] [modloading-worker-0/DEBUG] [More Hitboxes/]: Loaded com.github.darkpred.morehitboxes.internal.ForgeMultiPart$ForgeMultiPartFactory@7c3dfecf for service interface com.github.darkpred.morehitboxes.api.MultiPart$Factory
[05Jan2026 06:00:04.325] [modloading-worker-0/DEBUG] [net.minecraftforge.fml.javafmlmod.AutomaticEventSubscriber/LOADING]: Attempting to inject @EventBusSubscriber classes into the eventbus for morehitboxes
[05Jan2026 06:00:04.326] [modloading-worker-0/DEBUG] [net.minecraftforge.fml.javafmlmod.AutomaticEventSubscriber/LOADING]: Auto-subscribing com.github.darkpred.morehitboxes.ForgeResourcePackRegistry to FORGE
[05Jan2026 06:00:04.541] [modloading-worker-0/DEBUG] [net.minecraftforge.fml.javafmlmod.AutomaticEventSubscriber/LOADING]: Attempting to inject @EventBusSubscriber classes into the eventbus for bosses_of_mass_destruction
[05Jan2026 06:00:04.541] [modloading-worker-0/DEBUG] [net.minecraftforge.fml.javafmlmod.AutomaticEventSubscriber/LOADING]: Auto-subscribing com.cerbon.bosses_of_mass_destruction.event.ForgeEvents to FORGE
[05Jan2026 06:00:04.546] [modloading-worker-0/DEBUG] [net.minecraftforge.fml.javafmlmod.AutomaticEventSubscriber/LOADING]: Auto-subscribing com.cerbon.bosses_of_mass_destruction.event.BMDEvents$CommonEvents to MOD
[05Jan2026 06:00:04.591] [modloading-worker-0/DEBUG] [net.minecraftforge.fml.javafmlmod.AutomaticEventSubscriber/LOADING]: Attempting to inject @EventBusSubscriber classes into the eventbus for orcz
[05Jan2026 06:00:04.591] [modloading-worker-0/DEBUG] [net.minecraftforge.fml.javafmlmod.AutomaticEventSubscriber/LOADING]: Auto-subscribing com.duke.orcz.procedures.SpectresquigattackProcedure to FORGE
[05Jan2026 06:00:04.592] [modloading-worker-0/DEBUG] [net.minecraftforge.fml.javafmlmod.AutomaticEventSubscriber/LOADING]: Auto-subscribing com.duke.orcz.procedures.PodeathProcedure to FORGE
[05Jan2026 06:00:04.596] [modloading-worker-0/DEBUG] [net.minecraftforge.fml.javafmlmod.AutomaticEventSubscriber/LOADING]: Auto-subscribing com.duke.orcz.procedures.MoralegoblinsProcedure to FORGE
[05Jan2026 06:00:04.598] [modloading-worker-0/DEBUG] [net.minecraftforge.fml.javafmlmod.AutomaticEventSubscriber/LOADING]: Auto-subscribing com.duke.orcz.procedures.HitandrunProcedure to FORGE
[05Jan2026 06:00:04.602] [modloading-worker-0/DEBUG] [net.minecraftforge.fml.javafmlmod.AutomaticEventSubscriber/LOADING]: Auto-subscribing com.duke.orcz.procedures.HammermanProcedure to FORGE
[05Jan2026 06:00:04.605] [modloading-worker-0/DEBUG] [net.minecraftforge.fml.javafmlmod.AutomaticEventSubscriber/LOADING]: Auto-subscribing com.duke.orcz.procedures.GoblinexplosionProcedure to FORGE
[05Jan2026 06:00:04.611] [modloading-worker-0/DEBUG] [net.minecraftforge.fml.javafmlmod.AutomaticEventSubscriber/LOADING]: Auto-subscribing com.duke.orcz.procedures.EnragemoraleProcedure to FORGE
[05Jan2026 06:00:04.613] [modloading-worker-0/DEBUG] [net.minecraftforge.fml.javafmlmod.AutomaticEventSubscriber/LOADING]: Auto-subscribing com.duke.orcz.procedures.CreateConfigProcedure to MOD
[05Jan2026 06:00:04.615] [modloading-worker-0/DEBUG] [net.minecraftforge.fml.javafmlmod.AutomaticEventSubscriber/LOADING]: Auto-subscribing com.duke.orcz.network.OrczModVariables to MOD
[05Jan2026 06:00:04.618] [modloading-worker-0/DEBUG] [net.minecraftforge.fml.javafmlmod.AutomaticEventSubscriber/LOADING]: Auto-subscribing com.duke.orcz.network.OrczModVariables$PlayerVariablesProvider to FORGE
[05Jan2026 06:00:04.621] [modloading-worker-0/DEBUG] [net.minecraftforge.fml.javafmlmod.AutomaticEventSubscriber/LOADING]: Auto-subscribing com.duke.orcz.network.OrczModVariables$EventBusVariableHandlers to FORGE
[05Jan2026 06:00:04.631] [modloading-worker-0/DEBUG] [net.minecraftforge.fml.config.ConfigTracker/CONFIG]: Config file swampier_swamps-client.toml for swampier_swamps tracking
[05Jan2026 06:00:04.626] [modloading-worker-0/DEBUG] [net.minecraftforge.fml.javafmlmod.AutomaticEventSubscriber/LOADING]: Auto-subscribing com.duke.orcz.init.OrczModFeatures to FORGE
[05Jan2026 06:00:04.631] [modloading-worker-0/DEBUG] [net.minecraftforge.fml.javafmlmod.AutomaticEventSubscriber/LOADING]: Auto-subscribing com.duke.orcz.init.OrczModEntities to MOD
[05Jan2026 06:00:04.633] [modloading-worker-0/DEBUG] [net.minecraftforge.fml.config.ConfigTracker/CONFIG]: Config file morevanillashields-server.toml for morevanillashields tracking
[05Jan2026 06:00:04.634] [modloading-worker-0/DEBUG] [net.minecraftforge.fml.config.ConfigTracker/CONFIG]: Config file swampier_swamps-common.toml for swampier_swamps tracking
[05Jan2026 06:00:04.637] [modloading-worker-0/DEBUG] [net.minecraftforge.fml.javafmlmod.AutomaticEventSubscriber/LOADING]: Attempting to inject @EventBusSubscriber classes into the eventbus for swampier_swamps
[05Jan2026 06:00:04.637] [modloading-worker-0/DEBUG] [net.minecraftforge.fml.javafmlmod.AutomaticEventSubscriber/LOADING]: Auto-subscribing andrews.swampier_swamps.events.CreativeTabEvents to MOD
[05Jan2026 06:00:04.638] [modloading-worker-0/DEBUG] [net.minecraftforge.fml.javafmlmod.AutomaticEventSubscriber/LOADING]: Auto-subscribing andrews.swampier_swamps.events.EntityAttributesHandler to MOD
[05Jan2026 06:00:04.643] [modloading-worker-0/DEBUG] [net.minecraftforge.fml.javafmlmod.AutomaticEventSubscriber/LOADING]: Attempting to inject @EventBusSubscriber classes into the eventbus for puzzlesaccessapi
[05Jan2026 06:00:04.646] [modloading-worker-0/DEBUG] [net.minecraftforge.fml.javafmlmod.AutomaticEventSubscriber/LOADING]: Attempting to inject @EventBusSubscriber classes into the eventbus for cloth_config
[05Jan2026 06:00:04.647] [modloading-worker-0/DEBUG] [net.minecraftforge.versions.forge.ForgeVersion/CORE]: Forge Version package package net.minecraftforge.versions.forge, Forge, version 47.3 from cpw.mods.modlauncher.TransformingClassLoader@21bd128b
[05Jan2026 06:00:04.647] [modloading-worker-0/DEBUG] [net.minecraftforge.versions.forge.ForgeVersion/CORE]: Found Forge version 47.3.7
[05Jan2026 06:00:04.647] [modloading-worker-0/DEBUG] [net.minecraftforge.versions.forge.ForgeVersion/CORE]: Found Forge spec 47.3
[05Jan2026 06:00:04.647] [modloading-worker-0/DEBUG] [net.minecraftforge.versions.forge.ForgeVersion/CORE]: Found Forge group net.minecraftforge
[05Jan2026 06:00:04.648] [modloading-worker-0/DEBUG] [net.minecraftforge.versions.mcp.MCPVersion/CORE]: MCP Version package package net.minecraftforge.versions.mcp, Minecraft, version 1.20.1 from cpw.mods.modlauncher.TransformingClassLoader@21bd128b
[05Jan2026 06:00:04.651] [modloading-worker-0/DEBUG] [net.minecraftforge.versions.mcp.MCPVersion/CORE]: Found MC version information 1.20.1
[05Jan2026 06:00:04.651] [modloading-worker-0/DEBUG] [net.minecraftforge.versions.mcp.MCPVersion/CORE]: Found MCP version information 20230612.114412
[05Jan2026 06:00:04.651] [modloading-worker-0/INFO] [net.minecraftforge.common.ForgeMod/FORGEMOD]: Forge mod loading, version 47.3.7, for MC 1.20.1 with MCP 20230612.114412
[05Jan2026 06:00:04.651] [modloading-worker-0/INFO] [net.minecraftforge.common.MinecraftForge/FORGE]: MinecraftForge v47.3.7 Initialized
[05Jan2026 06:00:04.683] [modloading-worker-0/DEBUG] [net.minecraftforge.fml.javafmlmod.AutomaticEventSubscriber/LOADING]: Attempting to inject @EventBusSubscriber classes into the eventbus for morevanillashields
[05Jan2026 06:00:04.756] [modloading-worker-0/DEBUG] [net.minecraftforge.fml.javafmlmod.AutomaticEventSubscriber/LOADING]: Attempting to inject @EventBusSubscriber classes into the eventbus for iceandfire
[05Jan2026 06:00:04.757] [modloading-worker-0/DEBUG] [net.minecraftforge.fml.javafmlmod.AutomaticEventSubscriber/LOADING]: Auto-subscribing com.github.alexthe666.iceandfire.recipe.IafRecipeRegistry to MOD
[05Jan2026 06:00:04.757] [modloading-worker-0/DEBUG] [net.minecraftforge.fml.javafmlmod.AutomaticEventSubscriber/LOADING]: Auto-subscribing com.github.alexthe666.iceandfire.misc.IafSoundRegistry to MOD
[05Jan2026 06:00:04.757] [modloading-worker-0/DEBUG] [net.minecraftforge.fml.javafmlmod.AutomaticEventSubscriber/LOADING]: Auto-subscribing com.github.alexthe666.iceandfire.misc.IafDamageRegistry to MOD
[05Jan2026 06:00:04.758] [modloading-worker-0/DEBUG] [net.minecraftforge.fml.javafmlmod.AutomaticEventSubscriber/LOADING]: Auto-subscribing com.github.alexthe666.iceandfire.item.IafItemRegistry to MOD
[05Jan2026 06:00:04.760] [modloading-worker-0/DEBUG] [net.minecraftforge.fml.javafmlmod.AutomaticEventSubscriber/LOADING]: Auto-subscribing com.github.alexthe666.iceandfire.event.ServerEvents to FORGE
[05Jan2026 06:00:04.768] [modloading-worker-0/DEBUG] [net.minecraftforge.fml.javafmlmod.AutomaticEventSubscriber/LOADING]: Auto-subscribing com.github.alexthe666.iceandfire.entity.props.CapabilityHandler to FORGE
[05Jan2026 06:00:04.773] [modloading-worker-0/DEBUG] [net.minecraftforge.fml.javafmlmod.AutomaticEventSubscriber/LOADING]: Auto-subscribing com.github.alexthe666.iceandfire.entity.IafVillagerRegistry to MOD
[05Jan2026 06:00:04.773] [modloading-worker-0/DEBUG] [net.minecraftforge.fml.javafmlmod.AutomaticEventSubscriber/LOADING]: Auto-subscribing com.github.alexthe666.iceandfire.entity.IafEntityRegistry to MOD
[05Jan2026 06:00:04.774] [modloading-worker-0/DEBUG] [net.minecraftforge.fml.javafmlmod.AutomaticEventSubscriber/LOADING]: Auto-subscribing com.github.alexthe666.iceandfire.datagen.DataGenerators to MOD
[05Jan2026 06:00:04.776] [modloading-worker-0/DEBUG] [io.netty.util.internal.PlatformDependent0/]: -Dio.netty.noUnsafe: false
[05Jan2026 06:00:04.776] [modloading-worker-0/DEBUG] [io.netty.util.internal.PlatformDependent0/]: Java version: 17
[05Jan2026 06:00:04.776] [modloading-worker-0/DEBUG] [io.netty.util.internal.PlatformDependent0/]: sun.misc.Unsafe.theUnsafe: available
[05Jan2026 06:00:04.778] [modloading-worker-0/DEBUG] [io.netty.util.internal.PlatformDependent0/]: sun.misc.Unsafe.copyMemory: available
[05Jan2026 06:00:04.778] [modloading-worker-0/DEBUG] [io.netty.util.internal.PlatformDependent0/]: sun.misc.Unsafe.storeFence: available
[05Jan2026 06:00:04.779] [modloading-worker-0/DEBUG] [io.netty.util.internal.PlatformDependent0/]: java.nio.Buffer.address: available
[05Jan2026 06:00:04.779] [modloading-worker-0/DEBUG] [io.netty.util.internal.PlatformDependent0/]: direct buffer constructor: unavailable
java.lang.UnsupportedOperationException: Reflective setAccessible(true) disabled
	at io.netty.util.internal.ReflectionUtil.trySetAccessible(ReflectionUtil.java:31) ~[netty-common-4.1.82.Final.jar%2382!/:4.1.82.Final]
	at io.netty.util.internal.PlatformDependent0$5.run(PlatformDependent0.java:288) ~[netty-common-4.1.82.Final.jar%2382!/:4.1.82.Final]
	at java.security.AccessController.doPrivileged(AccessController.java:318) ~[?:?]
	at io.netty.util.internal.PlatformDependent0.<clinit>(PlatformDependent0.java:282) ~[netty-common-4.1.82.Final.jar%2382!/:4.1.82.Final]
	at io.netty.util.internal.PlatformDependent.isAndroid(PlatformDependent.java:333) ~[netty-common-4.1.82.Final.jar%2382!/:4.1.82.Final]
	at io.netty.util.internal.PlatformDependent.<clinit>(PlatformDependent.java:88) ~[netty-common-4.1.82.Final.jar%2382!/:4.1.82.Final]
	at io.netty.util.ConstantPool.<init>(ConstantPool.java:34) ~[netty-common-4.1.82.Final.jar%2382!/:4.1.82.Final]
	at io.netty.util.AttributeKey$1.<init>(AttributeKey.java:27) ~[netty-common-4.1.82.Final.jar%2382!/:4.1.82.Final]
	at io.netty.util.AttributeKey.<clinit>(AttributeKey.java:27) ~[netty-common-4.1.82.Final.jar%2382!/:4.1.82.Final]
	at net.minecraftforge.network.NetworkConstants.<clinit>(NetworkConstants.java:34) ~[forge-1.20.1-47.3.7-universal.jar%23240!/:?]
	at net.minecraftforge.common.ForgeMod.<init>(ForgeMod.java:429) ~[forge-1.20.1-47.3.7-universal.jar%23240!/:?]
	at jdk.internal.reflect.NativeConstructorAccessorImpl.newInstance0(Native Method) ~[?:?]
	at jdk.internal.reflect.NativeConstructorAccessorImpl.newInstance(NativeConstructorAccessorImpl.java:77) ~[?:?]
	at jdk.internal.reflect.DelegatingConstructorAccessorImpl.newInstance(DelegatingConstructorAccessorImpl.java:45) ~[?:?]
	at java.lang.reflect.Constructor.newInstanceWithCaller(Constructor.java:500) ~[?:?]
	at java.lang.reflect.Constructor.newInstance(Constructor.java:481) ~[?:?]
	at net.minecraftforge.fml.javafmlmod.FMLModContainer.constructMod(FMLModContainer.java:70) ~[javafmllanguage-1.20.1-47.3.7.jar%23237!/:?]
	at net.minecraftforge.fml.ModContainer.lambda$buildTransitionHandler$4(ModContainer.java:124) ~[fmlcore-1.20.1-47.3.7.jar%23236!/:?]
	at java.util.concurrent.CompletableFuture$AsyncRun.run(CompletableFuture.java:1804) ~[?:?]
	at java.util.concurrent.CompletableFuture$AsyncRun.exec(CompletableFuture.java:1796) ~[?:?]
	at java.util.concurrent.ForkJoinTask.doExec(ForkJoinTask.java:373) ~[?:?]
	at java.util.concurrent.ForkJoinPool$WorkQueue.topLevelExec(ForkJoinPool.java:1182) ~[?:?]
	at java.util.concurrent.ForkJoinPool.scan(ForkJoinPool.java:1655) ~[?:?]
	at java.util.concurrent.ForkJoinPool.runWorker(ForkJoinPool.java:1622) ~[?:?]
	at java.util.concurrent.ForkJoinWorkerThread.run(ForkJoinWorkerThread.java:165) ~[?:?]
[05Jan2026 06:00:04.780] [modloading-worker-0/DEBUG] [io.netty.util.internal.PlatformDependent0/]: java.nio.Bits.unaligned: available, true
[05Jan2026 06:00:04.782] [modloading-worker-0/DEBUG] [net.minecraftforge.fml.javafmlmod.AutomaticEventSubscriber/LOADING]: Auto-subscribing com.github.alexthe666.iceandfire.block.IafBlockRegistry to MOD
[05Jan2026 06:00:04.782] [modloading-worker-0/DEBUG] [net.minecraftforge.fml.javafmlmod.AutomaticEventSubscriber/LOADING]: Auto-subscribing com.github.alexthe666.iceandfire.IceAndFire to FORGE
[05Jan2026 06:00:04.782] [modloading-worker-0/DEBUG] [net.minecraftforge.fml.javafmlmod.AutomaticEventSubscriber/LOADING]: Auto-subscribing com.github.alexthe666.iceandfire.CommonProxy to MOD
[05Jan2026 06:00:04.782] [modloading-worker-0/DEBUG] [io.netty.util.internal.PlatformDependent0/]: jdk.internal.misc.Unsafe.allocateUninitializedArray(int): unavailable
java.lang.IllegalAccessException: class io.netty.util.internal.PlatformDependent0$7 (in module io.netty.common) cannot access class jdk.internal.misc.Unsafe (in module java.base) because module java.base does not export jdk.internal.misc to module io.netty.common
	at jdk.internal.reflect.Reflection.newIllegalAccessException(Reflection.java:392) ~[?:?]
	at java.lang.reflect.AccessibleObject.checkAccess(AccessibleObject.java:674) ~[?:?]
	at java.lang.reflect.Method.invoke(Method.java:561) ~[?:?]
	at io.netty.util.internal.PlatformDependent0$7.run(PlatformDependent0.java:410) ~[netty-common-4.1.82.Final.jar%2382!/:4.1.82.Final]
	at java.security.AccessController.doPrivileged(AccessController.java:318) ~[?:?]
	at io.netty.util.internal.PlatformDependent0.<clinit>(PlatformDependent0.java:401) ~[netty-common-4.1.82.Final.jar%2382!/:4.1.82.Final]
	at io.netty.util.internal.PlatformDependent.isAndroid(PlatformDependent.java:333) ~[netty-common-4.1.82.Final.jar%2382!/:4.1.82.Final]
	at io.netty.util.internal.PlatformDependent.<clinit>(PlatformDependent.java:88) ~[netty-common-4.1.82.Final.jar%2382!/:4.1.82.Final]
	at io.netty.util.ConstantPool.<init>(ConstantPool.java:34) ~[netty-common-4.1.82.Final.jar%2382!/:4.1.82.Final]
	at io.netty.util.AttributeKey$1.<init>(AttributeKey.java:27) ~[netty-common-4.1.82.Final.jar%2382!/:4.1.82.Final]
	at io.netty.util.AttributeKey.<clinit>(AttributeKey.java:27) ~[netty-common-4.1.82.Final.jar%2382!/:4.1.82.Final]
	at net.minecraftforge.network.NetworkConstants.<clinit>(NetworkConstants.java:34) ~[forge-1.20.1-47.3.7-universal.jar%23240!/:?]
	at net.minecraftforge.common.ForgeMod.<init>(ForgeMod.java:429) ~[forge-1.20.1-47.3.7-universal.jar%23240!/:?]
	at jdk.internal.reflect.NativeConstructorAccessorImpl.newInstance0(Native Method) ~[?:?]
	at jdk.internal.reflect.NativeConstructorAccessorImpl.newInstance(NativeConstructorAccessorImpl.java:77) ~[?:?]
	at jdk.internal.reflect.DelegatingConstructorAccessorImpl.newInstance(DelegatingConstructorAccessorImpl.java:45) ~[?:?]
	at java.lang.reflect.Constructor.newInstanceWithCaller(Constructor.java:500) ~[?:?]
	at java.lang.reflect.Constructor.newInstance(Constructor.java:481) ~[?:?]
	at net.minecraftforge.fml.javafmlmod.FMLModContainer.constructMod(FMLModContainer.java:70) ~[javafmllanguage-1.20.1-47.3.7.jar%23237!/:?]
	at net.minecraftforge.fml.ModContainer.lambda$buildTransitionHandler$4(ModContainer.java:124) ~[fmlcore-1.20.1-47.3.7.jar%23236!/:?]
	at java.util.concurrent.CompletableFuture$AsyncRun.run(CompletableFuture.java:1804) ~[?:?]
	at java.util.concurrent.CompletableFuture$AsyncRun.exec(CompletableFuture.java:1796) ~[?:?]
	at java.util.concurrent.ForkJoinTask.doExec(ForkJoinTask.java:373) ~[?:?]
	at java.util.concurrent.ForkJoinPool$WorkQueue.topLevelExec(ForkJoinPool.java:1182) ~[?:?]
	at java.util.concurrent.ForkJoinPool.scan(ForkJoinPool.java:1655) ~[?:?]
	at java.util.concurrent.ForkJoinPool.runWorker(ForkJoinPool.java:1622) ~[?:?]
	at java.util.concurrent.ForkJoinWorkerThread.run(ForkJoinWorkerThread.java:165) ~[?:?]
[05Jan2026 06:00:04.783] [modloading-worker-0/DEBUG] [io.netty.util.internal.PlatformDependent0/]: java.nio.DirectByteBuffer.<init>(long, int): unavailable
[05Jan2026 06:00:04.783] [modloading-worker-0/DEBUG] [io.netty.util.internal.PlatformDependent/]: sun.misc.Unsafe: available
[05Jan2026 06:00:04.784] [modloading-worker-0/DEBUG] [io.netty.util.internal.PlatformDependent/]: maxDirectMemory: 12884901888 bytes (maybe)
[05Jan2026 06:00:04.784] [modloading-worker-0/DEBUG] [io.netty.util.internal.PlatformDependent/]: -Dio.netty.tmpdir: /tmp (java.io.tmpdir)
[05Jan2026 06:00:04.784] [modloading-worker-0/DEBUG] [io.netty.util.internal.PlatformDependent/]: -Dio.netty.bitMode: 64 (sun.arch.data.model)
[05Jan2026 06:00:04.785] [modloading-worker-0/DEBUG] [io.netty.util.internal.PlatformDependent/]: -Dio.netty.maxDirectMemory: -1 bytes
[05Jan2026 06:00:04.785] [modloading-worker-0/DEBUG] [io.netty.util.internal.PlatformDependent/]: -Dio.netty.uninitializedArrayAllocationThreshold: -1
[05Jan2026 06:00:04.787] [modloading-worker-0/DEBUG] [io.netty.util.internal.CleanerJava9/]: java.nio.ByteBuffer.cleaner(): available
[05Jan2026 06:00:04.787] [modloading-worker-0/DEBUG] [io.netty.util.internal.PlatformDependent/]: -Dio.netty.noPreferDirect: false
[05Jan2026 06:00:04.794] [modloading-worker-0/DEBUG] [net.minecraftforge.fml.config.ConfigTracker/CONFIG]: Config file zillagersweararmor-common.toml for zillagersweararmor tracking
[05Jan2026 06:00:04.794] [modloading-worker-0/DEBUG] [net.minecraftforge.fml.config.ConfigTracker/CONFIG]: Config file zillagersweararmor-client.toml for zillagersweararmor tracking
[05Jan2026 06:00:04.794] [modloading-worker-0/DEBUG] [net.minecraftforge.fml.javafmlmod.AutomaticEventSubscriber/LOADING]: Attempting to inject @EventBusSubscriber classes into the eventbus for zillagersweararmor
[05Jan2026 06:00:04.794] [modloading-worker-0/DEBUG] [net.minecraftforge.fml.javafmlmod.AutomaticEventSubscriber/LOADING]: Auto-subscribing tallestegg.illagersweararmor.loot_tables.IWALootTables to MOD
[05Jan2026 06:00:04.799] [modloading-worker-0/DEBUG] [net.minecraftforge.fml.javafmlmod.AutomaticEventSubscriber/LOADING]: Auto-subscribing tallestegg.illagersweararmor.IWASpawnEvents to FORGE
[05Jan2026 06:00:04.801] [modloading-worker-0/DEBUG] [net.minecraftforge.fml.javafmlmod.AutomaticEventSubscriber/LOADING]: Auto-subscribing tallestegg.illagersweararmor.IWAConfig to MOD
[05Jan2026 06:00:04.816] [modloading-worker-0/DEBUG] [net.minecraftforge.fml.config.ConfigTracker/CONFIG]: Config file morevillagers-common.toml for morevillagers tracking
[05Jan2026 06:00:04.820] [modloading-worker-0/DEBUG] [net.minecraftforge.fml.javafmlmod.AutomaticEventSubscriber/LOADING]: Attempting to inject @EventBusSubscriber classes into the eventbus for morevillagers
[05Jan2026 06:00:04.821] [modloading-worker-0/DEBUG] [net.minecraftforge.fml.javafmlmod.AutomaticEventSubscriber/LOADING]: Auto-subscribing com.samebutdifferent.morevillagers.registry.forge.MVConfigForge to FORGE
[05Jan2026 06:00:04.832] [modloading-worker-0/DEBUG] [net.minecraftforge.fml.javafmlmod.AutomaticEventSubscriber/LOADING]: Attempting to inject @EventBusSubscriber classes into the eventbus for terrablender
[05Jan2026 06:00:04.832] [modloading-worker-0/DEBUG] [net.minecraftforge.fml.javafmlmod.AutomaticEventSubscriber/LOADING]: Auto-subscribing terrablender.handler.InitializationHandler to FORGE
[05Jan2026 06:00:04.835] [modloading-worker-0/DEBUG] [net.minecraftforge.common.ForgeMod/FORGEMOD]: Loading Network data for FML net version: FML3
[05Jan2026 06:00:04.856] [modloading-worker-0/DEBUG] [net.minecraftforge.fml.config.ConfigTracker/CONFIG]: Config file dungeonnowloading-server.toml for dungeonnowloading tracking
[05Jan2026 06:00:04.856] [modloading-worker-0/DEBUG] [net.minecraftforge.fml.ModLoadingContext/]: Attempted to register an empty config for type CLIENT on mod dungeonnowloading
[05Jan2026 06:00:04.859] [modloading-worker-0/INFO] [Dungeon Now Loading/]: Hello Forge world!
[05Jan2026 06:00:04.860] [modloading-worker-0/DEBUG] [net.minecraftforge.fml.javafmlmod.AutomaticEventSubscriber/LOADING]: Attempting to inject @EventBusSubscriber classes into the eventbus for dungeonnowloading
[05Jan2026 06:00:04.860] [modloading-worker-0/DEBUG] [net.minecraftforge.fml.config.ConfigTracker/CONFIG]: Config file forge-client.toml for forge tracking
[05Jan2026 06:00:04.860] [modloading-worker-0/DEBUG] [net.minecraftforge.fml.config.ConfigTracker/CONFIG]: Config file forge-server.toml for forge tracking
[05Jan2026 06:00:04.860] [modloading-worker-0/DEBUG] [net.minecraftforge.fml.javafmlmod.AutomaticEventSubscriber/LOADING]: Auto-subscribing dev.hexnowloading.dungeonnowloading.server.DNLForgeEntityEvents to FORGE
[05Jan2026 06:00:04.860] [modloading-worker-0/DEBUG] [net.minecraftforge.fml.ModLoadingContext/]: Attempted to register an empty config for type COMMON on mod forge
[05Jan2026 06:00:04.864] [modloading-worker-0/DEBUG] [net.minecraftforge.fml.javafmlmod.AutomaticEventSubscriber/LOADING]: Auto-subscribing dev.hexnowloading.dungeonnowloading.server.DNLForgeBlockEvents to FORGE
[05Jan2026 06:00:04.865] [modloading-worker-0/DEBUG] [net.minecraftforge.fml.javafmlmod.AutomaticEventSubscriber/LOADING]: Auto-subscribing dev.hexnowloading.dungeonnowloading.server.CommonEventsForge to FORGE
[05Jan2026 06:00:04.868] [modloading-worker-0/DEBUG] [net.minecraftforge.fml.javafmlmod.AutomaticEventSubscriber/LOADING]: Auto-subscribing dev.hexnowloading.dungeonnowloading.platform.ForgeLootHelper to FORGE
[05Jan2026 06:00:04.873] [modloading-worker-0/DEBUG] [net.minecraftforge.fml.javafmlmod.AutomaticEventSubscriber/LOADING]: Auto-subscribing dev.hexnowloading.dungeonnowloading.datagen.DNLForgeDataGenerators to MOD
[05Jan2026 06:00:04.880] [modloading-worker-0/DEBUG] [net.minecraftforge.fml.config.ConfigTracker/CONFIG]: Config file bloodandmadness-common.toml for bloodandmadness tracking
[05Jan2026 06:00:04.893] [modloading-worker-0/DEBUG] [net.minecraftforge.fml.javafmlmod.AutomaticEventSubscriber/LOADING]: Attempting to inject @EventBusSubscriber classes into the eventbus for forge
[05Jan2026 06:00:04.897] [modloading-worker-0/DEBUG] [net.minecraftforge.fml.javafmlmod.AutomaticEventSubscriber/LOADING]: Auto-subscribing net.minecraftforge.common.ForgeSpawnEggItem$CommonHandler to MOD
[05Jan2026 06:00:04.943] [modloading-worker-0/DEBUG] [creativecore/]: Created network creativecore:main
[05Jan2026 06:00:04.947] [modloading-worker-0/DEBUG] [net.minecraftforge.fml.javafmlmod.AutomaticEventSubscriber/LOADING]: Attempting to inject @EventBusSubscriber classes into the eventbus for ambientsounds
[05Jan2026 06:00:04.947] [modloading-worker-0/DEBUG] [net.minecraftforge.fml.javafmlmod.AutomaticEventSubscriber/LOADING]: Attempting to inject @EventBusSubscriber classes into the eventbus for taxcp
[05Jan2026 06:00:04.959] [modloading-worker-0/DEBUG] [net.minecraftforge.fml.config.ConfigTracker/CONFIG]: Config file biomesoplenty/generation.toml for biomesoplenty tracking
[05Jan2026 06:00:04.967] [modloading-worker-0/DEBUG] [net.minecraftforge.fml.javafmlmod.AutomaticEventSubscriber/LOADING]: Attempting to inject @EventBusSubscriber classes into the eventbus for bloodandmadness
[05Jan2026 06:00:04.967] [modloading-worker-0/DEBUG] [net.minecraftforge.fml.javafmlmod.AutomaticEventSubscriber/LOADING]: Auto-subscribing com.nitespring.bloodborne.core.init.CourtOfAzathoth to FORGE
[05Jan2026 06:00:04.967] [modloading-worker-0/DEBUG] [net.minecraftforge.fml.javafmlmod.AutomaticEventSubscriber/LOADING]: Auto-subscribing com.nitespring.bloodborne.core.events.EntityAttributes to MOD
[05Jan2026 06:00:04.968] [modloading-worker-0/DEBUG] [net.minecraftforge.fml.javafmlmod.AutomaticEventSubscriber/LOADING]: Auto-subscribing com.nitespring.bloodborne.core.events.DamageEvents to FORGE
[05Jan2026 06:00:04.970] [modloading-worker-0/DEBUG] [net.minecraftforge.fml.javafmlmod.AutomaticEventSubscriber/LOADING]: Auto-subscribing com.nitespring.bloodborne.core.events.CreativeTabsRegistration to MOD
[05Jan2026 06:00:04.971] [modloading-worker-0/DEBUG] [net.minecraftforge.fml.javafmlmod.AutomaticEventSubscriber/LOADING]: Auto-subscribing com.nitespring.bloodborne.config.Config to FORGE
[05Jan2026 06:00:04.972] [modloading-worker-0/DEBUG] [net.minecraftforge.fml.javafmlmod.AutomaticEventSubscriber/LOADING]: Auto-subscribing com.nitespring.bloodborne.EntitySpawnRegistration to MOD
[05Jan2026 06:00:04.975] [modloading-worker-0/DEBUG] [net.minecraftforge.fml.javafmlmod.AutomaticEventSubscriber/LOADING]: Auto-subscribing com.nitespring.bloodborne.BloodborneMod$RegistryEvents to MOD
[05Jan2026 06:00:04.979] [modloading-worker-0/DEBUG] [net.minecraftforge.fml.config.ConfigTracker/CONFIG]: Config file endrem.toml for endrem tracking
[05Jan2026 06:00:04.998] [modloading-worker-0/DEBUG] [net.minecraftforge.fml.javafmlmod.AutomaticEventSubscriber/LOADING]: Attempting to inject @EventBusSubscriber classes into the eventbus for endrem
[05Jan2026 06:00:04.998] [modloading-worker-0/DEBUG] [net.minecraftforge.fml.javafmlmod.AutomaticEventSubscriber/LOADING]: Auto-subscribing com.teamremastered.endrem.registers.RegisterHandler to MOD
[05Jan2026 06:00:05.002] [modloading-worker-0/DEBUG] [net.minecraftforge.fml.javafmlmod.AutomaticEventSubscriber/LOADING]: Auto-subscribing com.teamremastered.endrem.events.ModEvents to FORGE
[05Jan2026 06:00:05.004] [modloading-worker-0/DEBUG] [net.minecraftforge.fml.javafmlmod.AutomaticEventSubscriber/LOADING]: Attempting to inject @EventBusSubscriber classes into the eventbus for justenoughbreeding
[05Jan2026 06:00:05.004] [modloading-worker-0/DEBUG] [net.minecraftforge.fml.javafmlmod.AutomaticEventSubscriber/LOADING]: Attempting to inject @EventBusSubscriber classes into the eventbus for hoporp
[05Jan2026 06:00:05.005] [modloading-worker-0/INFO] [com.teamdurt.netherdungeons.NetherDungeons/]: Nether Dungeons mod init finished.
[05Jan2026 06:00:05.005] [modloading-worker-0/DEBUG] [net.minecraftforge.fml.javafmlmod.AutomaticEventSubscriber/LOADING]: Attempting to inject @EventBusSubscriber classes into the eventbus for netherdungeons
[05Jan2026 06:00:05.005] [modloading-worker-0/DEBUG] [net.minecraftforge.fml.javafmlmod.AutomaticEventSubscriber/LOADING]: Auto-subscribing com.teamdurt.netherdungeons.init.NDCreativeModeTab to MOD
[05Jan2026 06:00:05.005] [modloading-worker-0/DEBUG] [net.minecraftforge.fml.javafmlmod.AutomaticEventSubscriber/LOADING]: Auto-subscribing com.teamdurt.netherdungeons.event.NDEventsHandler to FORGE
[05Jan2026 06:00:05.012] [modloading-worker-0/DEBUG] [net.minecraftforge.fml.javafmlmod.AutomaticEventSubscriber/LOADING]: Auto-subscribing com.teamdurt.netherdungeons.event.NDEventBusEvents to MOD
[05Jan2026 06:00:05.013] [modloading-worker-0/DEBUG] [net.minecraftforge.fml.javafmlmod.AutomaticEventSubscriber/LOADING]: Auto-subscribing com.teamdurt.netherdungeons.datagen.DataGenerators to MOD
[05Jan2026 06:00:05.020] [modloading-worker-0/DEBUG] [net.minecraftforge.fml.javafmlmod.AutomaticEventSubscriber/LOADING]: Auto-subscribing com.teamdurt.netherdungeons.NetherDungeons$ClientModeEvents to MOD
[05Jan2026 06:00:05.016] [modloading-worker-0/DEBUG] [net.minecraftforge.fml.javafmlmod.AutomaticEventSubscriber/LOADING]: Attempting to inject @EventBusSubscriber classes into the eventbus for creativecore
[05Jan2026 06:00:05.177] [modloading-worker-0/DEBUG] [net.minecraftforge.fml.javafmlmod.AutomaticEventSubscriber/LOADING]: Attempting to inject @EventBusSubscriber classes into the eventbus for iter_rpg
[05Jan2026 06:00:05.177] [modloading-worker-0/DEBUG] [net.minecraftforge.fml.javafmlmod.AutomaticEventSubscriber/LOADING]: Auto-subscribing net.thirdlife.iterrpg.world.features.StructureFeature to FORGE
[05Jan2026 06:00:05.177] [modloading-worker-0/DEBUG] [net.minecraftforge.fml.javafmlmod.AutomaticEventSubscriber/LOADING]: Auto-subscribing net.thirdlife.iterrpg.recipes.brewing.WarpedGooRecipeBrewingRecipe to MOD
[05Jan2026 06:00:05.182] [modloading-worker-0/DEBUG] [net.minecraftforge.fml.javafmlmod.AutomaticEventSubscriber/LOADING]: Auto-subscribing net.thirdlife.iterrpg.recipes.brewing.EtherbloomDecoctionCraftBrewingRecipe to MOD
[05Jan2026 06:00:05.183] [modloading-worker-0/DEBUG] [net.minecraftforge.fml.javafmlmod.AutomaticEventSubscriber/LOADING]: Auto-subscribing net.thirdlife.iterrpg.procedures.WorldLoadConditionCheckProcedure to FORGE
[05Jan2026 06:00:05.184] [modloading-worker-0/DEBUG] [net.minecraftforge.fml.javafmlmod.AutomaticEventSubscriber/LOADING]: Auto-subscribing net.thirdlife.iterrpg.procedures.WitchmudGolemSpawnProcedure to FORGE
[05Jan2026 06:00:05.191] [modloading-worker-0/DEBUG] [net.minecraftforge.fml.javafmlmod.AutomaticEventSubscriber/LOADING]: Auto-subscribing net.thirdlife.iterrpg.procedures.WitchmudConvertProcedure to FORGE
[05Jan2026 06:00:05.192] [modloading-worker-0/DEBUG] [net.minecraftforge.fml.javafmlmod.AutomaticEventSubscriber/LOADING]: Auto-subscribing net.thirdlife.iterrpg.procedures.SpellDropProcedure to FORGE
[05Jan2026 06:00:05.194] [modloading-worker-0/DEBUG] [net.minecraftforge.fml.javafmlmod.AutomaticEventSubscriber/LOADING]: Auto-subscribing net.thirdlife.iterrpg.procedures.SolsticeFailProcedure to FORGE
[05Jan2026 06:00:05.195] [modloading-worker-0/DEBUG] [net.minecraftforge.fml.javafmlmod.AutomaticEventSubscriber/LOADING]: Auto-subscribing net.thirdlife.iterrpg.procedures.SacredLogStripeProcedure to FORGE
[05Jan2026 06:00:05.196] [modloading-worker-0/DEBUG] [net.minecraftforge.fml.javafmlmod.AutomaticEventSubscriber/LOADING]: Auto-subscribing net.thirdlife.iterrpg.procedures.PlayerManaProcedure to FORGE
[05Jan2026 06:00:05.197] [modloading-worker-0/DEBUG] [net.minecraftforge.fml.javafmlmod.AutomaticEventSubscriber/LOADING]: Auto-subscribing net.thirdlife.iterrpg.procedures.PeeperSuicideProcedure to FORGE
[05Jan2026 06:00:05.198] [modloading-worker-0/DEBUG] [net.minecraftforge.fml.javafmlmod.AutomaticEventSubscriber/LOADING]: Auto-subscribing net.thirdlife.iterrpg.procedures.MobDeathDropProcedure to FORGE
[05Jan2026 06:00:05.199] [modloading-worker-0/DEBUG] [net.minecraftforge.fml.javafmlmod.AutomaticEventSubscriber/LOADING]: Auto-subscribing net.thirdlife.iterrpg.procedures.MeleeCooldownProcedure to FORGE
[05Jan2026 06:00:05.200] [modloading-worker-0/DEBUG] [net.minecraftforge.fml.javafmlmod.AutomaticEventSubscriber/LOADING]: Auto-subscribing net.thirdlife.iterrpg.procedures.MagmanumArmorVileProcedure to FORGE
[05Jan2026 06:00:05.201] [modloading-worker-0/DEBUG] [net.minecraftforge.fml.javafmlmod.AutomaticEventSubscriber/LOADING]: Auto-subscribing net.thirdlife.iterrpg.procedures.MageStatusReturnProcedure to FORGE
[05Jan2026 06:00:05.202] [modloading-worker-0/DEBUG] [net.minecraftforge.fml.javafmlmod.AutomaticEventSubscriber/LOADING]: Auto-subscribing net.thirdlife.iterrpg.procedures.IterRootAdvProcedure to FORGE
[05Jan2026 06:00:05.206] [modloading-worker-0/DEBUG] [net.minecraftforge.fml.javafmlmod.AutomaticEventSubscriber/LOADING]: Auto-subscribing net.thirdlife.iterrpg.procedures.InsatiableSummonProcedure to FORGE
[05Jan2026 06:00:05.207] [modloading-worker-0/DEBUG] [net.minecraftforge.fml.javafmlmod.AutomaticEventSubscriber/LOADING]: Auto-subscribing net.thirdlife.iterrpg.procedures.HumieButcherBonusDamageProcedure to FORGE
[05Jan2026 06:00:05.208] [modloading-worker-0/DEBUG] [net.minecraftforge.fml.javafmlmod.AutomaticEventSubscriber/LOADING]: Auto-subscribing net.thirdlife.iterrpg.procedures.GeodeDropProcedure to FORGE
[05Jan2026 06:00:05.209] [modloading-worker-0/DEBUG] [net.minecraftforge.fml.javafmlmod.AutomaticEventSubscriber/LOADING]: Auto-subscribing net.thirdlife.iterrpg.procedures.FragmentDropProcedure to FORGE
[05Jan2026 06:00:05.211] [modloading-worker-0/DEBUG] [net.minecraftforge.fml.javafmlmod.AutomaticEventSubscriber/LOADING]: Auto-subscribing net.thirdlife.iterrpg.procedures.FiendHitProcedure to FORGE
[05Jan2026 06:00:05.212] [modloading-worker-0/DEBUG] [net.minecraftforge.fml.javafmlmod.AutomaticEventSubscriber/LOADING]: Auto-subscribing net.thirdlife.iterrpg.procedures.ExorcistGiveProcedure to FORGE
[05Jan2026 06:00:05.214] [modloading-worker-0/DEBUG] [net.minecraftforge.fml.javafmlmod.AutomaticEventSubscriber/LOADING]: Auto-subscribing net.thirdlife.iterrpg.procedures.ElementalFragmentDropProcedure to FORGE
[05Jan2026 06:00:05.215] [modloading-worker-0/DEBUG] [net.minecraftforge.fml.javafmlmod.AutomaticEventSubscriber/LOADING]: Auto-subscribing net.thirdlife.iterrpg.procedures.CursedVileProcedure to FORGE
[05Jan2026 06:00:05.216] [modloading-worker-0/DEBUG] [net.minecraftforge.fml.javafmlmod.AutomaticEventSubscriber/LOADING]: Auto-subscribing net.thirdlife.iterrpg.procedures.CoinPilePutCoinProcedure to FORGE
[05Jan2026 06:00:05.217] [modloading-worker-0/DEBUG] [net.minecraftforge.fml.javafmlmod.AutomaticEventSubscriber/LOADING]: Auto-subscribing net.thirdlife.iterrpg.procedures.CoinDropProcedure to FORGE
[05Jan2026 06:00:05.218] [modloading-worker-0/DEBUG] [net.minecraftforge.fml.javafmlmod.AutomaticEventSubscriber/LOADING]: Auto-subscribing net.thirdlife.iterrpg.procedures.ChainedMobTickProcedure to FORGE
[05Jan2026 06:00:05.219] [modloading-worker-0/DEBUG] [net.minecraftforge.fml.javafmlmod.AutomaticEventSubscriber/LOADING]: Auto-subscribing net.thirdlife.iterrpg.procedures.CarcassReturnInjuredProcedure to FORGE
[05Jan2026 06:00:05.222] [modloading-worker-0/DEBUG] [net.minecraftforge.fml.javafmlmod.AutomaticEventSubscriber/LOADING]: Auto-subscribing net.thirdlife.iterrpg.procedures.CarcassReturnArmoredProcedure to FORGE
[05Jan2026 06:00:05.223] [modloading-worker-0/DEBUG] [net.minecraftforge.fml.javafmlmod.AutomaticEventSubscriber/LOADING]: Auto-subscribing net.thirdlife.iterrpg.procedures.CarcassArmorBreakProcedure to FORGE
[05Jan2026 06:00:05.224] [modloading-worker-0/DEBUG] [net.minecraftforge.fml.javafmlmod.AutomaticEventSubscriber/LOADING]: Auto-subscribing net.thirdlife.iterrpg.procedures.CalibratedLensRegisterDealtProcedure to FORGE
[05Jan2026 06:00:05.225] [modloading-worker-0/DEBUG] [net.minecraftforge.fml.javafmlmod.AutomaticEventSubscriber/LOADING]: Auto-subscribing net.thirdlife.iterrpg.procedures.BloodthirstKillProcedure to FORGE
[05Jan2026 06:00:05.227] [modloading-worker-0/DEBUG] [net.minecraftforge.fml.javafmlmod.AutomaticEventSubscriber/LOADING]: Auto-subscribing net.thirdlife.iterrpg.procedures.BlightedBladeAttackProcedure to FORGE
[05Jan2026 06:00:05.228] [modloading-worker-0/DEBUG] [net.minecraftforge.fml.javafmlmod.AutomaticEventSubscriber/LOADING]: Auto-subscribing net.thirdlife.iterrpg.procedures.AttributeCalculateProcedure to FORGE
[05Jan2026 06:00:05.229] [modloading-worker-0/DEBUG] [net.minecraftforge.fml.javafmlmod.AutomaticEventSubscriber/LOADING]: Auto-subscribing net.thirdlife.iterrpg.procedures.ArmorCooldownProcedure to FORGE
[05Jan2026 06:00:05.234] [modloading-worker-0/DEBUG] [net.minecraftforge.fml.javafmlmod.AutomaticEventSubscriber/LOADING]: Auto-subscribing net.thirdlife.iterrpg.network.VoidMawGuiButtonMessage to MOD
[05Jan2026 06:00:05.235] [modloading-worker-0/DEBUG] [net.minecraftforge.fml.javafmlmod.AutomaticEventSubscriber/LOADING]: Auto-subscribing net.thirdlife.iterrpg.network.SpellScrollFMessage to MOD
[05Jan2026 06:00:05.236] [modloading-worker-0/DEBUG] [net.minecraftforge.fml.javafmlmod.AutomaticEventSubscriber/LOADING]: Auto-subscribing net.thirdlife.iterrpg.network.SpellScrollBMessage to MOD
[05Jan2026 06:00:05.240] [modloading-worker-0/DEBUG] [net.minecraftforge.fml.javafmlmod.AutomaticEventSubscriber/LOADING]: Auto-subscribing net.thirdlife.iterrpg.network.SetBonusToggleKeyMessage to MOD
[05Jan2026 06:00:05.241] [modloading-worker-0/DEBUG] [net.minecraftforge.fml.javafmlmod.AutomaticEventSubscriber/LOADING]: Auto-subscribing net.thirdlife.iterrpg.network.MobPlacerGUIButtonMessage to MOD
[05Jan2026 06:00:05.242] [modloading-worker-0/DEBUG] [net.minecraftforge.fml.javafmlmod.AutomaticEventSubscriber/LOADING]: Auto-subscribing net.thirdlife.iterrpg.network.JumpKeybindMessage to MOD
[05Jan2026 06:00:05.243] [modloading-worker-0/DEBUG] [net.minecraftforge.fml.javafmlmod.AutomaticEventSubscriber/LOADING]: Auto-subscribing net.thirdlife.iterrpg.network.IterRpgModVariables to MOD
[05Jan2026 06:00:05.244] [modloading-worker-0/DEBUG] [net.minecraftforge.fml.javafmlmod.AutomaticEventSubscriber/LOADING]: Auto-subscribing net.thirdlife.iterrpg.network.IterRpgModVariables$PlayerVariablesProvider to FORGE
[05Jan2026 06:00:05.245] [modloading-worker-0/DEBUG] [net.minecraftforge.fml.javafmlmod.AutomaticEventSubscriber/LOADING]: Auto-subscribing net.thirdlife.iterrpg.network.IterRpgModVariables$EventBusVariableHandlers to FORGE
[05Jan2026 06:00:05.252] [modloading-worker-0/DEBUG] [net.minecraftforge.fml.javafmlmod.AutomaticEventSubscriber/LOADING]: Auto-subscribing net.thirdlife.iterrpg.network.ElementalArmorModeSwitchGuiButtonMessage to MOD
[05Jan2026 06:00:05.257] [modloading-worker-0/DEBUG] [net.minecraftforge.fml.javafmlmod.AutomaticEventSubscriber/LOADING]: Auto-subscribing net.thirdlife.iterrpg.network.ArcanistTableGuiButtonMessage to MOD
[05Jan2026 06:00:05.258] [modloading-worker-0/DEBUG] [net.minecraftforge.fml.javafmlmod.AutomaticEventSubscriber/LOADING]: Auto-subscribing net.thirdlife.iterrpg.init.IterRpgModTrades to FORGE
[05Jan2026 06:00:05.259] [modloading-worker-0/DEBUG] [net.minecraftforge.fml.javafmlmod.AutomaticEventSubscriber/LOADING]: Auto-subscribing net.thirdlife.iterrpg.init.IterRpgModTabs to MOD
[05Jan2026 06:00:05.260] [modloading-worker-0/DEBUG] [net.minecraftforge.fml.javafmlmod.AutomaticEventSubscriber/LOADING]: Auto-subscribing net.thirdlife.iterrpg.init.IterRpgModGameRules to MOD
[05Jan2026 06:00:05.279] [modloading-worker-0/DEBUG] [net.minecraftforge.fml.javafmlmod.AutomaticEventSubscriber/LOADING]: Auto-subscribing net.thirdlife.iterrpg.init.IterRpgModFuels to FORGE
[05Jan2026 06:00:05.283] [modloading-worker-0/DEBUG] [net.minecraftforge.fml.javafmlmod.AutomaticEventSubscriber/LOADING]: Auto-subscribing net.thirdlife.iterrpg.init.IterRpgModFeatures to FORGE
[05Jan2026 06:00:05.283] [modloading-worker-0/DEBUG] [net.minecraftforge.fml.javafmlmod.AutomaticEventSubscriber/LOADING]: Auto-subscribing net.thirdlife.iterrpg.init.IterRpgModEntities to MOD
[05Jan2026 06:00:05.284] [modloading-worker-0/DEBUG] [net.minecraftforge.fml.javafmlmod.AutomaticEventSubscriber/LOADING]: Auto-subscribing net.thirdlife.iterrpg.init.IterRpgModCuriosSlots to MOD
[05Jan2026 06:00:05.285] [modloading-worker-0/DEBUG] [net.minecraftforge.fml.javafmlmod.AutomaticEventSubscriber/LOADING]: Auto-subscribing net.thirdlife.iterrpg.init.IterRpgModCuriosRenderers to MOD
[05Jan2026 06:00:05.288] [modloading-worker-0/DEBUG] [net.minecraftforge.fml.javafmlmod.AutomaticEventSubscriber/LOADING]: Auto-subscribing net.thirdlife.iterrpg.init.IterRpgModConfigs to MOD
[05Jan2026 06:00:05.289] [modloading-worker-0/DEBUG] [net.minecraftforge.fml.javafmlmod.AutomaticEventSubscriber/LOADING]: Auto-subscribing net.thirdlife.iterrpg.init.IterRpgModCompostableItems to MOD
[05Jan2026 06:00:05.289] [modloading-worker-0/DEBUG] [net.minecraftforge.fml.javafmlmod.AutomaticEventSubscriber/LOADING]: Auto-subscribing net.thirdlife.iterrpg.init.IterRpgModAttributes to MOD
[05Jan2026 06:00:05.294] [modloading-worker-0/DEBUG] [net.minecraftforge.fml.javafmlmod.AutomaticEventSubscriber/LOADING]: Auto-subscribing net.thirdlife.iterrpg.init.IterRpgModAttributes$Utils to FORGE
[05Jan2026 06:00:05.295] [modloading-worker-0/DEBUG] [net.minecraftforge.fml.javafmlmod.AutomaticEventSubscriber/LOADING]: Auto-subscribing net.thirdlife.iterrpg.init.EntityAnimationFactory to FORGE
[05Jan2026 06:00:05.296] [modloading-worker-0/DEBUG] [net.minecraftforge.fml.javafmlmod.AutomaticEventSubscriber/LOADING]: Auto-subscribing net.thirdlife.iterrpg.command.ElementsResetCommandCommand to FORGE
[05Jan2026 06:00:05.310] [modloading-worker-0/DEBUG] [net.minecraftforge.fml.javafmlmod.AutomaticEventSubscriber/LOADING]: Attempting to inject @EventBusSubscriber classes into the eventbus for lionfishapi
[05Jan2026 06:00:05.310] [modloading-worker-0/DEBUG] [net.minecraftforge.fml.javafmlmod.AutomaticEventSubscriber/LOADING]: Auto-subscribing com.github.L_Ender.lionfishapi.server.entity.ModEntities to MOD
[05Jan2026 06:00:05.311] [modloading-worker-0/DEBUG] [net.minecraftforge.fml.javafmlmod.AutomaticEventSubscriber/LOADING]: Auto-subscribing com.github.L_Ender.lionfishapi.LionfishAPI to FORGE
[05Jan2026 06:00:05.311] [modloading-worker-0/DEBUG] [net.minecraftforge.fml.javafmlmod.AutomaticEventSubscriber/LOADING]: Auto-subscribing com.github.L_Ender.lionfishapi.CommonProxy to MOD
[05Jan2026 06:00:05.316] [modloading-worker-0/DEBUG] [net.minecraftforge.fml.config.ConfigTracker/CONFIG]: Config file philips-ruins-common-configs.toml for philipsruins tracking
[05Jan2026 06:00:05.328] [modloading-worker-0/DEBUG] [net.minecraftforge.fml.javafmlmod.AutomaticEventSubscriber/LOADING]: Attempting to inject @EventBusSubscriber classes into the eventbus for philipsruins
[05Jan2026 06:00:05.328] [modloading-worker-0/DEBUG] [net.minecraftforge.fml.javafmlmod.AutomaticEventSubscriber/LOADING]: Auto-subscribing com.philip.philipsruins.events.ModEvents to FORGE
[05Jan2026 06:00:05.330] [modloading-worker-0/DEBUG] [net.minecraftforge.fml.javafmlmod.AutomaticEventSubscriber/LOADING]: Auto-subscribing com.philip.philipsruins.events.ModEvents$ForgeModLoadingEvents to FORGE
[05Jan2026 06:00:05.342] [modloading-worker-0/DEBUG] [net.minecraftforge.fml.config.ConfigTracker/CONFIG]: Config file cataclysm.toml for cataclysm tracking
[05Jan2026 06:00:05.397] [modloading-worker-0/DEBUG] [net.minecraftforge.fml.javafmlmod.AutomaticEventSubscriber/LOADING]: Attempting to inject @EventBusSubscriber classes into the eventbus for biomesoplenty
[05Jan2026 06:00:05.397] [modloading-worker-0/DEBUG] [net.minecraftforge.fml.javafmlmod.AutomaticEventSubscriber/LOADING]: Auto-subscribing biomesoplenty.init.ModVillagerTrades to FORGE
[05Jan2026 06:00:05.398] [modloading-worker-0/DEBUG] [net.minecraftforge.fml.javafmlmod.AutomaticEventSubscriber/LOADING]: Auto-subscribing biomesoplenty.common.datagen.DataGenerationHandler to MOD
[05Jan2026 06:00:05.407] [modloading-worker-0/DEBUG] [net.minecraftforge.fml.javafmlmod.AutomaticEventSubscriber/LOADING]: Auto-subscribing biomesoplenty.common.util.biome.BiomeUtil to FORGE
[05Jan2026 06:00:05.419] [modloading-worker-0/DEBUG] [net.minecraftforge.fml.config.ConfigTracker/CONFIG]: Config file curios-client.toml for curios tracking
[05Jan2026 06:00:05.421] [modloading-worker-0/DEBUG] [net.minecraftforge.fml.config.ConfigTracker/CONFIG]: Config file forbidden_arcanus-client.toml for forbidden_arcanus tracking
[05Jan2026 06:00:05.422] [modloading-worker-0/DEBUG] [net.minecraftforge.fml.config.ConfigTracker/CONFIG]: Config file forbidden_arcanus-common.toml for forbidden_arcanus tracking
[05Jan2026 06:00:05.422] [modloading-worker-0/DEBUG] [net.minecraftforge.fml.javafmlmod.AutomaticEventSubscriber/LOADING]: Attempting to inject @EventBusSubscriber classes into the eventbus for forbidden_arcanus
[05Jan2026 06:00:05.422] [modloading-worker-0/DEBUG] [net.minecraftforge.fml.javafmlmod.AutomaticEventSubscriber/LOADING]: Auto-subscribing com.stal111.forbidden_arcanus.event.TickListener to FORGE
[05Jan2026 06:00:05.427] [modloading-worker-0/DEBUG] [net.minecraftforge.fml.javafmlmod.AutomaticEventSubscriber/LOADING]: Auto-subscribing com.stal111.forbidden_arcanus.event.BabyEntitySpawnListener to FORGE
[05Jan2026 06:00:05.428] [modloading-worker-0/DEBUG] [net.minecraftforge.fml.config.ConfigTracker/CONFIG]: Config file curios-common.toml for curios tracking
[05Jan2026 06:00:05.428] [modloading-worker-0/DEBUG] [net.minecraftforge.fml.config.ConfigTracker/CONFIG]: Config file curios-server.toml for curios tracking
[05Jan2026 06:00:05.428] [modloading-worker-0/DEBUG] [net.minecraftforge.fml.javafmlmod.AutomaticEventSubscriber/LOADING]: Attempting to inject @EventBusSubscriber classes into the eventbus for curios
[05Jan2026 06:00:05.428] [modloading-worker-0/DEBUG] [net.minecraftforge.fml.javafmlmod.AutomaticEventSubscriber/LOADING]: Auto-subscribing com.stal111.forbidden_arcanus.event.AttachCapabilitiesListener to FORGE
[05Jan2026 06:00:05.429] [modloading-worker-0/INFO] [Spartan Shields/]: Constructing Mod: Spartan Shields
[05Jan2026 06:00:05.430] [modloading-worker-0/DEBUG] [net.minecraftforge.fml.javafmlmod.AutomaticEventSubscriber/LOADING]: Auto-subscribing com.stal111.forbidden_arcanus.data.DataGenerators to MOD
[05Jan2026 06:00:05.431] [modloading-worker-0/DEBUG] [net.minecraftforge.fml.javafmlmod.AutomaticEventSubscriber/LOADING]: Auto-subscribing com.stal111.forbidden_arcanus.core.init.ModItems to MOD
[05Jan2026 06:00:05.432] [modloading-worker-0/DEBUG] [net.minecraftforge.fml.javafmlmod.AutomaticEventSubscriber/LOADING]: Auto-subscribing com.stal111.forbidden_arcanus.core.config.Config to FORGE
[05Jan2026 06:00:05.432] [modloading-worker-0/DEBUG] [net.minecraftforge.fml.javafmlmod.AutomaticEventSubscriber/LOADING]: Auto-subscribing com.stal111.forbidden_arcanus.common.event.PlayerEvents to FORGE
[05Jan2026 06:00:05.440] [modloading-worker-0/DEBUG] [net.minecraftforge.fml.javafmlmod.AutomaticEventSubscriber/LOADING]: Auto-subscribing com.stal111.forbidden_arcanus.common.event.EntityEvents to FORGE
[05Jan2026 06:00:05.441] [modloading-worker-0/DEBUG] [net.minecraftforge.fml.javafmlmod.AutomaticEventSubscriber/LOADING]: Auto-subscribing com.stal111.forbidden_arcanus.common.event.DatapackEvents to FORGE
[05Jan2026 06:00:05.444] [modloading-worker-0/DEBUG] [net.minecraftforge.fml.javafmlmod.AutomaticEventSubscriber/LOADING]: Auto-subscribing com.stal111.forbidden_arcanus.common.event.CapabilityEvents to MOD
[05Jan2026 06:00:05.444] [modloading-worker-0/DEBUG] [net.minecraftforge.fml.javafmlmod.AutomaticEventSubscriber/LOADING]: Auto-subscribing com.stal111.forbidden_arcanus.common.event.BlockEvents to FORGE
[05Jan2026 06:00:05.445] [modloading-worker-0/DEBUG] [net.minecraftforge.fml.javafmlmod.AutomaticEventSubscriber/LOADING]: Auto-subscribing com.stal111.forbidden_arcanus.common.CommonSetup to MOD
[05Jan2026 06:00:05.449] [modloading-worker-0/DEBUG] [net.minecraftforge.fml.javafmlmod.AutomaticEventSubscriber/LOADING]: Auto-subscribing com.stal111.forbidden_arcanus.client.event.ClientPlayerEvents to FORGE
[05Jan2026 06:00:05.478] [modloading-worker-0/DEBUG] [net.minecraftforge.fml.javafmlmod.AutomaticEventSubscriber/LOADING]: Attempting to inject @EventBusSubscriber classes into the eventbus for brutalbosses
[05Jan2026 06:00:05.484] [modloading-worker-0/DEBUG] [net.minecraftforge.fml.config.ConfigTracker/CONFIG]: Config file spartanshields-common.toml for spartanshields tracking
[05Jan2026 06:00:05.484] [modloading-worker-0/DEBUG] [net.minecraftforge.fml.javafmlmod.AutomaticEventSubscriber/LOADING]: Attempting to inject @EventBusSubscriber classes into the eventbus for spartanshields
[05Jan2026 06:00:05.485] [modloading-worker-0/DEBUG] [net.minecraftforge.fml.javafmlmod.AutomaticEventSubscriber/LOADING]: Auto-subscribing com.oblivioussp.spartanshields.event.DataGenEventHandler to MOD
[05Jan2026 06:00:05.485] [modloading-worker-0/DEBUG] [net.minecraftforge.fml.javafmlmod.AutomaticEventSubscriber/LOADING]: Auto-subscribing com.oblivioussp.spartanshields.event.CommonEventHandler to FORGE
[05Jan2026 06:00:05.486] [modloading-worker-0/DEBUG] [net.minecraftforge.fml.javafmlmod.AutomaticEventSubscriber/LOADING]: Auto-subscribing com.oblivioussp.spartanshields.config.Config to MOD
[05Jan2026 06:00:05.491] [modloading-worker-0/DEBUG] [net.minecraftforge.fml.javafmlmod.AutomaticEventSubscriber/LOADING]: Attempting to inject @EventBusSubscriber classes into the eventbus for cerbons_api
[05Jan2026 06:00:05.491] [modloading-worker-0/DEBUG] [net.minecraftforge.fml.javafmlmod.AutomaticEventSubscriber/LOADING]: Auto-subscribing com.cerbon.cerbons_api.event.ForgeEvents to FORGE
[05Jan2026 06:00:05.497] [modloading-worker-0/DEBUG] [net.minecraftforge.fml.javafmlmod.AutomaticEventSubscriber/LOADING]: Auto-subscribing com.cerbon.cerbons_api.event.CerbonsApiCommonEvents to MOD
[05Jan2026 06:00:05.502] [modloading-worker-0/DEBUG] [net.minecraftforge.fml.config.ConfigTracker/CONFIG]: Config file gravestone-server.toml for gravestone tracking
[05Jan2026 06:00:05.506] [modloading-worker-0/DEBUG] [net.minecraftforge.fml.config.ConfigTracker/CONFIG]: Config file gravestone-client.toml for gravestone tracking
[05Jan2026 06:00:05.507] [modloading-worker-0/DEBUG] [net.minecraftforge.fml.javafmlmod.AutomaticEventSubscriber/LOADING]: Attempting to inject @EventBusSubscriber classes into the eventbus for gravestone
[05Jan2026 06:00:05.507] [modloading-worker-0/DEBUG] [net.minecraftforge.fml.javafmlmod.AutomaticEventSubscriber/LOADING]: Auto-subscribing de.maxhenkel.gravestone.Main to FORGE
[05Jan2026 06:00:05.628] [modloading-worker-0/DEBUG] [net.minecraftforge.fml.javafmlmod.AutomaticEventSubscriber/LOADING]: Attempting to inject @EventBusSubscriber classes into the eventbus for cataclysm
[05Jan2026 06:00:05.629] [modloading-worker-0/DEBUG] [net.minecraftforge.fml.javafmlmod.AutomaticEventSubscriber/LOADING]: Auto-subscribing com.github.L_Ender.cataclysm.world.CMWorldRegistry to MOD
[05Jan2026 06:00:05.633] [modloading-worker-0/DEBUG] [net.minecraftforge.fml.javafmlmod.AutomaticEventSubscriber/LOADING]: Auto-subscribing com.github.L_Ender.cataclysm.init.ModEntities to MOD
[05Jan2026 06:00:05.633] [modloading-worker-0/DEBUG] [net.minecraftforge.fml.javafmlmod.AutomaticEventSubscriber/LOADING]: Auto-subscribing com.github.L_Ender.cataclysm.event.ServerEventHandler to FORGE
[05Jan2026 06:00:05.633] [modloading-worker-0/DEBUG] [net.minecraftforge.fml.javafmlmod.AutomaticEventSubscriber/LOADING]: Auto-subscribing com.github.L_Ender.cataclysm.CommonProxy to MOD
[05Jan2026 06:00:05.633] [modloading-worker-0/DEBUG] [net.minecraftforge.fml.javafmlmod.AutomaticEventSubscriber/LOADING]: Auto-subscribing com.github.L_Ender.cataclysm.Cataclysm to FORGE
[05Jan2026 06:00:05.650] [modloading-worker-0/DEBUG] [net.minecraftforge.fml.javafmlmod.AutomaticEventSubscriber/LOADING]: Attempting to inject @EventBusSubscriber classes into the eventbus for seadwellers
[05Jan2026 06:00:05.650] [modloading-worker-0/DEBUG] [net.minecraftforge.fml.javafmlmod.AutomaticEventSubscriber/LOADING]: Auto-subscribing net.mcreator.seadwellers.procedures.VillagerTurnIntoMermorphProcedure to FORGE
[05Jan2026 06:00:05.651] [modloading-worker-0/DEBUG] [net.minecraftforge.fml.javafmlmod.AutomaticEventSubscriber/LOADING]: Auto-subscribing net.mcreator.seadwellers.procedures.SeashellUseProcedure to FORGE
[05Jan2026 06:00:05.653] [modloading-worker-0/DEBUG] [net.minecraftforge.fml.javafmlmod.AutomaticEventSubscriber/LOADING]: Auto-subscribing net.mcreator.seadwellers.procedures.MermorphTipsProcedure to FORGE
[05Jan2026 06:00:05.656] [modloading-worker-0/DEBUG] [net.minecraftforge.fml.javafmlmod.AutomaticEventSubscriber/LOADING]: Auto-subscribing net.mcreator.seadwellers.procedures.MermorphRageFromKillProcedure to FORGE
[05Jan2026 06:00:05.659] [modloading-worker-0/DEBUG] [net.minecraftforge.fml.javafmlmod.AutomaticEventSubscriber/LOADING]: Auto-subscribing net.mcreator.seadwellers.procedures.MermorphRageFromBlocksProcedure to FORGE
[05Jan2026 06:00:05.660] [modloading-worker-0/DEBUG] [net.minecraftforge.fml.javafmlmod.AutomaticEventSubscriber/LOADING]: Auto-subscribing net.mcreator.seadwellers.procedures.MermorphRageFromAttackProcedure to FORGE
[05Jan2026 06:00:05.661] [modloading-worker-0/DEBUG] [net.minecraftforge.fml.javafmlmod.AutomaticEventSubscriber/LOADING]: Auto-subscribing net.mcreator.seadwellers.procedures.MermorphLightningStrikeProcedure to FORGE
[05Jan2026 06:00:05.661] [modloading-worker-0/DEBUG] [net.minecraftforge.fml.config.ConfigTracker/CONFIG]: Config file legendary_monsters-common.toml for legendary_monsters tracking
[05Jan2026 06:00:05.661] [modloading-worker-0/DEBUG] [net.minecraftforge.fml.javafmlmod.AutomaticEventSubscriber/LOADING]: Attempting to inject @EventBusSubscriber classes into the eventbus for legendary_monsters
[05Jan2026 06:00:05.662] [modloading-worker-0/DEBUG] [net.minecraftforge.fml.javafmlmod.AutomaticEventSubscriber/LOADING]: Auto-subscribing net.miauczel.legendary_monsters.item.custom.WitheredRibcageItem to FORGE
[05Jan2026 06:00:05.662] [modloading-worker-0/DEBUG] [net.minecraftforge.fml.javafmlmod.AutomaticEventSubscriber/LOADING]: Auto-subscribing net.mcreator.seadwellers.procedures.AquamarineMobDropsProcedure to FORGE
[05Jan2026 06:00:05.663] [modloading-worker-0/DEBUG] [net.minecraftforge.fml.javafmlmod.AutomaticEventSubscriber/LOADING]: Auto-subscribing net.mcreator.seadwellers.init.SeadwellersModFeatures to FORGE
[05Jan2026 06:00:05.663] [modloading-worker-0/DEBUG] [net.minecraftforge.fml.javafmlmod.AutomaticEventSubscriber/LOADING]: Auto-subscribing net.mcreator.seadwellers.init.SeadwellersModEntities to MOD
[05Jan2026 06:00:05.664] [modloading-worker-0/DEBUG] [net.minecraftforge.fml.javafmlmod.AutomaticEventSubscriber/LOADING]: Auto-subscribing net.mcreator.seadwellers.init.EntityAnimationFactory to FORGE
[05Jan2026 06:00:05.669] [modloading-worker-0/DEBUG] [net.minecraftforge.fml.javafmlmod.AutomaticEventSubscriber/LOADING]: Auto-subscribing net.miauczel.legendary_monsters.item.custom.ShulkerShieldHurtEvent to FORGE
[05Jan2026 06:00:05.670] [modloading-worker-0/DEBUG] [net.minecraftforge.fml.javafmlmod.AutomaticEventSubscriber/LOADING]: Auto-subscribing net.miauczel.legendary_monsters.item.custom.ShulkerHelmetItem to FORGE
[05Jan2026 06:00:05.671] [modloading-worker-0/DEBUG] [net.minecraftforge.fml.javafmlmod.AutomaticEventSubscriber/LOADING]: Auto-subscribing net.miauczel.legendary_monsters.item.custom.MossyChestplateItem to FORGE
[05Jan2026 06:00:05.674] [modloading-worker-0/DEBUG] [net.minecraftforge.fml.javafmlmod.AutomaticEventSubscriber/LOADING]: Attempting to inject @EventBusSubscriber classes into the eventbus for endreborn
[05Jan2026 06:00:05.676] [modloading-worker-0/DEBUG] [net.minecraftforge.fml.javafmlmod.AutomaticEventSubscriber/LOADING]: Auto-subscribing com.endreborn.init.ModEvents to FORGE
[05Jan2026 06:00:05.677] [modloading-worker-0/DEBUG] [net.minecraftforge.fml.javafmlmod.AutomaticEventSubscriber/LOADING]: Auto-subscribing net.miauczel.legendary_monsters.item.custom.FrostbittenShieldHurtEvent to FORGE
[05Jan2026 06:00:05.679] [modloading-worker-0/DEBUG] [net.minecraftforge.fml.javafmlmod.AutomaticEventSubscriber/LOADING]: Auto-subscribing net.miauczel.legendary_monsters.item.custom.FieryJawEventHandler to FORGE
[05Jan2026 06:00:05.679] [modloading-worker-0/INFO] [Spartan Weaponry/]: Constructing Mod: Spartan Weaponry
[05Jan2026 06:00:05.683] [modloading-worker-0/DEBUG] [net.minecraftforge.fml.javafmlmod.AutomaticEventSubscriber/LOADING]: Auto-subscribing net.miauczel.legendary_monsters.item.custom.FieryBootsItem to FORGE
[05Jan2026 06:00:05.683] [modloading-worker-0/INFO] [Spartan Weaponry/]: Initialising API! Version: 10
[05Jan2026 06:00:05.685] [modloading-worker-0/DEBUG] [net.minecraftforge.fml.javafmlmod.AutomaticEventSubscriber/LOADING]: Auto-subscribing net.miauczel.legendary_monsters.item.custom.DinosaurBoneHelmet to FORGE
[05Jan2026 06:00:05.686] [modloading-worker-0/DEBUG] [net.minecraftforge.fml.javafmlmod.AutomaticEventSubscriber/LOADING]: Auto-subscribing net.miauczel.legendary_monsters.item.custom.CustomItemEvents.WitheredScytheDropGoldEventHandler to FORGE
[05Jan2026 06:00:05.684] [modloading-worker-0/INFO] [Spartan Weaponry/]: Spartan Weaponry API version 10 has been initalized!
[05Jan2026 06:00:05.687] [modloading-worker-0/DEBUG] [net.minecraftforge.fml.javafmlmod.AutomaticEventSubscriber/LOADING]: Auto-subscribing net.miauczel.legendary_monsters.item.custom.CustomItemEvents.WitheredScytheAttackedEvent to FORGE
[05Jan2026 06:00:05.687] [modloading-worker-0/DEBUG] [net.minecraftforge.fml.javafmlmod.AutomaticEventSubscriber/LOADING]: Auto-subscribing net.miauczel.legendary_monsters.item.custom.CustomItemEvents.WitheredRibcageHurt to FORGE
[05Jan2026 06:00:05.696] [modloading-worker-0/DEBUG] [net.minecraftforge.fml.javafmlmod.AutomaticEventSubscriber/LOADING]: Auto-subscribing net.miauczel.legendary_monsters.item.custom.CustomItemEvents.WandOfCloudsRightClickEvent to FORGE
[05Jan2026 06:00:05.699] [modloading-worker-0/DEBUG] [net.minecraftforge.fml.javafmlmod.AutomaticEventSubscriber/LOADING]: Auto-subscribing net.miauczel.legendary_monsters.item.custom.CustomItemEvents.WandOfCloudsRightClickEffect to FORGE
[05Jan2026 06:00:05.701] [modloading-worker-0/DEBUG] [net.minecraftforge.fml.javafmlmod.AutomaticEventSubscriber/LOADING]: Auto-subscribing net.miauczel.legendary_monsters.item.custom.CustomItemEvents.SpikyShieldEvent to FORGE
[05Jan2026 06:00:05.702] [modloading-worker-0/DEBUG] [net.minecraftforge.fml.javafmlmod.AutomaticEventSubscriber/LOADING]: Auto-subscribing net.miauczel.legendary_monsters.item.custom.CustomItemEvents.SoulGreatSwordEventHandler to FORGE
[05Jan2026 06:00:05.705] [modloading-worker-0/DEBUG] [net.minecraftforge.fml.javafmlmod.AutomaticEventSubscriber/LOADING]: Attempting to inject @EventBusSubscriber classes into the eventbus for crittersandcompanions
[05Jan2026 06:00:05.707] [modloading-worker-0/DEBUG] [net.minecraftforge.fml.javafmlmod.AutomaticEventSubscriber/LOADING]: Auto-subscribing com.github.eterdelta.crittersandcompanions.handler.SpawnHandler to FORGE
[05Jan2026 06:00:05.707] [modloading-worker-0/DEBUG] [net.minecraftforge.fml.javafmlmod.AutomaticEventSubscriber/LOADING]: Auto-subscribing net.miauczel.legendary_monsters.item.custom.CustomItemEvents.SharpSaiAttackedEvent to FORGE
[05Jan2026 06:00:05.708] [modloading-worker-0/DEBUG] [net.minecraftforge.fml.javafmlmod.AutomaticEventSubscriber/LOADING]: Auto-subscribing net.miauczel.legendary_monsters.item.custom.CustomItemEvents.SharpAxeAttackedEvent to FORGE
[05Jan2026 06:00:05.709] [modloading-worker-0/DEBUG] [net.minecraftforge.fml.javafmlmod.AutomaticEventSubscriber/LOADING]: Auto-subscribing net.miauczel.legendary_monsters.item.custom.CustomItemEvents.GoldenHalbertAttackEventHandler to FORGE
[05Jan2026 06:00:05.710] [modloading-worker-0/DEBUG] [net.minecraftforge.fml.javafmlmod.AutomaticEventSubscriber/LOADING]: Auto-subscribing net.miauczel.legendary_monsters.item.custom.CustomItemEvents.AxeOfLightningEventHandler to FORGE
[05Jan2026 06:00:05.713] [modloading-worker-0/DEBUG] [net.minecraftforge.fml.javafmlmod.AutomaticEventSubscriber/LOADING]: Auto-subscribing net.miauczel.legendary_monsters.item.custom.ChorusHelmetItem to FORGE
[05Jan2026 06:00:05.714] [modloading-worker-0/DEBUG] [net.minecraftforge.fml.javafmlmod.AutomaticEventSubscriber/LOADING]: Auto-subscribing net.miauczel.legendary_monsters.item.custom.BlastProofHelmet to FORGE
[05Jan2026 06:00:05.715] [modloading-worker-0/DEBUG] [net.minecraftforge.fml.javafmlmod.AutomaticEventSubscriber/LOADING]: Auto-subscribing com.github.eterdelta.crittersandcompanions.handler.PlayerHandler to FORGE
[05Jan2026 06:00:05.716] [modloading-worker-0/DEBUG] [net.minecraftforge.fml.javafmlmod.AutomaticEventSubscriber/LOADING]: Auto-subscribing net.miauczel.legendary_monsters.item.custom.AtmosphericBootsItem to FORGE
[05Jan2026 06:00:05.716] [modloading-worker-0/DEBUG] [net.minecraftforge.fml.javafmlmod.AutomaticEventSubscriber/LOADING]: Auto-subscribing net.miauczel.legendary_monsters.item.ShieldEventHandler to FORGE
[05Jan2026 06:00:05.718] [modloading-worker-0/DEBUG] [net.minecraftforge.fml.javafmlmod.AutomaticEventSubscriber/LOADING]: Auto-subscribing com.github.eterdelta.crittersandcompanions.handler.LootHandler to FORGE
[05Jan2026 06:00:05.723] [modloading-worker-0/DEBUG] [net.minecraftforge.fml.javafmlmod.AutomaticEventSubscriber/LOADING]: Auto-subscribing com.github.eterdelta.crittersandcompanions.handler.CapabilityHandler to FORGE
[05Jan2026 06:00:05.719] [modloading-worker-0/DEBUG] [net.minecraftforge.fml.javafmlmod.AutomaticEventSubscriber/LOADING]: Auto-subscribing net.miauczel.legendary_monsters.item.ModArmorItem to FORGE
[05Jan2026 06:00:05.724] [modloading-worker-0/DEBUG] [net.minecraftforge.fml.javafmlmod.AutomaticEventSubscriber/LOADING]: Auto-subscribing net.miauczel.legendary_monsters.event.WitheredAbominationAttackedEvent to FORGE
[05Jan2026 06:00:05.725] [modloading-worker-0/DEBUG] [net.minecraftforge.fml.javafmlmod.AutomaticEventSubscriber/LOADING]: Auto-subscribing net.miauczel.legendary_monsters.event.ModEventBusEvents to MOD
[05Jan2026 06:00:05.739] [modloading-worker-0/DEBUG] [net.minecraftforge.fml.javafmlmod.AutomaticEventSubscriber/LOADING]: Auto-subscribing net.miauczel.legendary_monsters.event.ModEventBusClientEvents to MOD
[05Jan2026 06:00:05.748] [modloading-worker-0/DEBUG] [net.minecraftforge.fml.javafmlmod.AutomaticEventSubscriber/LOADING]: Attempting to inject @EventBusSubscriber classes into the eventbus for mvs
[05Jan2026 06:00:05.759] [modloading-worker-0/DEBUG] [net.minecraftforge.fml.javafmlmod.AutomaticEventSubscriber/LOADING]: Auto-subscribing net.miauczel.legendary_monsters.event.Events to MOD
[05Jan2026 06:00:05.760] [modloading-worker-0/DEBUG] [net.minecraftforge.fml.javafmlmod.AutomaticEventSubscriber/LOADING]: Auto-subscribing net.miauczel.legendary_monsters.entity.ai.AncientGuardianHurtEvent to FORGE
[05Jan2026 06:00:05.761] [modloading-worker-0/DEBUG] [net.minecraftforge.fml.javafmlmod.AutomaticEventSubscriber/LOADING]: Auto-subscribing net.miauczel.legendary_monsters.entity.ai.AmbusherHurtEvent to FORGE
[05Jan2026 06:00:05.764] [modloading-worker-0/DEBUG] [net.minecraftforge.fml.javafmlmod.AutomaticEventSubscriber/LOADING]: Auto-subscribing net.miauczel.legendary_monsters.entity.OpenContainerEvent to FORGE
[05Jan2026 06:00:05.765] [modloading-worker-0/DEBUG] [net.minecraftforge.fml.javafmlmod.AutomaticEventSubscriber/LOADING]: Auto-subscribing net.miauczel.legendary_monsters.effect.StunJumpRemover to FORGE
[05Jan2026 06:00:05.765] [modloading-worker-0/DEBUG] [net.minecraftforge.fml.javafmlmod.AutomaticEventSubscriber/LOADING]: Auto-subscribing net.miauczel.legendary_monsters.datagen.DataGenerators to MOD
[05Jan2026 06:00:05.766] [modloading-worker-0/DEBUG] [net.minecraftforge.fml.javafmlmod.AutomaticEventSubscriber/LOADING]: Auto-subscribing net.miauczel.legendary_monsters.CommonProxy to MOD
[05Jan2026 06:00:05.786] [modloading-worker-0/INFO] [dev.architectury.networking.forge.NetworkManagerImpl/]: Registering C2S receiver with id architectury:sync_ids
[05Jan2026 06:00:05.792] [modloading-worker-0/INFO] [dev.architectury.networking.forge.NetworkManagerImpl/]: Registering C2S receiver with id ftblibrary:edit_nbt_response
[05Jan2026 06:00:05.794] [modloading-worker-0/DEBUG] [net.minecraftforge.fml.javafmlmod.AutomaticEventSubscriber/LOADING]: Attempting to inject @EventBusSubscriber classes into the eventbus for ftblibrary
[05Jan2026 06:00:05.800] [modloading-worker-0/DEBUG] [net.minecraftforge.fml.javafmlmod.AutomaticEventSubscriber/LOADING]: Attempting to inject @EventBusSubscriber classes into the eventbus for architectury
[05Jan2026 06:00:05.800] [modloading-worker-0/DEBUG] [net.minecraftforge.fml.javafmlmod.AutomaticEventSubscriber/LOADING]: Auto-subscribing dev.architectury.registry.level.entity.trade.forge.TradeRegistryImpl to FORGE
[05Jan2026 06:00:05.802] [modloading-worker-0/DEBUG] [net.minecraftforge.fml.javafmlmod.AutomaticEventSubscriber/LOADING]: Auto-subscribing dev.architectury.registry.forge.ReloadListenerRegistryImpl to FORGE
[05Jan2026 06:00:05.802] [modloading-worker-0/DEBUG] [net.minecraftforge.fml.javafmlmod.AutomaticEventSubscriber/LOADING]: Auto-subscribing dev.architectury.networking.forge.NetworkManagerImpl to FORGE
[05Jan2026 06:00:05.807] [modloading-worker-0/INFO] [com.cupboard.Cupboard/]: Loaded config for: cupboard.json
[05Jan2026 06:00:05.809] [modloading-worker-0/DEBUG] [net.minecraftforge.fml.javafmlmod.AutomaticEventSubscriber/LOADING]: Attempting to inject @EventBusSubscriber classes into the eventbus for cupboard
[05Jan2026 06:00:05.809] [modloading-worker-0/DEBUG] [net.minecraftforge.fml.javafmlmod.AutomaticEventSubscriber/LOADING]: Attempting to inject @EventBusSubscriber classes into the eventbus for puzzleslib
[05Jan2026 06:00:05.809] [modloading-worker-0/DEBUG] [net.minecraftforge.fml.javafmlmod.AutomaticEventSubscriber/LOADING]: Auto-subscribing fuzs.puzzleslib.impl.PuzzlesLibForge to MOD
[05Jan2026 06:00:05.853] [modloading-worker-0/INFO] [Puzzles Lib/]: Constructing common components for puzzleslib:main
[05Jan2026 06:00:05.888] [modloading-worker-0/DEBUG] [net.minecraftforge.fml.config.ConfigTracker/CONFIG]: Config file spartanweaponry-common.toml for spartanweaponry tracking
[05Jan2026 06:00:05.888] [modloading-worker-0/DEBUG] [net.minecraftforge.fml.config.ConfigTracker/CONFIG]: Config file smallships-common.toml for smallships tracking
[05Jan2026 06:00:05.888] [modloading-worker-0/DEBUG] [net.minecraftforge.fml.config.ConfigTracker/CONFIG]: Config file smallships-client.toml for smallships tracking
[05Jan2026 06:00:05.894] [modloading-worker-0/DEBUG] [net.minecraftforge.fml.config.ConfigTracker/CONFIG]: Config file spartanweaponry-client.toml for spartanweaponry tracking
[05Jan2026 06:00:05.894] [modloading-worker-0/DEBUG] [net.minecraftforge.fml.javafmlmod.AutomaticEventSubscriber/LOADING]: Attempting to inject @EventBusSubscriber classes into the eventbus for spartanweaponry
[05Jan2026 06:00:05.894] [modloading-worker-0/DEBUG] [net.minecraftforge.fml.javafmlmod.AutomaticEventSubscriber/LOADING]: Auto-subscribing com.oblivioussp.spartanweaponry.util.Config to MOD
[05Jan2026 06:00:05.894] [modloading-worker-0/DEBUG] [net.minecraftforge.fml.javafmlmod.AutomaticEventSubscriber/LOADING]: Auto-subscribing com.oblivioussp.spartanweaponry.util.ClientConfig to MOD
[05Jan2026 06:00:05.895] [modloading-worker-0/DEBUG] [net.minecraftforge.fml.javafmlmod.AutomaticEventSubscriber/LOADING]: Auto-subscribing com.oblivioussp.spartanweaponry.event.ReloadResourceEventHandler to FORGE
[05Jan2026 06:00:05.895] [modloading-worker-0/DEBUG] [net.minecraftforge.fml.javafmlmod.AutomaticEventSubscriber/LOADING]: Auto-subscribing com.oblivioussp.spartanweaponry.event.DataGenEventHandler to MOD
[05Jan2026 06:00:05.896] [modloading-worker-0/DEBUG] [net.minecraftforge.fml.javafmlmod.AutomaticEventSubscriber/LOADING]: Auto-subscribing com.oblivioussp.spartanweaponry.event.CommonEventHandler to FORGE
[05Jan2026 06:00:05.912] [modloading-worker-0/DEBUG] [net.minecraftforge.fml.javafmlmod.AutomaticEventSubscriber/LOADING]: Attempting to inject @EventBusSubscriber classes into the eventbus for smallships
[05Jan2026 06:00:05.913] [modloading-worker-0/DEBUG] [net.minecraftforge.fml.javafmlmod.AutomaticEventSubscriber/LOADING]: Auto-subscribing com.talhanation.smallships.forge.common.CommonModBus to MOD
[05Jan2026 06:00:05.918] [modloading-worker-0/DEBUG] [net.minecraftforge.fml.javafmlmod.AutomaticEventSubscriber/LOADING]: Attempting to inject @EventBusSubscriber classes into the eventbus for valhelsia_core
[05Jan2026 06:00:05.941] [modloading-worker-0/DEBUG] [mixin/]: Mixing MixinEntitySpawnExtension from architectury.mixins.json into dev.architectury.extensions.network.EntitySpawnExtension
[05Jan2026 06:00:05.970] [modloading-worker-0/DEBUG] [mixin/]: Mixing AnimationControllerAccessor from fossil_common.mixins.json into software.bernie.geckolib.core.animation.AnimationController
[05Jan2026 06:00:05.970] [modloading-worker-0/DEBUG] [mixin/]: Mixing AnimationControllerMixin from fossil_common.mixins.json into software.bernie.geckolib.core.animation.AnimationController
[05Jan2026 06:00:05.997] [modloading-worker-0/DEBUG] [net.minecraftforge.fml.javafmlmod.AutomaticEventSubscriber/LOADING]: Attempting to inject @EventBusSubscriber classes into the eventbus for born_in_chaos_v1
[05Jan2026 06:00:05.997] [modloading-worker-0/DEBUG] [net.minecraftforge.fml.javafmlmod.AutomaticEventSubscriber/LOADING]: Auto-subscribing net.mcreator.borninchaosv.recipes.brewing.StimulatingDecoctionPBrewingRecipe to MOD
[05Jan2026 06:00:05.998] [modloading-worker-0/DEBUG] [net.minecraftforge.fml.javafmlmod.AutomaticEventSubscriber/LOADING]: Auto-subscribing net.mcreator.borninchaosv.recipes.brewing.SeaTerrorEyeKBrewingRecipe to MOD
[05Jan2026 06:00:05.999] [modloading-worker-0/DEBUG] [net.minecraftforge.fml.javafmlmod.AutomaticEventSubscriber/LOADING]: Auto-subscribing net.mcreator.borninchaosv.recipes.brewing.PotionofRampagekBrewingRecipe to MOD
[05Jan2026 06:00:06.003] [modloading-worker-0/DEBUG] [net.minecraftforge.fml.javafmlmod.AutomaticEventSubscriber/LOADING]: Auto-subscribing net.mcreator.borninchaosv.recipes.brewing.PotionofMagicalDepletionKBrewingRecipe to MOD
[05Jan2026 06:00:06.004] [modloading-worker-0/DEBUG] [net.minecraftforge.fml.javafmlmod.AutomaticEventSubscriber/LOADING]: Auto-subscribing net.mcreator.borninchaosv.recipes.brewing.PotionofLivingCocoonCraftBrewingRecipe to MOD
[05Jan2026 06:00:06.005] [modloading-worker-0/DEBUG] [net.minecraftforge.fml.javafmlmod.AutomaticEventSubscriber/LOADING]: Auto-subscribing net.mcreator.borninchaosv.recipes.brewing.IntoxicationPotionKBrewingRecipe to MOD
[05Jan2026 06:00:06.005] [modloading-worker-0/DEBUG] [net.minecraftforge.fml.javafmlmod.AutomaticEventSubscriber/LOADING]: Auto-subscribing net.mcreator.borninchaosv.recipes.brewing.ElixirofWitherResistanceCraftBrewingRecipe to MOD
[05Jan2026 06:00:06.007] [modloading-worker-0/DEBUG] [net.minecraftforge.fml.javafmlmod.AutomaticEventSubscriber/LOADING]: Auto-subscribing net.mcreator.borninchaosv.recipes.brewing.ElixirofVampirismKBrewingRecipe to MOD
[05Jan2026 06:00:06.008] [modloading-worker-0/DEBUG] [net.minecraftforge.fml.javafmlmod.AutomaticEventSubscriber/LOADING]: Auto-subscribing net.mcreator.borninchaosv.recipes.brewing.ElixirofInsectProtectionCraftBrewingRecipe to MOD
[05Jan2026 06:00:06.009] [modloading-worker-0/DEBUG] [net.minecraftforge.fml.javafmlmod.AutomaticEventSubscriber/LOADING]: Auto-subscribing net.mcreator.borninchaosv.recipes.brewing.ElixirofIceBarrierCraftBrewingRecipe to MOD
[05Jan2026 06:00:06.016] [modloading-worker-0/DEBUG] [net.minecraftforge.fml.javafmlmod.AutomaticEventSubscriber/LOADING]: Auto-subscribing net.mcreator.borninchaosv.recipes.brewing.ChaosComponentCraftBrewingRecipe to MOD
[05Jan2026 06:00:06.017] [modloading-worker-0/DEBUG] [net.minecraftforge.fml.javafmlmod.AutomaticEventSubscriber/LOADING]: Auto-subscribing net.mcreator.borninchaosv.recipes.brewing.BottleOfMagicalEnergyKBrewingRecipe to MOD
[05Jan2026 06:00:06.018] [modloading-worker-0/DEBUG] [net.minecraftforge.fml.javafmlmod.AutomaticEventSubscriber/LOADING]: Auto-subscribing net.mcreator.borninchaosv.procedures.ZombieswithDoorPriObnovlieniiTaktaSushchnostiProcedure to FORGE
[05Jan2026 06:00:06.022] [modloading-worker-0/DEBUG] [net.minecraftforge.fml.javafmlmod.AutomaticEventSubscriber/LOADING]: Auto-subscribing net.mcreator.borninchaosv.procedures.ZombiefishermanatackProcedure to FORGE
[05Jan2026 06:00:06.023] [modloading-worker-0/DEBUG] [net.minecraftforge.fml.javafmlmod.AutomaticEventSubscriber/LOADING]: Auto-subscribing net.mcreator.borninchaosv.procedures.ZombieclownatacProcedure to FORGE
[05Jan2026 06:00:06.024] [modloading-worker-0/DEBUG] [net.minecraftforge.fml.javafmlmod.AutomaticEventSubscriber/LOADING]: Auto-subscribing net.mcreator.borninchaosv.procedures.ZombieMaggotsProcedure to FORGE
[05Jan2026 06:00:06.029] [modloading-worker-0/DEBUG] [net.minecraftforge.fml.javafmlmod.AutomaticEventSubscriber/LOADING]: Auto-subscribing net.mcreator.borninchaosv.procedures.ZombieLumberjackAtackProcedure to FORGE
[05Jan2026 06:00:06.029] [modloading-worker-0/DEBUG] [net.minecraftforge.fml.javafmlmod.AutomaticEventSubscriber/LOADING]: Auto-subscribing net.mcreator.borninchaosv.procedures.ZombieBruiseratackProcedure to FORGE
[05Jan2026 06:00:06.030] [modloading-worker-0/DEBUG] [net.minecraftforge.fml.javafmlmod.AutomaticEventSubscriber/LOADING]: Auto-subscribing net.mcreator.borninchaosv.procedures.WarningSoundProcedure to FORGE
[05Jan2026 06:00:06.031] [modloading-worker-0/DEBUG] [net.minecraftforge.fml.javafmlmod.AutomaticEventSubscriber/LOADING]: Auto-subscribing net.mcreator.borninchaosv.procedures.VampiricTouchAtackProcedure to FORGE
[05Jan2026 06:00:06.035] [modloading-worker-0/DEBUG] [net.minecraftforge.fml.javafmlmod.AutomaticEventSubscriber/LOADING]: Auto-subscribing net.mcreator.borninchaosv.procedures.TransmutingElixirclicProcedure to FORGE
[05Jan2026 06:00:06.036] [modloading-worker-0/DEBUG] [net.minecraftforge.fml.javafmlmod.AutomaticEventSubscriber/LOADING]: Auto-subscribing net.mcreator.borninchaosv.procedures.ThornshellCrabPriShchielchkiePKMPoSushchnostiProcedure to FORGE
[05Jan2026 06:00:06.037] [modloading-worker-0/DEBUG] [net.minecraftforge.fml.javafmlmod.AutomaticEventSubscriber/LOADING]: Auto-subscribing net.mcreator.borninchaosv.procedures.SwarmerPreparationProcedure to FORGE
[05Jan2026 06:00:06.040] [modloading-worker-0/DEBUG] [net.minecraftforge.fml.javafmlmod.AutomaticEventSubscriber/LOADING]: Auto-subscribing net.mcreator.borninchaosv.procedures.SpiritofChaosAtackProcedure to FORGE
[05Jan2026 06:00:06.041] [modloading-worker-0/DEBUG] [net.minecraftforge.fml.javafmlmod.AutomaticEventSubscriber/LOADING]: Auto-subscribing net.mcreator.borninchaosv.procedures.SpiritGuideAtacProcedure to FORGE
[05Jan2026 06:00:06.042] [modloading-worker-0/DEBUG] [net.minecraftforge.fml.javafmlmod.AutomaticEventSubscriber/LOADING]: Auto-subscribing net.mcreator.borninchaosv.procedures.SpinyShellArmorKazhdyiTikDliaShliemaProcedure to FORGE
[05Jan2026 06:00:06.043] [modloading-worker-0/DEBUG] [net.minecraftforge.fml.javafmlmod.AutomaticEventSubscriber/LOADING]: Auto-subscribing net.mcreator.borninchaosv.procedures.SkeletonThrasherDProcedure to FORGE
[05Jan2026 06:00:06.043] [modloading-worker-0/DEBUG] [net.minecraftforge.fml.javafmlmod.AutomaticEventSubscriber/LOADING]: Auto-subscribing net.mcreator.borninchaosv.procedures.SerPumpkinheadAtacProcedure to FORGE
[05Jan2026 06:00:06.044] [modloading-worker-0/DEBUG] [net.minecraftforge.fml.javafmlmod.AutomaticEventSubscriber/LOADING]: Auto-subscribing net.mcreator.borninchaosv.procedures.SearedspiritPProcedure to FORGE
[05Jan2026 06:00:06.045] [modloading-worker-0/DEBUG] [net.minecraftforge.fml.javafmlmod.AutomaticEventSubscriber/LOADING]: Auto-subscribing net.mcreator.borninchaosv.procedures.RampagePProcedure to FORGE
[05Jan2026 06:00:06.046] [modloading-worker-0/DEBUG] [net.minecraftforge.fml.javafmlmod.AutomaticEventSubscriber/LOADING]: Auto-subscribing net.mcreator.borninchaosv.procedures.PumpkinbruiserAtacProcedure to FORGE
[05Jan2026 06:00:06.047] [modloading-worker-0/DEBUG] [net.minecraftforge.fml.javafmlmod.AutomaticEventSubscriber/LOADING]: Auto-subscribing net.mcreator.borninchaosv.procedures.PositiveTamingProcedure to FORGE
[05Jan2026 06:00:06.048] [modloading-worker-0/DEBUG] [net.minecraftforge.fml.javafmlmod.AutomaticEventSubscriber/LOADING]: Auto-subscribing net.mcreator.borninchaosv.procedures.PositiveFertilizerProcedure to FORGE
[05Jan2026 06:00:06.053] [modloading-worker-0/DEBUG] [net.minecraftforge.fml.javafmlmod.AutomaticEventSubscriber/LOADING]: Auto-subscribing net.mcreator.borninchaosv.procedures.PiritAtacProcedure to FORGE
[05Jan2026 06:00:06.057] [modloading-worker-0/DEBUG] [net.minecraftforge.fml.javafmlmod.AutomaticEventSubscriber/LOADING]: Auto-subscribing net.mcreator.borninchaosv.procedures.ObsessiondeadProcedure to FORGE
[05Jan2026 06:00:06.058] [modloading-worker-0/DEBUG] [net.minecraftforge.fml.javafmlmod.AutomaticEventSubscriber/LOADING]: Auto-subscribing net.mcreator.borninchaosv.procedures.NightmareStalkerDamProcedure to FORGE
[05Jan2026 06:00:06.059] [modloading-worker-0/DEBUG] [net.minecraftforge.fml.javafmlmod.AutomaticEventSubscriber/LOADING]: Auto-subscribing net.mcreator.borninchaosv.procedures.MrPumpkinAtacProcedure to FORGE
[05Jan2026 06:00:06.059] [modloading-worker-0/DEBUG] [net.minecraftforge.fml.javafmlmod.AutomaticEventSubscriber/LOADING]: Auto-subscribing net.mcreator.borninchaosv.procedures.MotherSpiderAtackProcedure to FORGE
[05Jan2026 06:00:06.060] [modloading-worker-0/DEBUG] [net.minecraftforge.fml.javafmlmod.AutomaticEventSubscriber/LOADING]: Auto-subscribing net.mcreator.borninchaosv.procedures.MissionaryHatpProcedure to FORGE
[05Jan2026 06:00:06.061] [modloading-worker-0/DEBUG] [net.minecraftforge.fml.javafmlmod.AutomaticEventSubscriber/LOADING]: Auto-subscribing net.mcreator.borninchaosv.procedures.MissionaryAtacktargetProcedure to FORGE
[05Jan2026 06:00:06.062] [modloading-worker-0/DEBUG] [net.minecraftforge.fml.javafmlmod.AutomaticEventSubscriber/LOADING]: Auto-subscribing net.mcreator.borninchaosv.procedures.MinionsattacktargetProcedure to FORGE
[05Jan2026 06:00:06.062] [modloading-worker-0/DEBUG] [net.minecraftforge.fml.javafmlmod.AutomaticEventSubscriber/LOADING]: Auto-subscribing net.mcreator.borninchaosv.procedures.LunarSpruceCowboyPProcedure to FORGE
[05Jan2026 06:00:06.063] [modloading-worker-0/DEBUG] [net.minecraftforge.fml.javafmlmod.AutomaticEventSubscriber/LOADING]: Auto-subscribing net.mcreator.borninchaosv.procedures.LordsFelsteedatackProcedure to FORGE
[05Jan2026 06:00:06.064] [modloading-worker-0/DEBUG] [net.minecraftforge.fml.javafmlmod.AutomaticEventSubscriber/LOADING]: Auto-subscribing net.mcreator.borninchaosv.procedures.LordTheHeadlessAtackProcedure to FORGE
[05Jan2026 06:00:06.065] [modloading-worker-0/DEBUG] [net.minecraftforge.fml.javafmlmod.AutomaticEventSubscriber/LOADING]: Auto-subscribing net.mcreator.borninchaosv.procedures.LordPumpkinheadsHatHitProcedure to FORGE
[05Jan2026 06:00:06.065] [modloading-worker-0/DEBUG] [net.minecraftforge.fml.javafmlmod.AutomaticEventSubscriber/LOADING]: Auto-subscribing net.mcreator.borninchaosv.procedures.LordPumpkinheadatackProcedure to FORGE
[05Jan2026 06:00:06.066] [modloading-worker-0/DEBUG] [net.minecraftforge.fml.javafmlmod.AutomaticEventSubscriber/LOADING]: Auto-subscribing net.mcreator.borninchaosv.procedures.LivingcocoonplayersideDeadProcedure to FORGE
[05Jan2026 06:00:06.067] [modloading-worker-0/DEBUG] [net.minecraftforge.fml.javafmlmod.AutomaticEventSubscriber/LOADING]: Auto-subscribing net.mcreator.borninchaosv.procedures.LivingCocoonDeadProcedure to FORGE
[05Jan2026 06:00:06.068] [modloading-worker-0/DEBUG] [net.minecraftforge.fml.javafmlmod.AutomaticEventSubscriber/LOADING]: Auto-subscribing net.mcreator.borninchaosv.procedures.LifestealerTFAtackProcedure to FORGE
[05Jan2026 06:00:06.069] [modloading-worker-0/DEBUG] [net.minecraftforge.fml.javafmlmod.AutomaticEventSubscriber/LOADING]: Auto-subscribing net.mcreator.borninchaosv.procedures.LifestealerAtackProcedure to FORGE
[05Jan2026 06:00:06.069] [modloading-worker-0/DEBUG] [net.minecraftforge.fml.javafmlmod.AutomaticEventSubscriber/LOADING]: Auto-subscribing net.mcreator.borninchaosv.procedures.KrampusHenchmanAttackProcedure to FORGE
[05Jan2026 06:00:06.070] [modloading-worker-0/DEBUG] [net.minecraftforge.fml.javafmlmod.AutomaticEventSubscriber/LOADING]: Auto-subscribing net.mcreator.borninchaosv.procedures.KrampusAttackProcedure to FORGE
[05Jan2026 06:00:06.071] [modloading-worker-0/DEBUG] [net.minecraftforge.fml.javafmlmod.AutomaticEventSubscriber/LOADING]: Auto-subscribing net.mcreator.borninchaosv.procedures.KillinganimalsProcedure to FORGE
[05Jan2026 06:00:06.072] [modloading-worker-0/DEBUG] [net.minecraftforge.fml.javafmlmod.AutomaticEventSubscriber/LOADING]: Auto-subscribing net.mcreator.borninchaosv.procedures.KillingVillagersProcedure to FORGE
[05Jan2026 06:00:06.073] [modloading-worker-0/DEBUG] [net.minecraftforge.fml.javafmlmod.AutomaticEventSubscriber/LOADING]: Auto-subscribing net.mcreator.borninchaosv.procedures.InsectProtectionTrigerProcedure to FORGE
[05Jan2026 06:00:06.074] [modloading-worker-0/DEBUG] [net.minecraftforge.fml.javafmlmod.AutomaticEventSubscriber/LOADING]: Auto-subscribing net.mcreator.borninchaosv.procedures.InfernalSpiritAtackProcedure to FORGE
[05Jan2026 06:00:06.075] [modloading-worker-0/DEBUG] [net.minecraftforge.fml.javafmlmod.AutomaticEventSubscriber/LOADING]: Auto-subscribing net.mcreator.borninchaosv.procedures.IceBarrierAttackProcedure to FORGE
[05Jan2026 06:00:06.076] [modloading-worker-0/DEBUG] [net.minecraftforge.fml.javafmlmod.AutomaticEventSubscriber/LOADING]: Auto-subscribing net.mcreator.borninchaosv.procedures.HewnScorchedLogPProcedure to FORGE
[05Jan2026 06:00:06.077] [modloading-worker-0/DEBUG] [net.minecraftforge.fml.javafmlmod.AutomaticEventSubscriber/LOADING]: Auto-subscribing net.mcreator.borninchaosv.procedures.GluttonfishatackProcedure to FORGE
[05Jan2026 06:00:06.078] [modloading-worker-0/DEBUG] [net.minecraftforge.fml.javafmlmod.AutomaticEventSubscriber/LOADING]: Auto-subscribing net.mcreator.borninchaosv.procedures.FragileScorchedPlanksPProcedure to FORGE
[05Jan2026 06:00:06.079] [modloading-worker-0/DEBUG] [net.minecraftforge.fml.javafmlmod.AutomaticEventSubscriber/LOADING]: Auto-subscribing net.mcreator.borninchaosv.procedures.FirelightDProcedure to FORGE
[05Jan2026 06:00:06.080] [modloading-worker-0/DEBUG] [net.minecraftforge.fml.javafmlmod.AutomaticEventSubscriber/LOADING]: Auto-subscribing net.mcreator.borninchaosv.procedures.ExperienceContainerDeathProcedure to FORGE
[05Jan2026 06:00:06.081] [modloading-worker-0/DEBUG] [net.minecraftforge.fml.javafmlmod.AutomaticEventSubscriber/LOADING]: Auto-subscribing net.mcreator.borninchaosv.procedures.EvilCarvedPumpkinPProcedure to FORGE
[05Jan2026 06:00:06.082] [modloading-worker-0/DEBUG] [net.minecraftforge.fml.javafmlmod.AutomaticEventSubscriber/LOADING]: Auto-subscribing net.mcreator.borninchaosv.procedures.EatingRottenFleshProcedure to FORGE
[05Jan2026 06:00:06.082] [modloading-worker-0/DEBUG] [net.minecraftforge.fml.javafmlmod.AutomaticEventSubscriber/LOADING]: Auto-subscribing net.mcreator.borninchaosv.procedures.EasterDropProcedure to FORGE
[05Jan2026 06:00:06.083] [modloading-worker-0/DEBUG] [net.minecraftforge.fml.javafmlmod.AutomaticEventSubscriber/LOADING]: Auto-subscribing net.mcreator.borninchaosv.procedures.DreadHoundPriNazhatiiPravoiKnopkiNaSushchnostProcedure to FORGE
[05Jan2026 06:00:06.084] [modloading-worker-0/DEBUG] [net.minecraftforge.fml.javafmlmod.AutomaticEventSubscriber/LOADING]: Auto-subscribing net.mcreator.borninchaosv.procedures.DreadHoundAtacProcedure to FORGE
[05Jan2026 06:00:06.085] [modloading-worker-0/DEBUG] [net.minecraftforge.fml.javafmlmod.AutomaticEventSubscriber/LOADING]: Auto-subscribing net.mcreator.borninchaosv.procedures.DireHoundLeaderAtackProcedure to FORGE
[05Jan2026 06:00:06.085] [modloading-worker-0/DEBUG] [net.minecraftforge.fml.javafmlmod.AutomaticEventSubscriber/LOADING]: Auto-subscribing net.mcreator.borninchaosv.procedures.DimonBaitProcedure to FORGE
[05Jan2026 06:00:06.087] [modloading-worker-0/DEBUG] [net.minecraftforge.fml.javafmlmod.AutomaticEventSubscriber/LOADING]: Auto-subscribing net.mcreator.borninchaosv.procedures.DeathTotemKoghdaPriedmietNakhoditsiaVRukieProcedure to FORGE
[05Jan2026 06:00:06.088] [modloading-worker-0/DEBUG] [net.minecraftforge.fml.javafmlmod.AutomaticEventSubscriber/LOADING]: Auto-subscribing net.mcreator.borninchaosv.procedures.DarkWardActivProcedure to FORGE
[05Jan2026 06:00:06.089] [modloading-worker-0/DEBUG] [net.minecraftforge.fml.javafmlmod.AutomaticEventSubscriber/LOADING]: Auto-subscribing net.mcreator.borninchaosv.procedures.DarkRitualDaggerPProcedure to FORGE
[05Jan2026 06:00:06.090] [modloading-worker-0/DEBUG] [net.minecraftforge.fml.javafmlmod.AutomaticEventSubscriber/LOADING]: Auto-subscribing net.mcreator.borninchaosv.procedures.DZombieDProcedure to FORGE
[05Jan2026 06:00:06.091] [modloading-worker-0/DEBUG] [net.minecraftforge.fml.javafmlmod.AutomaticEventSubscriber/LOADING]: Auto-subscribing net.mcreator.borninchaosv.procedures.CursedMarkAtacProcedure to FORGE
[05Jan2026 06:00:06.092] [modloading-worker-0/DEBUG] [net.minecraftforge.fml.javafmlmod.AutomaticEventSubscriber/LOADING]: Auto-subscribing net.mcreator.borninchaosv.procedures.CorpseflyatacProcedure to FORGE
[05Jan2026 06:00:06.093] [modloading-worker-0/DEBUG] [net.minecraftforge.fml.javafmlmod.AutomaticEventSubscriber/LOADING]: Auto-subscribing net.mcreator.borninchaosv.procedures.BoneBarrierProProcedure to FORGE
[05Jan2026 06:00:06.093] [modloading-worker-0/DEBUG] [net.minecraftforge.fml.javafmlmod.AutomaticEventSubscriber/LOADING]: Auto-subscribing net.mcreator.borninchaosv.procedures.BloodyGadflyAtacProcedure to FORGE
[05Jan2026 06:00:06.094] [modloading-worker-0/DEBUG] [net.minecraftforge.fml.javafmlmod.AutomaticEventSubscriber/LOADING]: Auto-subscribing net.mcreator.borninchaosv.procedures.BlockSkeletonTrasherProcedure to FORGE
[05Jan2026 06:00:06.095] [modloading-worker-0/DEBUG] [net.minecraftforge.fml.javafmlmod.AutomaticEventSubscriber/LOADING]: Auto-subscribing net.mcreator.borninchaosv.procedures.BabyspidercontrolledAtackProcedure to FORGE
[05Jan2026 06:00:06.095] [modloading-worker-0/DEBUG] [net.minecraftforge.fml.javafmlmod.AutomaticEventSubscriber/LOADING]: Auto-subscribing net.mcreator.borninchaosv.procedures.BabySpiderAtackProcedure to FORGE
[05Jan2026 06:00:06.096] [modloading-worker-0/DEBUG] [net.minecraftforge.fml.javafmlmod.AutomaticEventSubscriber/LOADING]: Auto-subscribing net.mcreator.borninchaosv.procedures.AxeAtackProcedure to FORGE
[05Jan2026 06:00:06.097] [modloading-worker-0/DEBUG] [net.minecraftforge.fml.javafmlmod.AutomaticEventSubscriber/LOADING]: Auto-subscribing net.mcreator.borninchaosv.procedures.AttackoftheDisobedientProcedure to FORGE
[05Jan2026 06:00:06.098] [modloading-worker-0/DEBUG] [net.minecraftforge.fml.javafmlmod.AutomaticEventSubscriber/LOADING]: Auto-subscribing net.mcreator.borninchaosv.network.BornInChaosV1ModVariables to MOD
[05Jan2026 06:00:06.099] [modloading-worker-0/DEBUG] [net.minecraftforge.fml.javafmlmod.AutomaticEventSubscriber/LOADING]: Auto-subscribing net.mcreator.borninchaosv.network.BornInChaosV1ModVariables$PlayerVariablesProvider to FORGE
[05Jan2026 06:00:06.100] [modloading-worker-0/DEBUG] [net.minecraftforge.fml.javafmlmod.AutomaticEventSubscriber/LOADING]: Auto-subscribing net.mcreator.borninchaosv.network.BornInChaosV1ModVariables$EventBusVariableHandlers to FORGE
[05Jan2026 06:00:06.102] [modloading-worker-0/DEBUG] [net.minecraftforge.fml.javafmlmod.AutomaticEventSubscriber/LOADING]: Auto-subscribing net.mcreator.borninchaosv.init.ItemAnimationFactory to FORGE
[05Jan2026 06:00:06.102] [modloading-worker-0/DEBUG] [net.minecraftforge.fml.javafmlmod.AutomaticEventSubscriber/LOADING]: Auto-subscribing net.mcreator.borninchaosv.init.EntityAnimationFactory to FORGE
[05Jan2026 06:00:06.104] [modloading-worker-0/DEBUG] [net.minecraftforge.fml.javafmlmod.AutomaticEventSubscriber/LOADING]: Auto-subscribing net.mcreator.borninchaosv.init.BornInChaosV1ModGameRules to MOD
[05Jan2026 06:00:06.104] [modloading-worker-0/DEBUG] [net.minecraftforge.fml.javafmlmod.AutomaticEventSubscriber/LOADING]: Auto-subscribing net.mcreator.borninchaosv.init.BornInChaosV1ModFuels to FORGE
[05Jan2026 06:00:06.105] [modloading-worker-0/DEBUG] [net.minecraftforge.fml.javafmlmod.AutomaticEventSubscriber/LOADING]: Auto-subscribing net.mcreator.borninchaosv.init.BornInChaosV1ModFeatures to FORGE
[05Jan2026 06:00:06.105] [modloading-worker-0/DEBUG] [net.minecraftforge.fml.javafmlmod.AutomaticEventSubscriber/LOADING]: Auto-subscribing net.mcreator.borninchaosv.init.BornInChaosV1ModEntities to MOD
[05Jan2026 06:00:06.106] [modloading-worker-0/DEBUG] [net.minecraftforge.fml.javafmlmod.AutomaticEventSubscriber/LOADING]: Auto-subscribing net.mcreator.borninchaosv.init.BornInChaosV1ModCompostableItems to MOD
[05Jan2026 06:00:06.254] [modloading-worker-0/DEBUG] [mixin/]: Mixing EnergyContainerBlockEntityMixin from fossil_forge.mixins.json into com.github.teamfossilsarcheology.fossil.block.entity.EnergyContainerBlockEntity
[05Jan2026 06:00:06.254] [modloading-worker-0/DEBUG] [mixin/]: Renaming synthetic method lambda$onLoad$0()Lnet/minecraftforge/energy/IEnergyStorage; to md5ff234$lambda$onLoad$0$0 in fossil_forge.mixins.json:EnergyContainerBlockEntityMixin
[05Jan2026 06:00:06.257] [modloading-worker-0/DEBUG] [mixin/]: Mixing MachineContainerBlockEntityMixin from fossil_forge.mixins.json into com.github.teamfossilsarcheology.fossil.block.entity.MachineContainerBlockEntity
[05Jan2026 06:00:06.299] [modloading-worker-0/INFO] [dev.architectury.networking.forge.NetworkManagerImpl/]: Registering C2S receiver with id fossil:cap_channel/537e4f78f24b30e4bee5892e8d9314fa
[05Jan2026 06:00:06.300] [modloading-worker-0/INFO] [dev.architectury.networking.forge.NetworkManagerImpl/]: Registering C2S receiver with id fossil:sync_channel/f7d73d83d6fa3fb99fb754f57f7238af
[05Jan2026 06:00:06.301] [modloading-worker-0/INFO] [dev.architectury.networking.forge.NetworkManagerImpl/]: Registering C2S receiver with id fossil:sync_channel/5ecf814711a7357f8ebd58d771f05139
[05Jan2026 06:00:06.303] [modloading-worker-0/INFO] [dev.architectury.networking.forge.NetworkManagerImpl/]: Registering C2S receiver with id fossil:sync_channel/2ae61e410df635b2b2c2d4eaa7b7afcb
[05Jan2026 06:00:06.304] [modloading-worker-0/INFO] [dev.architectury.networking.forge.NetworkManagerImpl/]: Registering C2S receiver with id fossil:sync_channel/600dc9ad56393757ae8315ba075af416
[05Jan2026 06:00:06.305] [modloading-worker-0/INFO] [dev.architectury.networking.forge.NetworkManagerImpl/]: Registering C2S receiver with id fossil:sync_channel/ec18fa987d5331379c9156102188220c
[05Jan2026 06:00:06.306] [modloading-worker-0/INFO] [dev.architectury.networking.forge.NetworkManagerImpl/]: Registering C2S receiver with id fossil:sync_channel/b0228010ee3d3689beb49186e8009925
[05Jan2026 06:00:06.306] [modloading-worker-0/INFO] [dev.architectury.networking.forge.NetworkManagerImpl/]: Registering C2S receiver with id fossil:sync_channel/ed688e568fc63151a34c0f912fce9d27
[05Jan2026 06:00:06.307] [modloading-worker-0/INFO] [dev.architectury.networking.forge.NetworkManagerImpl/]: Registering C2S receiver with id fossil:sync_channel/8aaf614d5e2d39dd9e136e8c430145a9
[05Jan2026 06:00:06.308] [modloading-worker-0/INFO] [dev.architectury.networking.forge.NetworkManagerImpl/]: Registering C2S receiver with id fossil:sync_channel/08e9f40b177134efbc5eb99e2ad6bcb5
[05Jan2026 06:00:06.309] [modloading-worker-0/INFO] [dev.architectury.networking.forge.NetworkManagerImpl/]: Registering C2S receiver with id fossil:sync_channel/531d15ea7fd13018964a31b3ccac540a
[05Jan2026 06:00:06.313] [modloading-worker-0/DEBUG] [net.minecraftforge.fml.config.ConfigTracker/CONFIG]: Config file fossil-common.toml for fossil tracking
[05Jan2026 06:00:06.313] [modloading-worker-0/DEBUG] [net.minecraftforge.fml.config.ConfigTracker/CONFIG]: Config file fossil-client.toml for fossil tracking
[05Jan2026 06:00:06.313] [modloading-worker-0/DEBUG] [net.minecraftforge.fml.javafmlmod.AutomaticEventSubscriber/LOADING]: Attempting to inject @EventBusSubscriber classes into the eventbus for fossil
[05Jan2026 06:00:06.313] [modloading-worker-0/DEBUG] [net.minecraftforge.fml.javafmlmod.AutomaticEventSubscriber/LOADING]: Auto-subscribing com.github.teamfossilsarcheology.fossil.world.feature.village.forge.ModVillagesImpl to FORGE
[05Jan2026 06:00:06.314] [modloading-worker-0/DEBUG] [net.minecraftforge.fml.javafmlmod.AutomaticEventSubscriber/LOADING]: Auto-subscribing com.github.teamfossilsarcheology.fossil.world.feature.forge.ModFeaturesImpl to MOD
[05Jan2026 06:00:06.314] [modloading-worker-0/DEBUG] [net.minecraftforge.fml.javafmlmod.AutomaticEventSubscriber/LOADING]: Auto-subscribing com.github.teamfossilsarcheology.fossil.forge.event.ForgeModEvents to FORGE
[05Jan2026 06:00:06.320] [modloading-worker-0/DEBUG] [net.minecraftforge.fml.javafmlmod.AutomaticEventSubscriber/LOADING]: Auto-subscribing com.github.teamfossilsarcheology.fossil.forge.data.DataGenerators to MOD
[05Jan2026 06:00:06.322] [main/DEBUG] [net.minecraftforge.fml.DeferredWorkQueue/LOADING]: Dispatching synchronous work for work queue CONSTRUCT: 2 jobs
[05Jan2026 06:00:06.323] [main/DEBUG] [net.minecraftforge.fml.config.ConfigTracker/CONFIG]: Config file iterpg.toml for iter_rpg tracking
[05Jan2026 06:00:06.324] [main/DEBUG] [net.minecraftforge.fml.DeferredWorkQueue/LOADING]: Synchronous work queue completed in 1.629 ms
[05Jan2026 06:00:06.392] [main/DEBUG] [net.minecraftforge.common.capabilities.CapabilityManager/CAPABILITIES]: Attempting to automatically register: Lcom/cerbon/bosses_of_mass_destruction/capability/ChunkBlockCacheProvider;
[05Jan2026 06:00:06.392] [main/DEBUG] [net.minecraftforge.common.capabilities.CapabilityManager/CAPABILITIES]: Attempting to automatically register: Lcom/cerbon/cerbons_api/capability/providers/BlockPosHistoryProvider;
[05Jan2026 06:00:06.392] [main/DEBUG] [net.minecraftforge.common.capabilities.CapabilityManager/CAPABILITIES]: Attempting to automatically register: Lcom/cerbon/cerbons_api/capability/providers/LevelEventSchedulerProvider;
[05Jan2026 06:00:06.392] [main/DEBUG] [net.minecraftforge.common.capabilities.CapabilityManager/CAPABILITIES]: Attempting to automatically register: Lcom/cerbon/cerbons_api/capability/providers/Vec3HistoryProvider;
[05Jan2026 06:00:06.392] [main/DEBUG] [net.minecraftforge.common.capabilities.CapabilityManager/CAPABILITIES]: Attempting to automatically register: Lcom/github/eterdelta/crittersandcompanions/capability/IBubbleStateCapability;
[05Jan2026 06:00:06.392] [main/DEBUG] [net.minecraftforge.common.capabilities.CapabilityManager/CAPABILITIES]: Attempting to automatically register: Lcom/github/eterdelta/crittersandcompanions/capability/IGrapplingStateCapability;
[05Jan2026 06:00:06.392] [main/DEBUG] [net.minecraftforge.common.capabilities.CapabilityManager/CAPABILITIES]: Attempting to automatically register: Lcom/github/eterdelta/crittersandcompanions/capability/ISilkLeashStateCapability;
[05Jan2026 06:00:06.392] [main/DEBUG] [net.minecraftforge.common.capabilities.CapabilityManager/CAPABILITIES]: Attempting to automatically register: Lnet/minecraftforge/energy/IEnergyStorage;
[05Jan2026 06:00:06.392] [main/DEBUG] [net.minecraftforge.common.capabilities.CapabilityManager/CAPABILITIES]: Attempting to automatically register: Lnet/minecraftforge/fluids/capability/IFluidHandler;
[05Jan2026 06:00:06.392] [main/DEBUG] [net.minecraftforge.common.capabilities.CapabilityManager/CAPABILITIES]: Attempting to automatically register: Lnet/minecraftforge/fluids/capability/IFluidHandlerItem;
[05Jan2026 06:00:06.392] [main/DEBUG] [net.minecraftforge.common.capabilities.CapabilityManager/CAPABILITIES]: Attempting to automatically register: Lnet/minecraftforge/items/IItemHandler;
[05Jan2026 06:00:06.399] [main/DEBUG] [Spartan Weaponry/]: Registered oil capability!
[05Jan2026 06:00:08.327] [main/DEBUG] [software.bernie.geckolib.GeckoLib/]: Registered SyncedAnimatable for class com.nitespring.bloodborne.common.items.MusicBoxItem
[05Jan2026 06:00:08.332] [main/DEBUG] [software.bernie.geckolib.GeckoLib/]: Registered SyncedAnimatable for class com.nitespring.bloodborne.common.items.weapons.special.ThreadedCaneWhip
[05Jan2026 06:00:09.464] [main/DEBUG] [dev.architectury.core.item.ArchitecturySpawnEggItem/]: Registering spawn egg spawn_egg_alligator_gar for fossil:alligator_gar
[05Jan2026 06:00:09.464] [main/DEBUG] [dev.architectury.core.item.ArchitecturySpawnEggItem/]: Registering spawn egg spawn_egg_allosaurus for fossil:allosaurus
[05Jan2026 06:00:09.464] [main/DEBUG] [dev.architectury.core.item.ArchitecturySpawnEggItem/]: Registering spawn egg spawn_egg_ankylosaurus for fossil:ankylosaurus
[05Jan2026 06:00:09.464] [main/DEBUG] [dev.architectury.core.item.ArchitecturySpawnEggItem/]: Registering spawn egg spawn_egg_aquilolamna for fossil:aquilolamna
[05Jan2026 06:00:09.464] [main/DEBUG] [dev.architectury.core.item.ArchitecturySpawnEggItem/]: Registering spawn egg spawn_egg_arthropleura for fossil:arthropleura
[05Jan2026 06:00:09.464] [main/DEBUG] [dev.architectury.core.item.ArchitecturySpawnEggItem/]: Registering spawn egg spawn_egg_brachiosaurus for fossil:brachiosaurus
[05Jan2026 06:00:09.464] [main/DEBUG] [dev.architectury.core.item.ArchitecturySpawnEggItem/]: Registering spawn egg spawn_egg_ceratosaurus for fossil:ceratosaurus
[05Jan2026 06:00:09.464] [main/DEBUG] [dev.architectury.core.item.ArchitecturySpawnEggItem/]: Registering spawn egg spawn_egg_citipati for fossil:citipati
[05Jan2026 06:00:09.464] [main/DEBUG] [dev.architectury.core.item.ArchitecturySpawnEggItem/]: Registering spawn egg spawn_egg_coelacanth for fossil:coelacanth
[05Jan2026 06:00:09.465] [main/DEBUG] [dev.architectury.core.item.ArchitecturySpawnEggItem/]: Registering spawn egg spawn_egg_compsognathus for fossil:compsognathus
[05Jan2026 06:00:09.465] [main/DEBUG] [dev.architectury.core.item.ArchitecturySpawnEggItem/]: Registering spawn egg spawn_egg_confuciusornis for fossil:confuciusornis
[05Jan2026 06:00:09.465] [main/DEBUG] [dev.architectury.core.item.ArchitecturySpawnEggItem/]: Registering spawn egg spawn_egg_crassigyrinus for fossil:crassigyrinus
[05Jan2026 06:00:09.465] [main/DEBUG] [dev.architectury.core.item.ArchitecturySpawnEggItem/]: Registering spawn egg spawn_egg_deinonychus for fossil:deinonychus
[05Jan2026 06:00:09.465] [main/DEBUG] [dev.architectury.core.item.ArchitecturySpawnEggItem/]: Registering spawn egg spawn_egg_dilophosaurus for fossil:dilophosaurus
[05Jan2026 06:00:09.465] [main/DEBUG] [dev.architectury.core.item.ArchitecturySpawnEggItem/]: Registering spawn egg spawn_egg_dimetrodon for fossil:dimetrodon
[05Jan2026 06:00:09.465] [main/DEBUG] [dev.architectury.core.item.ArchitecturySpawnEggItem/]: Registering spawn egg spawn_egg_dimorphodon for fossil:dimorphodon
[05Jan2026 06:00:09.465] [main/DEBUG] [dev.architectury.core.item.ArchitecturySpawnEggItem/]: Registering spawn egg spawn_egg_diplocaulus for fossil:diplocaulus
[05Jan2026 06:00:09.466] [main/DEBUG] [dev.architectury.core.item.ArchitecturySpawnEggItem/]: Registering spawn egg spawn_egg_diplodocus for fossil:diplodocus
[05Jan2026 06:00:09.466] [main/DEBUG] [dev.architectury.core.item.ArchitecturySpawnEggItem/]: Registering spawn egg spawn_egg_dodo for fossil:dodo
[05Jan2026 06:00:09.466] [main/DEBUG] [dev.architectury.core.item.ArchitecturySpawnEggItem/]: Registering spawn egg spawn_egg_dryosaurus for fossil:dryosaurus
[05Jan2026 06:00:09.466] [main/DEBUG] [dev.architectury.core.item.ArchitecturySpawnEggItem/]: Registering spawn egg spawn_egg_edaphosaurus for fossil:edaphosaurus
[05Jan2026 06:00:09.466] [main/DEBUG] [dev.architectury.core.item.ArchitecturySpawnEggItem/]: Registering spawn egg spawn_egg_elasmotherium for fossil:elasmotherium
[05Jan2026 06:00:09.466] [main/DEBUG] [dev.architectury.core.item.ArchitecturySpawnEggItem/]: Registering spawn egg spawn_egg_gallimimus for fossil:gallimimus
[05Jan2026 06:00:09.467] [main/DEBUG] [dev.architectury.core.item.ArchitecturySpawnEggItem/]: Registering spawn egg spawn_egg_gastornis for fossil:gastornis
[05Jan2026 06:00:09.467] [main/DEBUG] [dev.architectury.core.item.ArchitecturySpawnEggItem/]: Registering spawn egg spawn_egg_henodus for fossil:henodus
[05Jan2026 06:00:09.467] [main/DEBUG] [dev.architectury.core.item.ArchitecturySpawnEggItem/]: Registering spawn egg spawn_egg_ichthyosaurus for fossil:ichthyosaurus
[05Jan2026 06:00:09.467] [main/DEBUG] [dev.architectury.core.item.ArchitecturySpawnEggItem/]: Registering spawn egg spawn_egg_kelenken for fossil:kelenken
[05Jan2026 06:00:09.467] [main/DEBUG] [dev.architectury.core.item.ArchitecturySpawnEggItem/]: Registering spawn egg spawn_egg_liopleurodon for fossil:liopleurodon
[05Jan2026 06:00:09.467] [main/DEBUG] [dev.architectury.core.item.ArchitecturySpawnEggItem/]: Registering spawn egg spawn_egg_mammoth for fossil:mammoth
[05Jan2026 06:00:09.467] [main/DEBUG] [dev.architectury.core.item.ArchitecturySpawnEggItem/]: Registering spawn egg spawn_egg_megalania for fossil:megalania
[05Jan2026 06:00:09.468] [main/DEBUG] [dev.architectury.core.item.ArchitecturySpawnEggItem/]: Registering spawn egg spawn_egg_megaloceros for fossil:megaloceros
[05Jan2026 06:00:09.468] [main/DEBUG] [dev.architectury.core.item.ArchitecturySpawnEggItem/]: Registering spawn egg spawn_egg_megalodon for fossil:megalodon
[05Jan2026 06:00:09.468] [main/DEBUG] [dev.architectury.core.item.ArchitecturySpawnEggItem/]: Registering spawn egg spawn_egg_megalograptus for fossil:megalograptus
[05Jan2026 06:00:09.468] [main/DEBUG] [dev.architectury.core.item.ArchitecturySpawnEggItem/]: Registering spawn egg spawn_egg_meganeura for fossil:meganeura
[05Jan2026 06:00:09.468] [main/DEBUG] [dev.architectury.core.item.ArchitecturySpawnEggItem/]: Registering spawn egg spawn_egg_mosasaurus for fossil:mosasaurus
[05Jan2026 06:00:09.468] [main/DEBUG] [dev.architectury.core.item.ArchitecturySpawnEggItem/]: Registering spawn egg spawn_egg_nautilus for fossil:nautilus
[05Jan2026 06:00:09.469] [main/DEBUG] [dev.architectury.core.item.ArchitecturySpawnEggItem/]: Registering spawn egg spawn_egg_ornitholestes for fossil:ornitholestes
[05Jan2026 06:00:09.469] [main/DEBUG] [dev.architectury.core.item.ArchitecturySpawnEggItem/]: Registering spawn egg spawn_egg_pachycephalosaurus for fossil:pachycephalosaurus
[05Jan2026 06:00:09.469] [main/DEBUG] [dev.architectury.core.item.ArchitecturySpawnEggItem/]: Registering spawn egg spawn_egg_pachyrhinosaurus for fossil:pachyrhinosaurus
[05Jan2026 06:00:09.469] [main/DEBUG] [dev.architectury.core.item.ArchitecturySpawnEggItem/]: Registering spawn egg spawn_egg_parasaurolophus for fossil:parasaurolophus
[05Jan2026 06:00:09.469] [main/DEBUG] [dev.architectury.core.item.ArchitecturySpawnEggItem/]: Registering spawn egg spawn_egg_phorusrhacos for fossil:phorusrhacos
[05Jan2026 06:00:09.470] [main/DEBUG] [dev.architectury.core.item.ArchitecturySpawnEggItem/]: Registering spawn egg spawn_egg_platybelodon for fossil:platybelodon
[05Jan2026 06:00:09.470] [main/DEBUG] [dev.architectury.core.item.ArchitecturySpawnEggItem/]: Registering spawn egg spawn_egg_plesiosaurus for fossil:plesiosaurus
[05Jan2026 06:00:09.470] [main/DEBUG] [dev.architectury.core.item.ArchitecturySpawnEggItem/]: Registering spawn egg spawn_egg_protoceratops for fossil:protoceratops
[05Jan2026 06:00:09.470] [main/DEBUG] [dev.architectury.core.item.ArchitecturySpawnEggItem/]: Registering spawn egg spawn_egg_psittacosaurus for fossil:psittacosaurus
[05Jan2026 06:00:09.470] [main/DEBUG] [dev.architectury.core.item.ArchitecturySpawnEggItem/]: Registering spawn egg spawn_egg_pteranodon for fossil:pteranodon
[05Jan2026 06:00:09.470] [main/DEBUG] [dev.architectury.core.item.ArchitecturySpawnEggItem/]: Registering spawn egg spawn_egg_quagga for fossil:quagga
[05Jan2026 06:00:09.471] [main/DEBUG] [dev.architectury.core.item.ArchitecturySpawnEggItem/]: Registering spawn egg spawn_egg_quetzalcoatlus for fossil:quetzalcoatlus
[05Jan2026 06:00:09.471] [main/DEBUG] [dev.architectury.core.item.ArchitecturySpawnEggItem/]: Registering spawn egg spawn_egg_sarcosuchus for fossil:sarcosuchus
[05Jan2026 06:00:09.471] [main/DEBUG] [dev.architectury.core.item.ArchitecturySpawnEggItem/]: Registering spawn egg spawn_egg_smilodon for fossil:smilodon
[05Jan2026 06:00:09.471] [main/DEBUG] [dev.architectury.core.item.ArchitecturySpawnEggItem/]: Registering spawn egg spawn_egg_spinosaurus for fossil:spinosaurus
[05Jan2026 06:00:09.471] [main/DEBUG] [dev.architectury.core.item.ArchitecturySpawnEggItem/]: Registering spawn egg spawn_egg_stegosaurus for fossil:stegosaurus
[05Jan2026 06:00:09.472] [main/DEBUG] [dev.architectury.core.item.ArchitecturySpawnEggItem/]: Registering spawn egg spawn_egg_sturgeon for fossil:sturgeon
[05Jan2026 06:00:09.472] [main/DEBUG] [dev.architectury.core.item.ArchitecturySpawnEggItem/]: Registering spawn egg spawn_egg_therizinosaurus for fossil:therizinosaurus
[05Jan2026 06:00:09.472] [main/DEBUG] [dev.architectury.core.item.ArchitecturySpawnEggItem/]: Registering spawn egg spawn_egg_tiktaalik for fossil:tiktaalik
[05Jan2026 06:00:09.472] [main/DEBUG] [dev.architectury.core.item.ArchitecturySpawnEggItem/]: Registering spawn egg spawn_egg_titanis for fossil:titanis
[05Jan2026 06:00:09.472] [main/DEBUG] [dev.architectury.core.item.ArchitecturySpawnEggItem/]: Registering spawn egg spawn_egg_triceratops for fossil:triceratops
[05Jan2026 06:00:09.472] [main/DEBUG] [dev.architectury.core.item.ArchitecturySpawnEggItem/]: Registering spawn egg spawn_egg_tyrannosaurus for fossil:tyrannosaurus
[05Jan2026 06:00:09.473] [main/DEBUG] [dev.architectury.core.item.ArchitecturySpawnEggItem/]: Registering spawn egg spawn_egg_velociraptor for fossil:velociraptor
[05Jan2026 06:00:09.473] [main/DEBUG] [dev.architectury.core.item.ArchitecturySpawnEggItem/]: Registering spawn egg spawn_egg_dicranurus for fossil:dicranurus
[05Jan2026 06:00:09.473] [main/DEBUG] [dev.architectury.core.item.ArchitecturySpawnEggItem/]: Registering spawn egg spawn_egg_lonchodomas for fossil:lonchodomas
[05Jan2026 06:00:09.473] [main/DEBUG] [dev.architectury.core.item.ArchitecturySpawnEggItem/]: Registering spawn egg spawn_egg_scotoharpes for fossil:scotoharpes
[05Jan2026 06:00:09.473] [main/DEBUG] [dev.architectury.core.item.ArchitecturySpawnEggItem/]: Registering spawn egg spawn_egg_walliserops for fossil:walliserops
[05Jan2026 06:00:09.474] [main/DEBUG] [dev.architectury.core.item.ArchitecturySpawnEggItem/]: Registering spawn egg spawn_egg_failuresaurus for fossil:failuresaurus
[05Jan2026 06:00:09.474] [main/DEBUG] [dev.architectury.core.item.ArchitecturySpawnEggItem/]: Registering spawn egg spawn_egg_tar_slime for fossil:tar_slime
[05Jan2026 06:00:09.475] [main/DEBUG] [dev.architectury.core.item.ArchitecturySpawnEggItem/]: Registering spawn egg spawn_egg_anu_boss for fossil:anu_boss
[05Jan2026 06:00:09.475] [main/DEBUG] [dev.architectury.core.item.ArchitecturySpawnEggItem/]: Registering spawn egg spawn_egg_sentry_piglin for fossil:sentry_piglin
[05Jan2026 06:00:09.503] [main/DEBUG] [mixin/]: Mixing ItemStackHandlerMixin from valhelsia_core.mixins.json into net.minecraftforge.items.ItemStackHandler
[05Jan2026 06:00:09.855] [main/DEBUG] [mixin/]: Mixing SpawnRestrictionAccessor from graveyard-common.mixins.json into net.minecraft.world.entity.SpawnPlacements
[05Jan2026 06:00:09.856] [main/DEBUG] [mixin/]: Renaming @Invoker method callRegister(Lnet/minecraft/world/entity/EntityType;Lnet/minecraft/world/entity/SpawnPlacements$Type;Lnet/minecraft/world/level/levelgen/Heightmap$Types;Lnet/minecraft/world/entity/SpawnPlacements$SpawnPredicate;)V to callRegister_$md$5ff234$0 in graveyard-common.mixins.json:SpawnRestrictionAccessor
[05Jan2026 06:00:09.914] [main/WARN] [net.minecraft.network.syncher.SynchedEntityData/]: defineId called for: class com.nitespring.bloodborne.common.entities.mobs.parent.AbstractBloodborneEntity from class com.nitespring.bloodborne.common.entities.mobs.parent.AbstractHuntsmanEntity
[05Jan2026 06:00:09.915] [main/WARN] [net.minecraft.network.syncher.SynchedEntityData/]: defineId called for: class com.nitespring.bloodborne.common.entities.mobs.parent.AbstractBloodborneEntity from class com.nitespring.bloodborne.common.entities.mobs.parent.AbstractHuntsmanEntity
[05Jan2026 06:00:09.926] [main/WARN] [net.minecraft.network.syncher.SynchedEntityData/]: defineId called for: class net.mcreator.borninchaosv.entity.BabySpiderEntity from class net.mcreator.borninchaosv.entity.MotherSpiderEntity
[05Jan2026 06:00:09.936] [main/WARN] [net.minecraft.network.syncher.SynchedEntityData/]: defineId called for: class net.miauczel.legendary_monsters.entity.AnimatedMonster.Mobs.Shulker_MimicEntity from class net.miauczel.legendary_monsters.entity.AnimatedMonster.Old.OldShulkerMimic
[05Jan2026 06:00:09.937] [main/WARN] [net.minecraft.network.syncher.SynchedEntityData/]: defineId called for: class net.miauczel.legendary_monsters.entity.AnimatedMonster.IAnimatedBoss.CloudGolem.Cloud_GolemEntity from class net.miauczel.legendary_monsters.entity.AnimatedMonster.OriginClasses.IAnimatedBoss
[05Jan2026 06:00:09.937] [main/WARN] [net.minecraft.network.syncher.SynchedEntityData/]: defineId called for: class net.miauczel.legendary_monsters.entity.AnimatedMonster.IAnimatedBoss.CloudGolem.Cloud_GolemEntity from class net.miauczel.legendary_monsters.entity.AnimatedMonster.OriginClasses.IAnimatedBoss
[05Jan2026 06:00:09.937] [main/WARN] [net.minecraft.network.syncher.SynchedEntityData/]: defineId called for: class net.miauczel.legendary_monsters.entity.AnimatedMonster.IAnimatedBoss.CloudGolem.Cloud_GolemEntity from class net.miauczel.legendary_monsters.entity.AnimatedMonster.OriginClasses.IAnimatedBoss
[05Jan2026 06:00:09.958] [main/DEBUG] [net.minecraftforge.fml.config.ConfigTracker/CONFIG]: Loading configs type COMMON
[05Jan2026 06:00:09.959] [main/DEBUG] [net.minecraftforge.fml.config.ConfigFileTypeHandler/CONFIG]: Built TOML config for /workspaces/thepapu/servidor_minecraft/config/naturalist.toml
[05Jan2026 06:00:09.960] [main/DEBUG] [net.minecraftforge.fml.config.ConfigFileTypeHandler/CONFIG]: Loaded TOML config file /workspaces/thepapu/servidor_minecraft/config/naturalist.toml
[05Jan2026 06:00:09.963] [main/DEBUG] [net.minecraftforge.fml.config.ConfigFileTypeHandler/CONFIG]: Watching TOML config file /workspaces/thepapu/servidor_minecraft/config/naturalist.toml for changes
[05Jan2026 06:00:09.964] [Thread-1/DEBUG] [net.minecraftforge.fml.config.ConfigFileTypeHandler/CONFIG]: Config file naturalist.toml changed, sending notifies
[05Jan2026 06:00:09.964] [main/DEBUG] [net.minecraftforge.fml.config.ConfigFileTypeHandler/CONFIG]: Built TOML config for /workspaces/thepapu/servidor_minecraft/config/citadel-common.toml
[05Jan2026 06:00:09.964] [main/DEBUG] [net.minecraftforge.fml.config.ConfigFileTypeHandler/CONFIG]: Loaded TOML config file /workspaces/thepapu/servidor_minecraft/config/citadel-common.toml
[05Jan2026 06:00:09.965] [main/DEBUG] [net.minecraftforge.fml.config.ConfigFileTypeHandler/CONFIG]: Watching TOML config file /workspaces/thepapu/servidor_minecraft/config/citadel-common.toml for changes
[05Jan2026 06:00:09.965] [Thread-1/DEBUG] [net.minecraftforge.fml.config.ConfigFileTypeHandler/CONFIG]: Config file naturalist.toml changed, sending notifies
[05Jan2026 06:00:09.965] [Thread-1/DEBUG] [net.minecraftforge.fml.config.ConfigFileTypeHandler/CONFIG]: Config file citadel-common.toml changed, sending notifies
[05Jan2026 06:00:09.965] [Thread-1/DEBUG] [net.minecraftforge.fml.config.ConfigFileTypeHandler/CONFIG]: Config file citadel-common.toml changed, sending notifies
[05Jan2026 06:00:09.965] [main/DEBUG] [net.minecraftforge.fml.config.ConfigFileTypeHandler/CONFIG]: Built TOML config for /workspaces/thepapu/servidor_minecraft/config/travelersbackpack-common.toml
[05Jan2026 06:00:09.966] [main/DEBUG] [net.minecraftforge.fml.config.ConfigFileTypeHandler/CONFIG]: Loaded TOML config file /workspaces/thepapu/servidor_minecraft/config/travelersbackpack-common.toml
[05Jan2026 06:00:09.966] [main/DEBUG] [net.minecraftforge.fml.config.ConfigFileTypeHandler/CONFIG]: Watching TOML config file /workspaces/thepapu/servidor_minecraft/config/travelersbackpack-common.toml for changes
[05Jan2026 06:00:09.970] [main/DEBUG] [net.minecraftforge.fml.config.ConfigFileTypeHandler/CONFIG]: Built TOML config for /workspaces/thepapu/servidor_minecraft/config/grimoireofgaia-common.toml
[05Jan2026 06:00:09.971] [Thread-1/DEBUG] [net.minecraftforge.fml.config.ConfigFileTypeHandler/CONFIG]: Config file travelersbackpack-common.toml changed, sending notifies
[05Jan2026 06:00:09.971] [main/DEBUG] [net.minecraftforge.fml.config.ConfigFileTypeHandler/CONFIG]: Loaded TOML config file /workspaces/thepapu/servidor_minecraft/config/grimoireofgaia-common.toml
[05Jan2026 06:00:09.971] [main/DEBUG] [net.minecraftforge.fml.config.ConfigFileTypeHandler/CONFIG]: Watching TOML config file /workspaces/thepapu/servidor_minecraft/config/grimoireofgaia-common.toml for changes
[05Jan2026 06:00:09.972] [main/DEBUG] [net.minecraftforge.fml.config.ConfigFileTypeHandler/CONFIG]: Built TOML config for /workspaces/thepapu/servidor_minecraft/config/iceandfire-common.toml
[05Jan2026 06:00:09.974] [main/DEBUG] [net.minecraftforge.fml.config.ConfigFileTypeHandler/CONFIG]: Loaded TOML config file /workspaces/thepapu/servidor_minecraft/config/iceandfire-common.toml
[05Jan2026 06:00:09.974] [main/DEBUG] [net.minecraftforge.fml.config.ConfigFileTypeHandler/CONFIG]: Watching TOML config file /workspaces/thepapu/servidor_minecraft/config/iceandfire-common.toml for changes
[05Jan2026 06:00:09.977] [Thread-1/DEBUG] [net.minecraftforge.fml.config.ConfigFileTypeHandler/CONFIG]: Config file travelersbackpack-common.toml changed, sending notifies
[05Jan2026 06:00:09.998] [Thread-1/DEBUG] [net.minecraftforge.fml.config.ConfigFileTypeHandler/CONFIG]: Config file iceandfire-common.toml changed, sending notifies
[05Jan2026 06:00:10.000] [Thread-1/DEBUG] [net.minecraftforge.fml.config.ConfigFileTypeHandler/CONFIG]: Config file iceandfire-common.toml changed, sending notifies
[05Jan2026 06:00:10.001] [Thread-1/DEBUG] [net.minecraftforge.fml.config.ConfigFileTypeHandler/CONFIG]: Config file iceandfire-common.toml changed, sending notifies
[05Jan2026 06:00:10.001] [main/DEBUG] [net.minecraftforge.fml.config.ConfigFileTypeHandler/CONFIG]: Built TOML config for /workspaces/thepapu/servidor_minecraft/config/alexsmobs.toml
[05Jan2026 06:00:10.005] [main/DEBUG] [net.minecraftforge.fml.config.ConfigFileTypeHandler/CONFIG]: Loaded TOML config file /workspaces/thepapu/servidor_minecraft/config/alexsmobs.toml
[05Jan2026 06:00:10.006] [main/DEBUG] [net.minecraftforge.fml.config.ConfigFileTypeHandler/CONFIG]: Watching TOML config file /workspaces/thepapu/servidor_minecraft/config/alexsmobs.toml for changes
[05Jan2026 06:00:10.042] [Thread-1/DEBUG] [net.minecraftforge.fml.config.ConfigFileTypeHandler/CONFIG]: Config file alexsmobs.toml changed, sending notifies
[05Jan2026 06:00:10.043] [main/DEBUG] [net.minecraftforge.fml.config.ConfigFileTypeHandler/CONFIG]: Built TOML config for /workspaces/thepapu/servidor_minecraft/config/swampier_swamps-common.toml
[05Jan2026 06:00:10.044] [main/DEBUG] [net.minecraftforge.fml.config.ConfigFileTypeHandler/CONFIG]: Loaded TOML config file /workspaces/thepapu/servidor_minecraft/config/swampier_swamps-common.toml
[05Jan2026 06:00:10.044] [main/DEBUG] [net.minecraftforge.fml.config.ConfigFileTypeHandler/CONFIG]: Watching TOML config file /workspaces/thepapu/servidor_minecraft/config/swampier_swamps-common.toml for changes
[05Jan2026 06:00:10.045] [main/DEBUG] [net.minecraftforge.fml.config.ConfigFileTypeHandler/CONFIG]: Built TOML config for /workspaces/thepapu/servidor_minecraft/config/zillagersweararmor-common.toml
[05Jan2026 06:00:10.046] [main/DEBUG] [net.minecraftforge.fml.config.ConfigFileTypeHandler/CONFIG]: Loaded TOML config file /workspaces/thepapu/servidor_minecraft/config/zillagersweararmor-common.toml
[05Jan2026 06:00:10.046] [main/DEBUG] [net.minecraftforge.fml.config.ConfigFileTypeHandler/CONFIG]: Watching TOML config file /workspaces/thepapu/servidor_minecraft/config/zillagersweararmor-common.toml for changes
[05Jan2026 06:00:10.047] [main/DEBUG] [net.minecraftforge.fml.config.ConfigFileTypeHandler/CONFIG]: Built TOML config for /workspaces/thepapu/servidor_minecraft/config/morevillagers-common.toml
[05Jan2026 06:00:10.047] [main/DEBUG] [net.minecraftforge.fml.config.ConfigFileTypeHandler/CONFIG]: Loaded TOML config file /workspaces/thepapu/servidor_minecraft/config/morevillagers-common.toml
[05Jan2026 06:00:10.048] [main/DEBUG] [net.minecraftforge.fml.config.ConfigFileTypeHandler/CONFIG]: Watching TOML config file /workspaces/thepapu/servidor_minecraft/config/morevillagers-common.toml for changes
[05Jan2026 06:00:10.048] [main/DEBUG] [net.minecraftforge.fml.config.ConfigFileTypeHandler/CONFIG]: Built TOML config for /workspaces/thepapu/servidor_minecraft/config/bloodandmadness-common.toml
[05Jan2026 06:00:10.049] [main/DEBUG] [net.minecraftforge.fml.config.ConfigFileTypeHandler/CONFIG]: Loaded TOML config file /workspaces/thepapu/servidor_minecraft/config/bloodandmadness-common.toml
[05Jan2026 06:00:10.049] [main/DEBUG] [net.minecraftforge.fml.config.ConfigFileTypeHandler/CONFIG]: Watching TOML config file /workspaces/thepapu/servidor_minecraft/config/bloodandmadness-common.toml for changes
[05Jan2026 06:00:10.050] [main/DEBUG] [net.minecraftforge.fml.config.ConfigFileTypeHandler/CONFIG]: Built TOML config for /workspaces/thepapu/servidor_minecraft/config/biomesoplenty/generation.toml
[05Jan2026 06:00:10.050] [main/DEBUG] [net.minecraftforge.fml.config.ConfigFileTypeHandler/CONFIG]: Loaded TOML config file /workspaces/thepapu/servidor_minecraft/config/biomesoplenty/generation.toml
[05Jan2026 06:00:10.054] [main/DEBUG] [net.minecraftforge.fml.config.ConfigFileTypeHandler/CONFIG]: Watching TOML config file /workspaces/thepapu/servidor_minecraft/config/biomesoplenty/generation.toml for changes
[05Jan2026 06:00:10.056] [main/DEBUG] [net.minecraftforge.fml.config.ConfigFileTypeHandler/CONFIG]: Built TOML config for /workspaces/thepapu/servidor_minecraft/config/endrem.toml
[05Jan2026 06:00:10.056] [main/DEBUG] [net.minecraftforge.fml.config.ConfigFileTypeHandler/CONFIG]: Loaded TOML config file /workspaces/thepapu/servidor_minecraft/config/endrem.toml
[05Jan2026 06:00:10.056] [main/DEBUG] [net.minecraftforge.fml.config.ConfigFileTypeHandler/CONFIG]: Watching TOML config file /workspaces/thepapu/servidor_minecraft/config/endrem.toml for changes
[05Jan2026 06:00:10.057] [main/DEBUG] [net.minecraftforge.fml.config.ConfigFileTypeHandler/CONFIG]: Built TOML config for /workspaces/thepapu/servidor_minecraft/config/philips-ruins-common-configs.toml
[05Jan2026 06:00:10.057] [main/DEBUG] [net.minecraftforge.fml.config.ConfigFileTypeHandler/CONFIG]: Loaded TOML config file /workspaces/thepapu/servidor_minecraft/config/philips-ruins-common-configs.toml
[05Jan2026 06:00:10.058] [main/DEBUG] [net.minecraftforge.fml.config.ConfigFileTypeHandler/CONFIG]: Watching TOML config file /workspaces/thepapu/servidor_minecraft/config/philips-ruins-common-configs.toml for changes
[05Jan2026 06:00:10.058] [main/WARN] [net.minecraftforge.common.ForgeConfigSpec/CORE]: Configuration file /workspaces/thepapu/servidor_minecraft/config/philips-ruins-common-configs.toml is not correct. Correcting
[05Jan2026 06:00:10.059] [main/WARN] [net.minecraftforge.common.ForgeConfigSpec/CORE]: Incorrect key Philip's Ruins.Structure Spawn Seed was corrected from 1 to its default, 1. 
[05Jan2026 06:00:10.059] [Thread-1/DEBUG] [net.minecraftforge.fml.config.ConfigFileTypeHandler/CONFIG]: Config file philips-ruins-common-configs.toml changed, sending notifies
[05Jan2026 06:00:10.059] [Thread-1/DEBUG] [net.minecraftforge.fml.config.ConfigFileTypeHandler/CONFIG]: Config file philips-ruins-common-configs.toml changed, sending notifies
[05Jan2026 06:00:10.060] [Thread-1/DEBUG] [net.minecraftforge.fml.config.ConfigFileTypeHandler/CONFIG]: Config file philips-ruins-common-configs.toml changed, sending notifies
[05Jan2026 06:00:10.060] [Thread-1/DEBUG] [net.minecraftforge.fml.config.ConfigFileTypeHandler/CONFIG]: Config file philips-ruins-common-configs.toml changed, sending notifies
[05Jan2026 06:00:10.060] [main/DEBUG] [net.minecraftforge.fml.config.ConfigFileTypeHandler/CONFIG]: Built TOML config for /workspaces/thepapu/servidor_minecraft/config/cataclysm.toml
[05Jan2026 06:00:10.061] [main/DEBUG] [net.minecraftforge.fml.config.ConfigFileTypeHandler/CONFIG]: Loaded TOML config file /workspaces/thepapu/servidor_minecraft/config/cataclysm.toml
[05Jan2026 06:00:10.062] [main/DEBUG] [net.minecraftforge.fml.config.ConfigFileTypeHandler/CONFIG]: Watching TOML config file /workspaces/thepapu/servidor_minecraft/config/cataclysm.toml for changes
[05Jan2026 06:00:10.071] [Thread-1/DEBUG] [net.minecraftforge.fml.config.ConfigFileTypeHandler/CONFIG]: Config file cataclysm.toml changed, sending notifies
[05Jan2026 06:00:10.071] [main/DEBUG] [net.minecraftforge.fml.config.ConfigFileTypeHandler/CONFIG]: Built TOML config for /workspaces/thepapu/servidor_minecraft/config/forbidden_arcanus-common.toml
[05Jan2026 06:00:10.072] [main/DEBUG] [net.minecraftforge.fml.config.ConfigFileTypeHandler/CONFIG]: Loaded TOML config file /workspaces/thepapu/servidor_minecraft/config/forbidden_arcanus-common.toml
[05Jan2026 06:00:10.072] [main/DEBUG] [net.minecraftforge.fml.config.ConfigFileTypeHandler/CONFIG]: Watching TOML config file /workspaces/thepapu/servidor_minecraft/config/forbidden_arcanus-common.toml for changes
[05Jan2026 06:00:10.073] [main/DEBUG] [net.minecraftforge.fml.config.ConfigFileTypeHandler/CONFIG]: Built TOML config for /workspaces/thepapu/servidor_minecraft/config/curios-common.toml
[05Jan2026 06:00:10.073] [main/DEBUG] [net.minecraftforge.fml.config.ConfigFileTypeHandler/CONFIG]: Loaded TOML config file /workspaces/thepapu/servidor_minecraft/config/curios-common.toml
[05Jan2026 06:00:10.073] [main/DEBUG] [net.minecraftforge.fml.config.ConfigFileTypeHandler/CONFIG]: Watching TOML config file /workspaces/thepapu/servidor_minecraft/config/curios-common.toml for changes
[05Jan2026 06:00:10.073] [main/DEBUG] [net.minecraftforge.fml.config.ConfigFileTypeHandler/CONFIG]: Built TOML config for /workspaces/thepapu/servidor_minecraft/config/spartanshields-common.toml
[05Jan2026 06:00:10.074] [main/DEBUG] [net.minecraftforge.fml.config.ConfigFileTypeHandler/CONFIG]: Loaded TOML config file /workspaces/thepapu/servidor_minecraft/config/spartanshields-common.toml
[05Jan2026 06:00:10.074] [main/DEBUG] [net.minecraftforge.fml.config.ConfigFileTypeHandler/CONFIG]: Watching TOML config file /workspaces/thepapu/servidor_minecraft/config/spartanshields-common.toml for changes
[05Jan2026 06:00:10.076] [Thread-1/DEBUG] [net.minecraftforge.fml.config.ConfigFileTypeHandler/CONFIG]: Config file cataclysm.toml changed, sending notifies
[05Jan2026 06:00:10.075] [main/INFO] [Spartan Shields/]: Loading config spartanshields-common.toml
[05Jan2026 06:00:10.077] [main/DEBUG] [Spartan Shields/]: Reloading durability values for Shields!
[05Jan2026 06:00:10.080] [main/DEBUG] [net.minecraftforge.fml.config.ConfigFileTypeHandler/CONFIG]: Built TOML config for /workspaces/thepapu/servidor_minecraft/config/legendary_monsters-common.toml
[05Jan2026 06:00:10.080] [main/DEBUG] [net.minecraftforge.fml.config.ConfigFileTypeHandler/CONFIG]: Loaded TOML config file /workspaces/thepapu/servidor_minecraft/config/legendary_monsters-common.toml
[05Jan2026 06:00:10.081] [main/DEBUG] [net.minecraftforge.fml.config.ConfigFileTypeHandler/CONFIG]: Watching TOML config file /workspaces/thepapu/servidor_minecraft/config/legendary_monsters-common.toml for changes
[05Jan2026 06:00:10.081] [Thread-1/DEBUG] [net.minecraftforge.fml.config.ConfigFileTypeHandler/CONFIG]: Config file spartanshields-common.toml changed, sending notifies
[05Jan2026 06:00:10.081] [Thread-1/INFO] [Spartan Shields/]: Loading config spartanshields-common.toml
[05Jan2026 06:00:10.082] [Thread-1/DEBUG] [Spartan Shields/]: Reloading durability values for Shields!
[05Jan2026 06:00:10.083] [main/DEBUG] [net.minecraftforge.fml.config.ConfigFileTypeHandler/CONFIG]: Built TOML config for /workspaces/thepapu/servidor_minecraft/config/spartanweaponry-common.toml
[05Jan2026 06:00:10.083] [Thread-1/DEBUG] [net.minecraftforge.fml.config.ConfigFileTypeHandler/CONFIG]: Config file spartanshields-common.toml changed, sending notifies
[05Jan2026 06:00:10.083] [Thread-1/INFO] [Spartan Shields/]: Loading config spartanshields-common.toml
[05Jan2026 06:00:10.084] [Thread-1/DEBUG] [Spartan Shields/]: Reloading durability values for Shields!
[05Jan2026 06:00:10.085] [Thread-1/DEBUG] [net.minecraftforge.fml.config.ConfigFileTypeHandler/CONFIG]: Config file legendary_monsters-common.toml changed, sending notifies
[05Jan2026 06:00:10.086] [main/DEBUG] [net.minecraftforge.fml.config.ConfigFileTypeHandler/CONFIG]: Loaded TOML config file /workspaces/thepapu/servidor_minecraft/config/spartanweaponry-common.toml
[05Jan2026 06:00:10.086] [main/DEBUG] [net.minecraftforge.fml.config.ConfigFileTypeHandler/CONFIG]: Watching TOML config file /workspaces/thepapu/servidor_minecraft/config/spartanweaponry-common.toml for changes
[05Jan2026 06:00:10.090] [Thread-1/DEBUG] [net.minecraftforge.fml.config.ConfigFileTypeHandler/CONFIG]: Config file legendary_monsters-common.toml changed, sending notifies
[05Jan2026 06:00:10.094] [Thread-1/DEBUG] [net.minecraftforge.fml.config.ConfigFileTypeHandler/CONFIG]: Config file spartanweaponry-common.toml changed, sending notifies
[05Jan2026 06:00:10.095] [main/DEBUG] [net.minecraftforge.fml.config.ConfigFileTypeHandler/CONFIG]: Built TOML config for /workspaces/thepapu/servidor_minecraft/config/smallships-common.toml
[05Jan2026 06:00:10.095] [main/DEBUG] [net.minecraftforge.fml.config.ConfigFileTypeHandler/CONFIG]: Loaded TOML config file /workspaces/thepapu/servidor_minecraft/config/smallships-common.toml
[05Jan2026 06:00:10.095] [main/DEBUG] [net.minecraftforge.fml.config.ConfigFileTypeHandler/CONFIG]: Watching TOML config file /workspaces/thepapu/servidor_minecraft/config/smallships-common.toml for changes
[05Jan2026 06:00:10.097] [main/DEBUG] [net.minecraftforge.fml.config.ConfigFileTypeHandler/CONFIG]: Built TOML config for /workspaces/thepapu/servidor_minecraft/config/fossil-common.toml
[05Jan2026 06:00:10.097] [main/DEBUG] [net.minecraftforge.fml.config.ConfigFileTypeHandler/CONFIG]: Loaded TOML config file /workspaces/thepapu/servidor_minecraft/config/fossil-common.toml
[05Jan2026 06:00:10.098] [main/DEBUG] [net.minecraftforge.fml.config.ConfigFileTypeHandler/CONFIG]: Watching TOML config file /workspaces/thepapu/servidor_minecraft/config/fossil-common.toml for changes
[05Jan2026 06:00:10.098] [main/DEBUG] [net.minecraftforge.fml.config.ConfigFileTypeHandler/CONFIG]: Built TOML config for /workspaces/thepapu/servidor_minecraft/config/iterpg.toml
[05Jan2026 06:00:10.099] [main/DEBUG] [net.minecraftforge.fml.config.ConfigFileTypeHandler/CONFIG]: Loaded TOML config file /workspaces/thepapu/servidor_minecraft/config/iterpg.toml
[05Jan2026 06:00:10.099] [main/DEBUG] [net.minecraftforge.fml.config.ConfigFileTypeHandler/CONFIG]: Watching TOML config file /workspaces/thepapu/servidor_minecraft/config/iterpg.toml for changes
[05Jan2026 06:00:10.103] [Thread-1/DEBUG] [net.minecraftforge.fml.config.ConfigFileTypeHandler/CONFIG]: Config file spartanweaponry-common.toml changed, sending notifies
[05Jan2026 06:00:10.106] [Thread-1/DEBUG] [net.minecraftforge.fml.config.ConfigFileTypeHandler/CONFIG]: Config file smallships-common.toml changed, sending notifies
[05Jan2026 06:00:10.107] [Thread-1/DEBUG] [net.minecraftforge.fml.config.ConfigFileTypeHandler/CONFIG]: Config file smallships-common.toml changed, sending notifies
[05Jan2026 06:00:10.167] [modloading-worker-0/INFO] [com.rajhab.morevanillashields_mod.morevanillashields/]: morevanillashields: This mod now runs with a config file. Feel free to use it!
[05Jan2026 06:00:10.217] [modloading-worker-0/DEBUG] [mixin/]: Mixing MixinSlotAttribute from curios.mixins.json into top.theillusivec4.curios.api.SlotAttribute
[05Jan2026 06:00:10.221] [modloading-worker-0/DEBUG] [mixin/]: Mixing MixinCuriosApi from curios.mixins.json into top.theillusivec4.curios.api.CuriosApi
[05Jan2026 06:00:10.273] [modloading-worker-0/INFO] [Spartan Shields/]: Setting up Spartan Shields!
[05Jan2026 06:00:10.278] [modloading-worker-0/INFO] [com.brutalbosses.BrutalBosses/]: brutalbosses mod initialized
[05Jan2026 06:00:10.279] [modloading-worker-0/DEBUG] [mixin/]: Mixing MixinNbtPredicate from curios.mixins.json into net.minecraft.advancements.critereon.NbtPredicate
[05Jan2026 06:00:10.315] [modloading-worker-0/INFO] [Spartan Weaponry/]: Setting up Spartan Weaponry!
[05Jan2026 06:00:10.361] [main/DEBUG] [net.minecraftforge.fml.DeferredWorkQueue/LOADING]: Dispatching synchronous work for work queue COMMON_SETUP: 58 jobs
[05Jan2026 06:00:10.373] [Forge Version Check/INFO] [net.minecraftforge.fml.VersionChecker/]: [visualworkbench] Starting version check at https://raw.githubusercontent.com/Fuzss/modresources/main/update/visualworkbench.json
[05Jan2026 06:00:10.396] [main/INFO] [journeymap/]: Initializing Packet Registries
[05Jan2026 06:00:10.484] [main/INFO] [com.tiviacz.travelersbackpack.TravelersBackpack/]: Registered the FluidEffect with Unique ID of minecraft:water for Water (Fluid Amount Required: 1000) with the ID 0
[05Jan2026 06:00:10.484] [main/INFO] [com.tiviacz.travelersbackpack.TravelersBackpack/]: Registered the FluidEffect with Unique ID of minecraft:lava for Lava (Fluid Amount Required: 1000) with the ID 1
[05Jan2026 06:00:10.485] [main/INFO] [com.tiviacz.travelersbackpack.TravelersBackpack/]: Registered the FluidEffect with Unique ID of travelersbackpack:potion for Uncraftable Potion (Fluid Amount Required: 250) with the ID 2
[05Jan2026 06:00:10.485] [main/INFO] [com.tiviacz.travelersbackpack.TravelersBackpack/]: Registered the FluidEffect with Unique ID of minecraft:milk for Milk (Fluid Amount Required: 1000) with the ID 3
[05Jan2026 06:00:10.517] [Forge Version Check/DEBUG] [net.minecraftforge.fml.VersionChecker/]: [visualworkbench] Received version check data:
{
    "homepage": "https://www.curseforge.com/minecraft/mc-mods/visual-workbench",
    "promos": {
        "1.17.1-latest": "2.0.0",
        "1.17.1-recommended": "2.0.0",
        "1.18-latest": "3.1.0",
        "1.18-recommended": "3.1.0",
        "1.18.1-latest": "3.1.0",
        "1.18.1-recommended": "3.1.0",
        "1.18.2-latest": "3.3.0",
        "1.18.2-recommended": "3.3.0",
        "1.19-latest": "4.0.0",
        "1.19-recommended": "4.0.0",
        "1.19.1-latest": "4.2.4",
        "1.19.1-recommended": "4.2.4",
        "1.19.2-latest": "4.2.4",
        "1.19.2-recommended": "4.2.4",
        "1.19.3-latest": "5.0.0",
        "1.19.3-recommended": "5.0.0",
        "1.19.4-latest": "6.0.1",
        "1.19.4-recommended": "6.0.1",
        "1.20-latest": "7.0.0",
        "1.20-recommended": "7.0.0",
        "1.20.1-latest": "8.0.1",
        "1.20.1-recommended": "8.0.1",
        "1.20.4-latest": "20.4.2",
        "1.20.4-recommended": "20.4.2",
        "1.21-latest": "21.0.5",
        "1.21-recommended": "21.0.5",
        "1.21.1-latest": "21.1.1",
        "1.21.1-recommended": "21.1.1",
        "1.21.3-latest": "21.3.0",
        "1.21.3-recommended": "21.3.0",
        "1.21.4-latest": "21.4.1",
        "1.21.4-recommended": "21.4.1",
        "1.21.5-latest": "21.5.0",
        "1.21.5-recommended": "21.5.0",
        "1.21.6-latest": "21.6.0",
        "1.21.6-recommended": "21.6.0",
        "1.21.7-latest": "21.7.0",
        "1.21.7-recommended": "21.7.0",
        "1.21.8-latest": "21.8.1",
        "1.21.8-recommended": "21.8.1",
        "1.21.9-latest": "21.9.0",
        "1.21.9-recommended": "21.9.0",
        "1.21.10-latest": "21.10.0",
        "1.21.10-recommended": "21.10.0"
    }
}
[05Jan2026 06:00:10.518] [Forge Version Check/INFO] [net.minecraftforge.fml.VersionChecker/]: [visualworkbench] Found status: OUTDATED Current: 8.0.0 Target: 8.0.1
[05Jan2026 06:00:10.519] [Forge Version Check/INFO] [net.minecraftforge.fml.VersionChecker/]: [journeymap] Starting version check at https://forge.curseupdate.com/32274/journeymap
[05Jan2026 06:00:10.542] [main/INFO] [terrablender/]: Registered region minecraft:overworld to index 0 for type OVERWORLD
[05Jan2026 06:00:10.542] [main/INFO] [terrablender/]: Registered region minecraft:nether to index 0 for type NETHER
[05Jan2026 06:00:10.543] [main/INFO] [terrablender/]: Registered region biomesoplenty:overworld_primary to index 1 for type OVERWORLD
[05Jan2026 06:00:10.543] [main/INFO] [terrablender/]: Registered region biomesoplenty:overworld_secondary to index 2 for type OVERWORLD
[05Jan2026 06:00:10.543] [main/INFO] [terrablender/]: Registered region biomesoplenty:overworld_rare to index 3 for type OVERWORLD
[05Jan2026 06:00:10.544] [main/INFO] [terrablender/]: Registered region biomesoplenty:nether_common to index 1 for type NETHER
[05Jan2026 06:00:10.544] [main/INFO] [terrablender/]: Registered region biomesoplenty:nether_rare to index 2 for type NETHER
[05Jan2026 06:00:10.631] [main/INFO] [terrablender/]: Registered region fossil:overworld to index 4 for type OVERWORLD
[05Jan2026 06:00:10.650] [main/DEBUG] [net.minecraftforge.fml.DeferredWorkQueue/LOADING]: Synchronous work queue completed in 288.3 ms
[05Jan2026 06:00:10.665] [Forge Version Check/DEBUG] [net.minecraftforge.fml.VersionChecker/]: [journeymap] Received version check data:
{"promos":{"1.10.2-latest":"1.10.2-5.5.2","1.10.2-recommended":"1.10.2-5.5.2","1.11-latest":"1.11-5.4.6","1.11-recommended":"1.11-5.4.6","1.11.2-latest":"1.11.2-5.5.2","1.11.2-recommended":"1.11.2-5.5.2","1.12-latest":"1.12-5.5.2","1.12-recommended":"1.12-5.5.2","1.12.1-latest":"1.12.1-5.5.2","1.12.1-recommended":"1.12.1-5.5.2","1.12.2-latest":"1.12.2-5.7.1p3","1.12.2-recommended":"1.12.2-5.7.1p3","1.14.4-latest":"5.7.0","1.14.4-recommended":"5.7.0","1.15.2-latest":"5.7.0","1.15.2-recommended":"5.7.0","1.16.2-latest":"5.7.3","1.16.2-recommended":"5.7.3","1.16.3-latest":"5.7.3","1.16.3-recommended":"5.7.3","1.16.4-latest":"5.7.3","1.16.4-recommended":"5.7.3","1.16.5-latest":"5.8.6","1.16.5-recommended":"5.8.6","1.17.1-latest":"5.8.0","1.17.1-recommended":"5.8.0","1.18-latest":"5.8.0alpha9","1.18.1-latest":"5.8.1","1.18.1-recommended":"5.8.1","1.18.2-latest":"5.9.8","1.18.2-recommended":"5.9.8","1.19-latest":"5.8.5","1.19-recommended":"5.8.5","1.19.1-latest":"5.9.0beta2","1.19.2-latest":"5.9.8","1.19.2-recommended":"5.9.8","1.19.3-latest":"5.9.7","1.19.3-recommended":"5.9.7","1.19.4-latest":"5.9.8","1.19.4-recommended":"5.9.8","1.20-latest":"5.9.8","1.20-recommended":"5.9.8","1.20.1-latest":"5.10.3","1.20.1-recommended":"5.10.3","1.20.2-latest":"5.9.21","1.20.2-recommended":"5.9.21","1.20.3-latest":"5.9.18","1.20.3-recommended":"5.9.18","1.20.4-latest":"5.10.0","1.20.4-recommended":"5.10.0","1.20.6-latest":"5.10.0","1.20.6-recommended":"5.10.0","1.21-latest":"1.21-6.0.0-beta.27","1.21.1-latest":"1.21.1-6.0.0-beta.52","1.21.4-latest":"1.21.4-6.0.0-beta.45","1.21.5-latest":"1.21.5-6.0.0-beta.52","1.21.6-latest":"1.21.6-6.0.0-beta.52","1.21.7-latest":"1.21.7-6.0.0-beta.53","1.21.8-latest":"1.21.8-6.0.0-beta.52","1.6.4-latest":"4.0.3","1.6.4-recommended":"4.0.3","1.7.10-latest":"5.2.10","1.7.10-recommended":"5.2.10","1.7.2-latest":"4.0.3","1.7.2-recommended":"4.0.3","1.8-latest":"1.8-5.1.3","1.8-recommended":"1.8-5.1.3","1.8.8-latest":"1.8.8-5.1.3","1.8.8-recommended":"1.8.8-5.1.3","1.8.9-latest":"1.8.9-5.2.4","1.8.9-recommended":"1.8.9-5.2.4","1.9-latest":"1.9-5.5.2","1.9-recommended":"1.9-5.5.2","1.9.4-latest":"1.9.4-5.5.2","1.9.4-recommended":"1.9.4-5.5.2"},"homepage":"https://www.curseforge.com/minecraft/mc-mods/journeymap"}
[05Jan2026 06:00:10.665] [Forge Version Check/INFO] [net.minecraftforge.fml.VersionChecker/]: [journeymap] Found status: OUTDATED Current: 5.10.0 Target: 5.10.3
[05Jan2026 06:00:10.665] [Forge Version Check/INFO] [net.minecraftforge.fml.VersionChecker/]: [travelersbackpack] Starting version check at https://gist.githubusercontent.com/Tiviacz1337/906937677aa472285dff9d6c2a189d5e/raw
[05Jan2026 06:00:10.710] [modloading-worker-0/DEBUG] [epicfight/]: Cannot find the joint named Knee_R in yesman.epicfight.model.armature.VexArmature
[05Jan2026 06:00:10.710] [modloading-worker-0/DEBUG] [epicfight/]: Cannot find the joint named Knee_L in yesman.epicfight.model.armature.VexArmature
[05Jan2026 06:00:10.710] [modloading-worker-0/DEBUG] [epicfight/]: Cannot find the joint named Elbow_R in yesman.epicfight.model.armature.VexArmature
[05Jan2026 06:00:10.710] [modloading-worker-0/DEBUG] [epicfight/]: Cannot find the joint named Elbow_L in yesman.epicfight.model.armature.VexArmature
[05Jan2026 06:00:10.719] [Forge Version Check/DEBUG] [net.minecraftforge.fml.VersionChecker/]: [travelersbackpack] Received version check data:
{ 
        "homepage": "https://www.curseforge.com/minecraft/mc-mods/travelers-backpack", 
        "promos": {
		"1.20.4-recommended": "9.4.2",
		"1.20.4-latest": "9.4.2",
		"1.20.2-recommended": "9.2.4",
		"1.20.2-latest": "9.2.4",
		"1.20.1-recommended": "9.1.16",
		"1.20.1-latest": "9.1.16",
		"1.20-recommended": "9.0.2",
		"1.20-latest": "9.0.2",
		"1.19.4-recommended": "8.4.20",
		"1.19.4-latest": "8.4.20",
		"1.19.3-recommended": "8.3.9",
		"1.19.3-latest": "8.3.9",
		"1.19.2-recommended": "8.2.40",
		"1.19.2-latest": "8.2.40",
		"1.19.1-recommended": "8.1.1",
		"1.19.1-latest": "8.1.1",
		"1.19-recommended": "8.0.8",
		"1.19-latest": "8.0.8",
		"1.18.2-recommended": "7.1.48",
		"1.18.2-latest": "7.1.48",
		"1.18.1-recommended": "7.0.4",
		"1.18.1-latest": "7.0.5",
		"1.17.1-recommended": "6.0.52",
		"1.17.1-latest": "6.0.52",
		"1.16.5-recommended": "5.4.51",
		"1.16.5-latest": "5.4.51",
		"1.16.4-recommended": "5.3.8",
		"1.16.4-latest": "5.3.8",
		"1.16.3-recommended": "5.2.1",
		"1.16.3-latest": "5.2.1",
		"1.16.2-recommended": "5.1.1",
		"1.16.2-latest": "5.1.1",
		"1.16.1-recommended": "5.0.1",
		"1.16.1-latest": "5.0.1",
		"1.15.2-recommended": "4.0.8",
		"1.15.2-latest": "4.0.8",
		"1.14.4-recommended": "3.0.8",
		"1.14.4-latest": "3.0.8",
                "1.12.2-recommended": "1.0.34",
		"1.12.2-latest": "1.0.34"
        }, 
        "1.12.2": {
			"0.0.3a": "Added sleeping bag",
			"0.0.4a": "Added ability to wear backpack on player's back!",
			"0.0.5a": "Implemented swapping between tools!",
			"0.0.6a": "Added missing recipe for sleeping bag",
			"0.0.7a": "Fixes for server",
			"0.0.8a": "Added backpack renderer on player's back!",
			"0.0.9a": "Added tools render on backpack",
			"0.1.0a": "Fixed tile entity data loading",
			"0.1.1a": "Added hose, bug fixes",
			"0.1.2a": "Fixed server crash",
			"0.1.3a": "Added more backpack types!",
			"0.1.4a": "Added fluid render to block and wearable model",
			"0.1.5a": "Fixed some bugs and added more custom backpacks",
			"0.1.6a": "Added potions as fluids!",
			"0.1.7a": "Fixed rendering-thing on server",
			"0.1.8a": "Fixed some minor issues",
			"1.0.19.19": "First beta release",
			"1.0.20.20": "Mainly bug fixes",
			"1.0.21.21": "Bug fixes",
			"1.0.22.22": "Added backpack abilities",
			"1.0.23.23": "Bug fixes",
			"1.0.24.24": "Bug fixes",
			"1.0.25.25": "Bug fixes",
			"1.0.26.26": "Fixed NPE",
			"1.0.27": "Capability code clean-up, bug fix",
			"1.0.28": "Mod ID change, see note in 1.0.28 on the site",
			"1.0.29": "Mod ID change, see note in 1.0.29 on the site",
			"1.0.30": "Bug fixes, standard backpack texture improvements",
			"1.0.31": "Fixed bug that causes buckets to dissapear",
			"1.0.32": "Added in-game warning about modid change and method to keep backpacks after updating to newer version",
			"1.0.33": "Fixed backpack dissapear in explosions",
			"1.0.34": "Mainly bug fixes",
			"1.0.35": "Misc bug fixes"
        },
	"1.14.4":  { 
			"3.0.7": "Initial port",
			"3.0.8": "Compatibility for modded tools"
	},
	"1.15.2":  {
      			"4.0.0": "Initial port",
			"4.0.1": "FPS bug fix",
			"4.0.2": "Fixed unwanted backpack placement after death",
			"4.0.3": "Fixed NPE while using sleeping bag",
			"4.0.4": "Fixed crash, updated few textures",
			"4.0.5": "Bug fixes",
			"4.0.6": "Fixed backpack dissapear in explosions",
			"4.0.7": "Keybind for tool cycle",
			"4.0.8": "Compatibility for modded tools"
	},
	"1.16.1":  { 
			"5.0.0": "Initial port",
			"5.0.1": "Fixed backpack not saving contents, compatibility for modded tools"
	},
	"1.16.2":  { 
			"5.1.0": "Initial port",
			"5.1.1": "Fixed server crashes, backpack not saving contents, compatibility for modded tools"
	},
	"1.16.3":  { 
			"5.2.1": "Initial port"
	},
	"1.16.4":  { 
			"5.3.1": "Initial port",
			"5.3.2": "Bug fixes, game-breaking change",
			"5.3.3": "A lot of bug fixes",
			"5.3.4": "Dupe bug fix",
			"5.3.5": "Curios integration",
			"5.3.6": "Crafting grid dupe bug fix",
			"5.3.7": "Crash fix, curiosIntegration option migration",
			"5.3.8": "Fixed item saving bug"
	},
	"1.16.5":  { 
			"5.3.8": "Fixed item saving bug",
			"5.4.0": "Few new custom backpacks",
			"5.4.1": "Fixed villager trades",
			"5.4.2": "Fixed crash with turkish language and small tweaks",
			"5.4.3": "Fixed dupe bug",
			"5.4.4": "JEI dupe bug fix and more",
			"5.4.5": "Dyeable backpacks update! :>",
			"5.4.6": "More backpacks and bug fixes",
			"5.4.7": "Exploit and bug fixes",
			"5.4.8": "Fixed spawn point setting",
			"5.4.9": "20 new backpacks",
			"5.4.10": "Added backpack abilties",
			"5.4.11": "Code cleanup",
			"5.4.12": "Fixed crash",
			"5.4.13": "Added sorting buttons",
			"5.4.14": "Fixed LAN crash",
			"5.4.15": "Fixed few bugs",
			"5.4.16": "Fixed crash",
			"5.4.17": "Fixed bugs",
			"5.4.18": "Fixed crash",
			"5.4.19": "Fixed curio dupe bug",
			"5.4.20": "Added 9 new abilities",
			"5.4.21": "Added too many backpacks slowness effect",
			"5.4.22": "Fixed abilities",
			"5.4.23": "Added colorable sleeping bags",
			"5.4.24": "Bug fixes",
			"5.4.25": "Added slot memory",
			"5.4.26": "Added dedicated settings menu",
			"5.4.28": "Added milk and milk effect",
			"5.4.29": "Mobs can spawn with backpack equipped",
			"5.4.31": "Added /restore command",
			"5.4.32": "Added void protection config option",
			"5.4.33": "Fixed bad coded coordinates",
			"5.4.35": "Tweaked config and commands",
			"5.4.36": "Added backpack tiers",
			"5.4.37": "Changed tier upgrades recipes",
			"5.4.38": "Added enableTierUpgrades config option",
			"5.4.39": "Added Crafting widget",
			"5.4.40": "Fixed dupe bug",
			"5.4.41": "Backpack can be placed in fluids after death",
			"5.4.42": "Added compat with gravestone mods",
			"5.4.43": "Tweaked some recipes",
			"5.4.44": "Misc",
			"5.4.45": "Misc",
			"5.4.46": "Misc",
			"5.4.47": "Added tool slots widget",
			"5.4.48": "Fixed few bugs",
			"5.4.49": "Shift + Right Click with Empty Hand allows to place backpack on the ground",
			"5.4.50": "Sleeping bag can be used without backpack",
			"5.4.51": "Added loot to chests and fixed bugs"
	},
	"1.17.1":  { 
			"6.0.0": "Initial Release",
			"6.0.1": "Fixed datapack issue",
			"6.0.2": "Fixed crash with newest Forge",
			"6.0.3": "Fixed backpack disappearing on death",
			"6.0.4": "JEI integration and more",
			"6.0.5": "Dyeable backpacks update! :>",
			"6.0.6": "More backpacks and bug fixes",
			"6.0.7": "Fixed significant FPS drop",
			"6.0.8": "Fixed dupe bug",
			"6.0.9": "Fixed spawn point setting",
			"6.0.10": "20 new backpacks",
			"6.0.11": "Added backpack abilties",
			"6.0.12": "Code cleanup",
			"6.0.13": "Fixed crash",
			"6.0.14": "Added sorting buttons",
			"6.0.15": "Fixed LAN crash",
			"6.0.16": "Fixed few bugs",
			"6.0.17": "Fixed crash",
			"6.0.18": "Fixed bugs",
			"6.0.19": "Fixed crash",
			"6.0.20": "Fixed curio dupe bug",
			"6.0.21": "Added 9 new abilities",
			"6.0.22": "Added too many backpacks slowness effect",
			"6.0.23": "Fixed abilities",
			"6.0.24": "Added colorable sleeping bags",
			"6.0.25": "Bug fixes",
			"6.0.26": "Added slot memory",
			"6.0.27": "Added dedicated settings menu",
			"6.0.29": "Added milk and milk effect",
			"6.0.30": "Mobs can spawn with backpack equipped",
			"6.0.32": "Added /restore command",
			"6.0.33": "Added void protection config option",
			"6.0.34": "Fixed bad coded coordinates",
			"6.0.36": "Tweaked config and commands",
			"6.0.37": "Added backpack Tiers",
			"6.0.38": "Changed tier upgrades recipes",
			"6.0.39": "Added enableTierUpgrades config option",
			"6.0.40": "Added Crafting widget",
			"6.0.41": "Fixed dupe bug",
			"6.0.42": "Backpack can be placed in fluids after death",
			"6.0.43": "Added compat with gravestone mods",
			"6.0.44": "Added inventory tooltip in preview",
			"6.0.45": "Misc",
			"6.0.46": "Misc",
			"6.0.47": "Misc",
			"6.0.48": "Added tool slots widget",
			"6.0.49": "Fixed few bugs",
			"6.0.50": "Shift + Right Click with Empty Hand allows to place backpack on the ground",
			"6.0.51": "Sleeping bag can be used without backpack",
			"6.0.52": "Added loot to chests and fixed bugs"
	},
	"1.18.1":  { 
			"7.0.0": "Initial Release",
			"7.0.1": "Backpack lose items bug fix",
			"7.0.2": "New backpacks",
			"7.0.3": "Fixed dupe bug",
			"7.0.4": "Fixed spawn point setting"
	},
	"1.18.2":  { 
			"7.1.0": "Initial Release",
			"7.1.1": "Fixed spawn point setting",
			"7.1.2": "20 new backpacks",
			"7.1.3": "Added backpack abilties",
			"7.1.4": "Code cleanup",
			"7.1.5": "Fixed bug with duplicating buckets",
			"7.1.6": "Fixed crash",
			"7.1.7": "Added sorting buttons",
			"7.1.8": "Fixed LAN crash",
			"7.1.9": "Fixed few bugs",
			"7.1.10": "Fixed crash",
			"7.1.11": "Fixed bugs",
			"7.1.12": "Fixed crash",
			"7.1.13": "Fixed curio dupe bug",
			"7.1.14": "Added 9 new abilities",
			"7.1.15": "Added too many backpacks slowness effect",
			"7.1.16": "Fixed abilities",
			"7.1.17": "Added colorable sleeping bags",
			"7.1.18": "Bug fixes",
			"7.1.20": "Added slot memory",
			"7.1.21": "Added dedicated settings menu",
			"7.1.23": "Added milk and milk effect",
			"7.1.24": "Mobs can spawn with backpack equipped",
			"7.1.26": "Added /restore command",
			"7.1.27": "Added void protection config option",
			"7.1.28": "Fixed bad coded coordinates",
			"7.1.30": "Tweaked config and commands",
			"7.1.31": "Added backpack Tiers",
			"7.1.32": "Changed tier upgrades recipes",
			"7.1.33": "Added enableTierUpgrades config option",
			"7.1.34": "Added Crafting widget",
			"7.1.35": "Fixed dupe bug",
			"7.1.36": "Backpack can be placed in fluids after death",
			"7.1.37": "Added compat with gravestone mods",
			"7.1.38": "Added inventory preview in tooltip",
			"7.1.39": "Misc",
			"7.1.40": "Misc",
			"7.1.41": "Misc",
			"7.1.42": "Added tool slots widget",
			"7.1.43": "Fixed few bugs",
			"7.1.44": "Shift + Right Click with Empty Hand allows to place backpack on the ground",
			"7.1.45": "Sleeping bag can be used without backpack",
			"7.1.46": "Added loot to chests and fixed bugs",
			"7.1.47": "Configuration for backpack slots",
			"7.1.48": "Added recipes to recipe book"
			
	},
	"1.19":  { 
			"8.0.0": "Initial Release",
			"8.0.1": "Fixed crashes",
			"8.0.2": "20 new backpacks",
			"8.0.3": "Added backpack abilties",
			"8.0.4": "Updated Forge",
			"8.0.5": "Fixed few bugs",
			"8.0.6": "Code cleanup",
			"8.0.7": "Fixed crash",
			"8.0.8": "Added sorting buttons"
	},
	"1.19.1":  { 
			"8.1.0": "Initial Release",
			"8.1.1": "Fixed LAN crash"
	},
	"1.19.2":  { 
			"8.2.0": "Initial Release",
			"8.2.1": "Fixed few bugs",
			"8.2.2": "Fixed crash",
			"8.2.3": "Fixed bugs",
			"8.2.4": "Fixed crash",
			"8.2.5": "Fixed curio dupe bug",
			"8.2.6": "Added 9 new abilities",
			"8.2.7": "Added too many backpacks slowness effect",
			"8.2.8": "Fixed abilities",
			"8.2.9": "Added colorable sleeping bags",
			"8.2.10": "Bug fixes",
			"8.2.11": "Added slot memory",
			"8.2.12": "Added dedicated settings menu",
			"8.2.14": "Added milk and milk effect",
			"8.2.15": "Mobs can spawn with backpack equipped",
			"8.2.17": "Added /restore command",
			"8.2.18": "Added void protection config option",
			"8.2.19": "Fixed bad coded coordinates",
			"8.2.21": "Tweaked config and commands",
			"8.2.22": "Added backpack tiers",
			"8.2.23": "Changed tier upgrades recipes",
			"8.2.24": "Missing texture hotfix",
			"8.2.25": "Added enableTierUpgrades config option",
			"8.2.26": "Added Crafting widget",
			"8.2.27": "Fixed dupe bug",
			"8.2.28": "Backpack can be placed in fluids after death",
			"8.2.29": "Added compat with gravestone mods",
			"8.2.30": "Added inventory preview in tooltip",
			"8.2.31": "Misc",
			"8.2.32": "Misc",
			"8.2.33": "Misc",
			"8.2.34": "Added tool slots widget",
			"8.2.35": "Fixed few bugs",
			"8.2.36": "Shift + Right Click with Empty Hand allows to place backpack on the ground",
			"8.2.37": "Sleeping bag can be used without backpack",
			"8.2.38": "Added loot to chests and fixed bugs",
			"8.2.39": "Configuration for backpack slots",
			"8.2.40": "Added recipes to recipe book"
	},
	"1.19.3":  { 
			"8.3.0": "Initial Release",
			"8.3.2": "Added milk and milk effect",
			"8.3.3": "Mobs can spawn with backpack equipped",
			"8.3.5": "Added /restore command",
			"8.2.6": "Added void protection config option",
			"8.2.7": "Fixed bad coded coordinates",
			"8.2.9": "Tweaked config and commands"
	},
	"1.19.4":  { 
			"8.4.2": "Tweaked config and commands",
			"8.4.3": "Added backpack tiers",
			"8.4.4": "Changed tier upgrades recipes",
			"8.4.5": "Added enableTierUpgrades config option",
			"8.4.6": "Added support for new smithing table",
			"8.4.7": "Added support for new smithing table",
			"8.4.8": "Added Crafting widget",
			"8.4.9": "Fixed dupe bug",
			"8.4.10": "Backpack can be placed in fluids after death",
			"8.4.11": "Added compat with gravestone mods",
			"8.4.12": "Added inventory preview in tooltip",
			"8.4.13": "Misc",
			"8.4.14": "Misc",
			"8.4.15": "Misc",
			"8.4.16": "Added tool slots widget",
			"8.4.17": "Fixed few bugs",
			"8.4.18": "Shift + Right Click with Empty Hand allows to place backpack on the ground",
			"8.4.19": "Sleeping bag can be used without backpack",
			"8.4.20": "Added loot to chests and fixed bugs"
	},
	"1.20":  { 
			"9.0.0": "Initial update",
			"9.0.1": "Fixed disappearing backpack on contact with water",
			"9.0.2": "Fixed smithing bug and restored Curios compat"
	},
	"1.20.1":  { 
			"9.1.0": "Initial update",
			"9.1.1": "Initial update",
			"9.1.2": "Fixed dupe bug",
			"9.1.3": "Added compat with gravestone mods",
			"9.1.4": "Added inventory preview in tooltip",
			"9.1.5": "Misc",
			"9.1.6": "Misc",
			"9.1.7": "Misc",
			"9.1.8": "Added tool slots widget",
			"9.1.9": "Fixed few bugs",
			"9.1.10": "Shift + Right Click with Empty Hand allows to place backpack on the ground",
			"9.1.11": "Sleeping bag can be used without backpack",
			"9.1.12": "Configuration for backpack slots",
			"9.1.13": "Added loot to chests and fixed bugs",
			"9.1.14": "Added recipes to recipe book",
			"9.1.15": "Improvements",
			"9.1.16": "Stopped excessive drops of backpack from mob farms, added visibility button, fixed some bugs"
	},
	"1.20.2":  { 
			"9.2.0": "Initial update",
			"9.2.1": "Fixed few bugs",
			"9.2.2": "Shift + Right Click with Empty Hand allows to place backpack on the ground",
			"9.2.3": "Sleeping bag can be used without backpack",
			"9.2.4": "Added loot to chests and fixed bugs"
	},
	"1.20.4":  { 
			"9.4.0": "Initial update",
			"9.4.1": "Configuration for backpack slots",
			"9.4.2": "Added recipes to recipe book"
	}
}
[05Jan2026 06:00:10.720] [Forge Version Check/INFO] [net.minecraftforge.fml.VersionChecker/]: [travelersbackpack] Found status: OUTDATED Current: 9.1.14 Target: 9.1.16
[05Jan2026 06:00:10.721] [Forge Version Check/INFO] [net.minecraftforge.fml.VersionChecker/]: [morevanillashields] Starting version check at https://raw.githubusercontent.com/Rajhab/MoreVanillaShields-UpdateChecker/main/update.json
[05Jan2026 06:00:10.733] [Forge Version Check/DEBUG] [net.minecraftforge.fml.VersionChecker/]: [morevanillashields] Received version check data:
{
	"homepage": "https://www.curseforge.com/minecraft/mc-mods/more-vanilla-shields",

		"1.21.1": {
			"1.0.2-1.21.1": "New Shields & balancing"
		},
		"1.21": {
			"1.0.4-1.21": "New Shields & balancing"
		},
		"1.20.6": {
			"1.0.0-1.20.6": "End Support. R.I.P"
		},
		"1.20.4": {
			"1.1.2-1.20.4": "New Shields & balancing"
		},
	  	"1.20.3": {
			"1.1.1-1.20.3": "End Support. R.I.P"
		},
		"1.20.2": {
			"1.1.4-1.20.2": "New Shields & balancing"
		},
		"1.20.1": {
			"1.1.5-1.20.1-beta": "Ender Pearl Shield, End Crystal Shield Buff & bugfixes"
		},
		"1.19.4": {
			"1.0.7-1.19.4": "New Shields & balancing"
		},
		"1.19.2": {
			"1.0.7-1.19.2": "New Shields & balancing"
		},
		"1.18.2": {
			"1.0.5-1.18.2": "New Shields & balancing"
		},

		"promos": {
			"1.21.1-latest": "1.0.2-1.21.1",
			"1.21.1-recommended": "1.0.2-1.21.1",
			"1.21-latest": "1.0.4-1.21",
			"1.21-recommended": "1.0.4-1.21",
			"1.20.6-latest": "1.0.0-1.20.6",
			"1.20.6-recommended": "1.0.0-1.20.6",
			"1.20.4-latest": "1.1.2-1.20.4",
			"1.20.4-recommended": "1.1.2-1.20.4",
	    		"1.20.3-latest": "1.1.1-1.20.3",
			"1.20.3-recommended": "1.1.1-1.20.3",
			"1.20.2-latest": "1.1.4-1.20.2",
			"1.20.2-recommended": "1.1.4-1.20.2",
			"1.20.1-latest": "1.1.5-1.20.1-beta",
			"1.20.1-recommended": "1.1.4-1.20.1",
			"1.19.4-latest": "1.0.7-1.19.4",
			"1.19.4-recommended": "1.0.7-1.19.4",
			"1.19.2-latest": "1.0.7-1.19.2",
			"1.19.2-recommended": "1.0.7-1.19.2",
			"1.18.2-latest": "1.0.5-1.18.2",
			"1.18.2-recommended": "1.0.5-1.18.2"
		}
}
[05Jan2026 06:00:10.733] [Forge Version Check/INFO] [net.minecraftforge.fml.VersionChecker/]: [morevanillashields] Found status: OUTDATED Current: 1.1.0-1.20.1 Target: 1.1.4-1.20.1
[05Jan2026 06:00:10.733] [Forge Version Check/INFO] [net.minecraftforge.fml.VersionChecker/]: [puzzlesaccessapi] Starting version check at https://raw.githubusercontent.com/Fuzss/modresources/main/update/puzzlesaccessapi.json
[05Jan2026 06:00:10.735] [modloading-worker-0/INFO] [epicfight/]: Start animation registration of epicfight
[05Jan2026 06:00:10.735] [modloading-worker-0/INFO] [epicfight/]: Assigned animation id 0 to biped/living/idle
[05Jan2026 06:00:10.736] [modloading-worker-0/INFO] [epicfight/]: Assigned animation id 1 to biped/living/walk
[05Jan2026 06:00:10.736] [modloading-worker-0/INFO] [epicfight/]: Assigned animation id 2 to biped/living/fly
[05Jan2026 06:00:10.736] [modloading-worker-0/INFO] [epicfight/]: Assigned animation id 3 to biped/living/creative_idle
[05Jan2026 06:00:10.737] [modloading-worker-0/INFO] [epicfight/]: Assigned animation id 4 to biped/living/creative_fly
[05Jan2026 06:00:10.743] [modloading-worker-0/INFO] [epicfight/]: Assigned animation id 5 to biped/living/creative_fly_backward
[05Jan2026 06:00:10.744] [Forge Version Check/DEBUG] [net.minecraftforge.fml.VersionChecker/]: [puzzlesaccessapi] Received version check data:
{
    "homepage": "https://github.com/Fuzss/puzzlesaccessapi",
    "promos": {}
}
[05Jan2026 06:00:10.744] [Forge Version Check/INFO] [net.minecraftforge.fml.VersionChecker/]: [puzzlesaccessapi] Found status: BETA Current: 8.0.7 Target: null
[05Jan2026 06:00:10.744] [Forge Version Check/INFO] [net.minecraftforge.fml.VersionChecker/]: [forge] Starting version check at https://files.minecraftforge.net/net/minecraftforge/forge/promotions_slim.json
[05Jan2026 06:00:10.745] [modloading-worker-0/INFO] [epicfight/]: Assigned animation id 6 to 
[05Jan2026 06:00:10.745] [modloading-worker-0/INFO] [epicfight/]: Assigned animation id 7 to biped/living/hold_crossbow
[05Jan2026 06:00:10.745] [modloading-worker-0/INFO] [epicfight/]: Assigned animation id 8 to biped/living/hold_map_twohand
[05Jan2026 06:00:10.746] [modloading-worker-0/INFO] [epicfight/]: Assigned animation id 9 to biped/living/hold_map_offhand
[05Jan2026 06:00:10.747] [modloading-worker-0/INFO] [epicfight/]: Assigned animation id 10 to biped/living/hold_map_mainhand
[05Jan2026 06:00:10.747] [modloading-worker-0/INFO] [epicfight/]: Assigned animation id 11 to biped/living/hold_map_twohand_move
[05Jan2026 06:00:10.747] [modloading-worker-0/INFO] [epicfight/]: Assigned animation id 12 to biped/living/hold_map_offhand_move
[05Jan2026 06:00:10.747] [modloading-worker-0/INFO] [epicfight/]: Assigned animation id 13 to biped/living/hold_map_mainhand_move
[05Jan2026 06:00:10.748] [modloading-worker-0/INFO] [epicfight/]: Assigned animation id 14 to biped/living/run
[05Jan2026 06:00:10.748] [modloading-worker-0/INFO] [epicfight/]: Assigned animation id 15 to biped/living/sneak
[05Jan2026 06:00:10.748] [modloading-worker-0/INFO] [epicfight/]: Assigned animation id 16 to biped/living/swim
[05Jan2026 06:00:10.748] [modloading-worker-0/INFO] [epicfight/]: Assigned animation id 17 to biped/living/float
[05Jan2026 06:00:10.749] [modloading-worker-0/INFO] [epicfight/]: Assigned animation id 18 to biped/living/kneel
[05Jan2026 06:00:10.749] [modloading-worker-0/INFO] [epicfight/]: Assigned animation id 19 to biped/living/fall
[05Jan2026 06:00:10.749] [modloading-worker-0/INFO] [epicfight/]: Assigned animation id 20 to biped/living/mount
[05Jan2026 06:00:10.749] [modloading-worker-0/INFO] [epicfight/]: Assigned animation id 21 to biped/living/sit
[05Jan2026 06:00:10.750] [modloading-worker-0/INFO] [epicfight/]: Assigned animation id 22 to biped/living/dig
[05Jan2026 06:00:10.750] [modloading-worker-0/INFO] [epicfight/]: Assigned animation id 23 to biped/living/dig_offhand
[05Jan2026 06:00:10.750] [modloading-worker-0/INFO] [epicfight/]: Assigned animation id 24 to 
[05Jan2026 06:00:10.751] [modloading-worker-0/INFO] [epicfight/]: Assigned animation id 25 to biped/combat/bow_aim_mid
[05Jan2026 06:00:10.751] [modloading-worker-0/INFO] [epicfight/]: Assigned animation id 26 to biped/combat/bow_shot_mid
[05Jan2026 06:00:10.754] [modloading-worker-0/INFO] [epicfight/]: Assigned animation id 27 to biped/living/drink
[05Jan2026 06:00:10.754] [modloading-worker-0/INFO] [epicfight/]: Assigned animation id 28 to biped/living/drink
[05Jan2026 06:00:10.754] [modloading-worker-0/INFO] [epicfight/]: Assigned animation id 29 to biped/living/drink_offhand
[05Jan2026 06:00:10.754] [modloading-worker-0/INFO] [epicfight/]: Assigned animation id 30 to biped/living/eat
[05Jan2026 06:00:10.754] [modloading-worker-0/INFO] [epicfight/]: Assigned animation id 31 to biped/living/eat
[05Jan2026 06:00:10.755] [modloading-worker-0/INFO] [epicfight/]: Assigned animation id 32 to biped/living/eat_offhand
[05Jan2026 06:00:10.755] [modloading-worker-0/INFO] [epicfight/]: Assigned animation id 33 to biped/living/spyglass
[05Jan2026 06:00:10.755] [modloading-worker-0/INFO] [epicfight/]: Assigned animation id 34 to biped/living/spyglass
[05Jan2026 06:00:10.755] [modloading-worker-0/INFO] [epicfight/]: Assigned animation id 35 to biped/living/spyglass_offhand
[05Jan2026 06:00:10.756] [modloading-worker-0/INFO] [epicfight/]: Assigned animation id 36 to biped/combat/crossbow_aim_mid
[05Jan2026 06:00:10.756] [modloading-worker-0/INFO] [epicfight/]: Assigned animation id 37 to biped/combat/crossbow_shot_mid
[05Jan2026 06:00:10.756] [modloading-worker-0/INFO] [epicfight/]: Assigned animation id 38 to biped/combat/crossbow_reload
[05Jan2026 06:00:10.757] [modloading-worker-0/INFO] [epicfight/]: Assigned animation id 39 to biped/living/jump
[05Jan2026 06:00:10.757] [modloading-worker-0/INFO] [epicfight/]: Assigned animation id 40 to biped/living/run_spear
[05Jan2026 06:00:10.757] [modloading-worker-0/INFO] [epicfight/]: Assigned animation id 41 to biped/living/shield
[05Jan2026 06:00:10.757] [modloading-worker-0/INFO] [epicfight/]: Assigned animation id 42 to biped/living/shield
[05Jan2026 06:00:10.757] [modloading-worker-0/INFO] [epicfight/]: Assigned animation id 43 to biped/living/shield_mirror
[05Jan2026 06:00:10.757] [modloading-worker-0/INFO] [epicfight/]: Assigned animation id 44 to biped/living/hold_greatsword
[05Jan2026 06:00:10.757] [modloading-worker-0/INFO] [epicfight/]: Assigned animation id 45 to biped/living/hold_uchigatana_sheath
[05Jan2026 06:00:10.758] [modloading-worker-0/INFO] [epicfight/]: Assigned animation id 46 to biped/living/hold_uchigatana
[05Jan2026 06:00:10.758] [modloading-worker-0/INFO] [epicfight/]: Assigned animation id 47 to biped/living/hold_tachi
[05Jan2026 06:00:10.758] [modloading-worker-0/INFO] [epicfight/]: Assigned animation id 48 to biped/living/hold_longsword
[05Jan2026 06:00:10.759] [modloading-worker-0/INFO] [epicfight/]: Assigned animation id 49 to biped/living/hold_spear
[05Jan2026 06:00:10.759] [modloading-worker-0/INFO] [epicfight/]: Assigned animation id 50 to biped/living/hold_dual
[05Jan2026 06:00:10.760] [modloading-worker-0/INFO] [epicfight/]: Assigned animation id 51 to biped/living/hold_liechtenauer
[05Jan2026 06:00:10.761] [modloading-worker-0/INFO] [epicfight/]: Assigned animation id 52 to biped/living/walk_greatsword
[05Jan2026 06:00:10.761] [modloading-worker-0/INFO] [epicfight/]: Assigned animation id 53 to biped/living/walk_spear
[05Jan2026 06:00:10.761] [modloading-worker-0/INFO] [epicfight/]: Assigned animation id 54 to biped/living/walk_uchigatana_sheath
[05Jan2026 06:00:10.762] [modloading-worker-0/INFO] [epicfight/]: Assigned animation id 55 to biped/living/walk_uchigatana
[05Jan2026 06:00:10.762] [modloading-worker-0/INFO] [epicfight/]: Assigned animation id 56 to biped/living/walk_twohand
[05Jan2026 06:00:10.762] [modloading-worker-0/INFO] [epicfight/]: Assigned animation id 57 to biped/living/walk_longsword
[05Jan2026 06:00:10.762] [modloading-worker-0/INFO] [epicfight/]: Assigned animation id 58 to biped/living/walk_liechtenauer
[05Jan2026 06:00:10.762] [modloading-worker-0/INFO] [epicfight/]: Assigned animation id 59 to biped/living/run_greatsword
[05Jan2026 06:00:10.764] [modloading-worker-0/INFO] [epicfight/]: Assigned animation id 60 to biped/living/run_uchigatana
[05Jan2026 06:00:10.764] [modloading-worker-0/INFO] [epicfight/]: Assigned animation id 61 to biped/living/run_uchigatana_sheath
[05Jan2026 06:00:10.764] [modloading-worker-0/INFO] [epicfight/]: Assigned animation id 62 to biped/living/run_dual
[05Jan2026 06:00:10.764] [modloading-worker-0/INFO] [epicfight/]: Assigned animation id 63 to biped/living/run_longsword
[05Jan2026 06:00:10.765] [modloading-worker-0/INFO] [epicfight/]: Assigned animation id 64 to biped/living/uchigatana_scrap
[05Jan2026 06:00:10.767] [modloading-worker-0/INFO] [epicfight/]: Assigned animation id 65 to biped/living/liechtenauer_ready
[05Jan2026 06:00:10.767] [modloading-worker-0/INFO] [epicfight/]: Assigned animation id 66 to biped/combat/hit_shield
[05Jan2026 06:00:10.767] [modloading-worker-0/INFO] [epicfight/]: Assigned animation id 67 to biped/combat/hit_shield
[05Jan2026 06:00:10.767] [modloading-worker-0/INFO] [epicfight/]: Assigned animation id 68 to biped/combat/hit_shield_mirror
[05Jan2026 06:00:10.768] [modloading-worker-0/INFO] [epicfight/]: Assigned animation id 69 to biped/living/climb
[05Jan2026 06:00:10.768] [modloading-worker-0/INFO] [epicfight/]: Assigned animation id 70 to biped/living/sleep
[05Jan2026 06:00:10.768] [modloading-worker-0/INFO] [epicfight/]: Assigned animation id 71 to biped/combat/javelin_aim_mid
[05Jan2026 06:00:10.768] [modloading-worker-0/INFO] [epicfight/]: Assigned animation id 72 to biped/combat/javelin_throw_mid
[05Jan2026 06:00:10.768] [modloading-worker-0/INFO] [epicfight/]: Assigned animation id 73 to off_highest
[05Jan2026 06:00:10.768] [modloading-worker-0/INFO] [epicfight/]: Assigned animation id 74 to off_middle
[05Jan2026 06:00:10.768] [modloading-worker-0/INFO] [epicfight/]: Assigned animation id 75 to zombie/idle
[05Jan2026 06:00:10.769] [modloading-worker-0/INFO] [epicfight/]: Assigned animation id 76 to zombie/walk
[05Jan2026 06:00:10.769] [modloading-worker-0/INFO] [epicfight/]: Assigned animation id 77 to zombie/chase
[05Jan2026 06:00:10.769] [modloading-worker-0/INFO] [epicfight/]: Assigned animation id 78 to creeper/idle
[05Jan2026 06:00:10.769] [modloading-worker-0/INFO] [epicfight/]: Assigned animation id 79 to creeper/walk
[05Jan2026 06:00:10.769] [modloading-worker-0/INFO] [epicfight/]: Assigned animation id 80 to enderman/idle
[05Jan2026 06:00:10.769] [modloading-worker-0/INFO] [epicfight/]: Assigned animation id 81 to enderman/walk
[05Jan2026 06:00:10.769] [modloading-worker-0/INFO] [epicfight/]: Assigned animation id 82 to enderman/rage_idle
[05Jan2026 06:00:10.769] [modloading-worker-0/INFO] [epicfight/]: Assigned animation id 83 to enderman/rage_walk
[05Jan2026 06:00:10.770] [modloading-worker-0/INFO] [epicfight/]: Assigned animation id 84 to wither_skeleton/walk
[05Jan2026 06:00:10.770] [modloading-worker-0/INFO] [epicfight/]: Assigned animation id 85 to wither_skeleton/chase
[05Jan2026 06:00:10.770] [modloading-worker-0/INFO] [epicfight/]: Assigned animation id 86 to wither_skeleton/idle
[05Jan2026 06:00:10.771] [modloading-worker-0/INFO] [epicfight/]: Assigned animation id 87 to wither_skeleton/special_spawn
[05Jan2026 06:00:10.771] [modloading-worker-0/INFO] [epicfight/]: Assigned animation id 88 to spider/idle
[05Jan2026 06:00:10.771] [modloading-worker-0/INFO] [epicfight/]: Assigned animation id 89 to spider/crawl
[05Jan2026 06:00:10.771] [modloading-worker-0/INFO] [epicfight/]: Assigned animation id 90 to iron_golem/idle
[05Jan2026 06:00:10.771] [modloading-worker-0/INFO] [epicfight/]: Assigned animation id 91 to iron_golem/walk
[05Jan2026 06:00:10.771] [modloading-worker-0/INFO] [epicfight/]: Assigned animation id 92 to hoglin/idle
[05Jan2026 06:00:10.772] [modloading-worker-0/INFO] [epicfight/]: Assigned animation id 93 to hoglin/walk
[05Jan2026 06:00:10.772] [modloading-worker-0/INFO] [epicfight/]: Assigned animation id 94 to illager/idle
[05Jan2026 06:00:10.772] [modloading-worker-0/INFO] [epicfight/]: Assigned animation id 95 to illager/walk
[05Jan2026 06:00:10.772] [modloading-worker-0/INFO] [epicfight/]: Assigned animation id 96 to illager/idle_aggressive
[05Jan2026 06:00:10.772] [modloading-worker-0/INFO] [epicfight/]: Assigned animation id 97 to illager/chase
[05Jan2026 06:00:10.772] [modloading-worker-0/INFO] [epicfight/]: Assigned animation id 98 to illager/spellcast
[05Jan2026 06:00:10.772] [modloading-worker-0/INFO] [epicfight/]: Assigned animation id 99 to ravager/idle
[05Jan2026 06:00:10.772] [modloading-worker-0/INFO] [epicfight/]: Assigned animation id 100 to ravager/walk
[05Jan2026 06:00:10.772] [modloading-worker-0/INFO] [epicfight/]: Assigned animation id 101 to vex/idle
[05Jan2026 06:00:10.772] [modloading-worker-0/INFO] [epicfight/]: Assigned animation id 102 to vex/flip
[05Jan2026 06:00:10.773] [modloading-worker-0/INFO] [epicfight/]: Assigned animation id 103 to piglin/idle
[05Jan2026 06:00:10.773] [modloading-worker-0/INFO] [epicfight/]: Assigned animation id 104 to piglin/walk
[05Jan2026 06:00:10.773] [modloading-worker-0/INFO] [epicfight/]: Assigned animation id 105 to piglin/zombified_idle
[05Jan2026 06:00:10.773] [modloading-worker-0/INFO] [epicfight/]: Assigned animation id 106 to piglin/zombified_walk
[05Jan2026 06:00:10.773] [modloading-worker-0/INFO] [epicfight/]: Assigned animation id 107 to piglin/zombified_chase
[05Jan2026 06:00:10.773] [modloading-worker-0/INFO] [epicfight/]: Assigned animation id 108 to piglin/celebrate1
[05Jan2026 06:00:10.773] [modloading-worker-0/INFO] [epicfight/]: Assigned animation id 109 to piglin/celebrate2
[05Jan2026 06:00:10.773] [modloading-worker-0/INFO] [epicfight/]: Assigned animation id 110 to piglin/celebrate3
[05Jan2026 06:00:10.774] [modloading-worker-0/INFO] [epicfight/]: Assigned animation id 111 to piglin/admire
[05Jan2026 06:00:10.774] [modloading-worker-0/INFO] [epicfight/]: Assigned animation id 112 to wither/idle
[05Jan2026 06:00:10.774] [modloading-worker-0/INFO] [epicfight/]: Assigned animation id 113 to biped/skill/guard_spear
[05Jan2026 06:00:10.774] [modloading-worker-0/INFO] [epicfight/]: Assigned animation id 114 to biped/skill/guard_sword
[05Jan2026 06:00:10.774] [modloading-worker-0/INFO] [epicfight/]: Assigned animation id 115 to biped/skill/guard_dualsword
[05Jan2026 06:00:10.774] [modloading-worker-0/INFO] [epicfight/]: Assigned animation id 116 to biped/skill/guard_greatsword
[05Jan2026 06:00:10.774] [modloading-worker-0/INFO] [epicfight/]: Assigned animation id 117 to biped/skill/guard_uchigatana
[05Jan2026 06:00:10.775] [modloading-worker-0/INFO] [epicfight/]: Assigned animation id 118 to biped/skill/guard_longsword
[05Jan2026 06:00:10.775] [modloading-worker-0/INFO] [epicfight/]: Assigned animation id 119 to biped/skill/steel_whirlwind_charging
[05Jan2026 06:00:10.775] [modloading-worker-0/INFO] [epicfight/]: Assigned animation id 120 to biped/skill/roll_forward
[05Jan2026 06:00:10.776] [modloading-worker-0/INFO] [epicfight/]: Assigned animation id 121 to biped/skill/roll_backward
[05Jan2026 06:00:10.776] [modloading-worker-0/INFO] [epicfight/]: Assigned animation id 122 to biped/skill/step_forward
[05Jan2026 06:00:10.776] [modloading-worker-0/INFO] [epicfight/]: Assigned animation id 123 to biped/skill/step_backward
[05Jan2026 06:00:10.776] [modloading-worker-0/INFO] [epicfight/]: Assigned animation id 124 to biped/skill/step_left
[05Jan2026 06:00:10.776] [modloading-worker-0/INFO] [epicfight/]: Assigned animation id 125 to biped/skill/step_right
[05Jan2026 06:00:10.776] [modloading-worker-0/INFO] [epicfight/]: Assigned animation id 126 to biped/skill/knockdown_wakeup_left
[05Jan2026 06:00:10.777] [modloading-worker-0/INFO] [epicfight/]: Assigned animation id 127 to biped/skill/knockdown_wakeup_right
[05Jan2026 06:00:10.777] [modloading-worker-0/INFO] [epicfight/]: Assigned animation id 128 to biped/skill/demolition_leap_charge
[05Jan2026 06:00:10.777] [modloading-worker-0/INFO] [epicfight/]: Assigned animation id 129 to biped/skill/demolition_leap
[05Jan2026 06:00:10.777] [modloading-worker-0/INFO] [epicfight/]: Assigned animation id 130 to biped/skill/phantom_ascent_forward
[05Jan2026 06:00:10.778] [modloading-worker-0/INFO] [epicfight/]: Assigned animation id 131 to biped/skill/phantom_ascent_backward
[05Jan2026 06:00:10.781] [modloading-worker-0/INFO] [epicfight/]: Assigned animation id 132 to biped/combat/fist_auto1
[05Jan2026 06:00:10.785] [modloading-worker-0/INFO] [epicfight/]: Assigned animation id 133 to biped/combat/fist_auto2
[05Jan2026 06:00:10.785] [modloading-worker-0/INFO] [epicfight/]: Assigned animation id 134 to biped/combat/fist_auto3
[05Jan2026 06:00:10.785] [modloading-worker-0/INFO] [epicfight/]: Assigned animation id 135 to biped/combat/fist_dash
[05Jan2026 06:00:10.786] [modloading-worker-0/INFO] [epicfight/]: Assigned animation id 136 to biped/combat/sword_auto1
[05Jan2026 06:00:10.786] [modloading-worker-0/INFO] [epicfight/]: Assigned animation id 137 to biped/combat/sword_auto2
[05Jan2026 06:00:10.786] [modloading-worker-0/INFO] [epicfight/]: Assigned animation id 138 to biped/combat/sword_auto3
[05Jan2026 06:00:10.787] [modloading-worker-0/INFO] [epicfight/]: Assigned animation id 139 to biped/combat/sword_dash
[05Jan2026 06:00:10.787] [modloading-worker-0/INFO] [epicfight/]: Assigned animation id 140 to biped/combat/greatsword_auto1
[05Jan2026 06:00:10.787] [modloading-worker-0/INFO] [epicfight/]: Assigned animation id 141 to biped/combat/greatsword_auto2
[05Jan2026 06:00:10.787] [modloading-worker-0/INFO] [epicfight/]: Assigned animation id 142 to biped/combat/greatsword_dash
[05Jan2026 06:00:10.788] [modloading-worker-0/INFO] [epicfight/]: Assigned animation id 143 to biped/combat/spear_onehand_auto
[05Jan2026 06:00:10.788] [modloading-worker-0/INFO] [epicfight/]: Assigned animation id 144 to biped/combat/spear_twohand_auto1
[05Jan2026 06:00:10.788] [modloading-worker-0/INFO] [epicfight/]: Assigned animation id 145 to biped/combat/spear_twohand_auto2
[05Jan2026 06:00:10.788] [modloading-worker-0/INFO] [epicfight/]: Assigned animation id 146 to biped/combat/spear_dash
[05Jan2026 06:00:10.788] [modloading-worker-0/INFO] [epicfight/]: Assigned animation id 147 to 136
[05Jan2026 06:00:10.789] [modloading-worker-0/INFO] [epicfight/]: Assigned animation id 148 to biped/combat/sword_auto4
[05Jan2026 06:00:10.789] [modloading-worker-0/INFO] [epicfight/]: Assigned animation id 149 to biped/combat/tool_dash
[05Jan2026 06:00:10.789] [modloading-worker-0/INFO] [epicfight/]: Assigned animation id 150 to biped/combat/axe_dash
[05Jan2026 06:00:10.789] [modloading-worker-0/INFO] [epicfight/]: Assigned animation id 151 to biped/combat/sword_dual_auto1
[05Jan2026 06:00:10.789] [modloading-worker-0/INFO] [epicfight/]: Assigned animation id 152 to biped/combat/sword_dual_auto2
[05Jan2026 06:00:10.789] [modloading-worker-0/INFO] [epicfight/]: Assigned animation id 153 to biped/combat/sword_dual_auto3
[05Jan2026 06:00:10.790] [modloading-worker-0/INFO] [epicfight/]: Assigned animation id 154 to biped/combat/sword_dual_dash
[05Jan2026 06:00:10.790] [modloading-worker-0/INFO] [epicfight/]: Assigned animation id 155 to biped/combat/uchigatana_auto1
[05Jan2026 06:00:10.790] [modloading-worker-0/INFO] [epicfight/]: Assigned animation id 156 to biped/combat/uchigatana_auto2
[05Jan2026 06:00:10.790] [modloading-worker-0/INFO] [epicfight/]: Assigned animation id 157 to biped/combat/uchigatana_auto3
[05Jan2026 06:00:10.790] [modloading-worker-0/INFO] [epicfight/]: Assigned animation id 158 to biped/combat/uchigatana_dash
[05Jan2026 06:00:10.794] [modloading-worker-0/INFO] [epicfight/]: Assigned animation id 159 to biped/combat/uchigatana_sheath_auto
[05Jan2026 06:00:10.794] [modloading-worker-0/INFO] [epicfight/]: Assigned animation id 160 to biped/combat/uchigatana_sheath_dash
[05Jan2026 06:00:10.794] [modloading-worker-0/INFO] [epicfight/]: Assigned animation id 161 to biped/combat/axe_auto1
[05Jan2026 06:00:10.794] [modloading-worker-0/INFO] [epicfight/]: Assigned animation id 162 to biped/combat/axe_auto2
[05Jan2026 06:00:10.795] [modloading-worker-0/INFO] [epicfight/]: Assigned animation id 163 to biped/combat/longsword_auto1
[05Jan2026 06:00:10.795] [modloading-worker-0/INFO] [epicfight/]: Assigned animation id 164 to biped/combat/longsword_auto2
[05Jan2026 06:00:10.795] [modloading-worker-0/INFO] [epicfight/]: Assigned animation id 165 to biped/combat/longsword_auto3
[05Jan2026 06:00:10.795] [modloading-worker-0/INFO] [epicfight/]: Assigned animation id 166 to biped/combat/longsword_dash
[05Jan2026 06:00:10.796] [modloading-worker-0/INFO] [epicfight/]: Assigned animation id 167 to biped/combat/longsword_liechtenauer_auto1
[05Jan2026 06:00:10.796] [modloading-worker-0/INFO] [epicfight/]: Assigned animation id 168 to biped/combat/longsword_liechtenauer_auto2
[05Jan2026 06:00:10.796] [modloading-worker-0/INFO] [epicfight/]: Assigned animation id 169 to biped/combat/longsword_liechtenauer_auto3
[05Jan2026 06:00:10.796] [modloading-worker-0/INFO] [epicfight/]: Assigned animation id 170 to biped/combat/tachi_auto1
[05Jan2026 06:00:10.796] [modloading-worker-0/INFO] [epicfight/]: Assigned animation id 171 to biped/combat/tachi_auto2
[05Jan2026 06:00:10.796] [modloading-worker-0/INFO] [epicfight/]: Assigned animation id 172 to biped/combat/tachi_auto3
[05Jan2026 06:00:10.797] [modloading-worker-0/INFO] [epicfight/]: Assigned animation id 173 to biped/combat/tachi_dash
[05Jan2026 06:00:10.797] [modloading-worker-0/INFO] [epicfight/]: Assigned animation id 174 to biped/combat/dagger_auto1
[05Jan2026 06:00:10.797] [modloading-worker-0/INFO] [epicfight/]: Assigned animation id 175 to biped/combat/dagger_auto2
[05Jan2026 06:00:10.797] [modloading-worker-0/INFO] [epicfight/]: Assigned animation id 176 to biped/combat/dagger_auto3
[05Jan2026 06:00:10.797] [modloading-worker-0/INFO] [epicfight/]: Assigned animation id 177 to biped/combat/dagger_dash
[05Jan2026 06:00:10.798] [modloading-worker-0/INFO] [epicfight/]: Assigned animation id 178 to biped/combat/dagger_dual_auto1
[05Jan2026 06:00:10.798] [modloading-worker-0/INFO] [epicfight/]: Assigned animation id 179 to biped/combat/dagger_dual_auto2
[05Jan2026 06:00:10.798] [modloading-worker-0/INFO] [epicfight/]: Assigned animation id 180 to biped/combat/dagger_dual_auto3
[05Jan2026 06:00:10.798] [modloading-worker-0/INFO] [epicfight/]: Assigned animation id 181 to biped/combat/dagger_dual_auto4
[05Jan2026 06:00:10.798] [modloading-worker-0/INFO] [epicfight/]: Assigned animation id 182 to biped/combat/dagger_dual_dash
[05Jan2026 06:00:10.798] [modloading-worker-0/INFO] [epicfight/]: Assigned animation id 183 to biped/combat/trident_auto1
[05Jan2026 06:00:10.798] [modloading-worker-0/INFO] [epicfight/]: Assigned animation id 184 to biped/combat/trident_auto2
[05Jan2026 06:00:10.799] [modloading-worker-0/INFO] [epicfight/]: Assigned animation id 185 to biped/combat/trident_auto3
[05Jan2026 06:00:10.799] [modloading-worker-0/INFO] [epicfight/]: Assigned animation id 186 to biped/combat/sword_airslash
[05Jan2026 06:00:10.799] [modloading-worker-0/INFO] [epicfight/]: Assigned animation id 187 to biped/combat/sword_dual_airslash
[05Jan2026 06:00:10.799] [modloading-worker-0/INFO] [epicfight/]: Assigned animation id 188 to biped/combat/uchigatana_airslash
[05Jan2026 06:00:10.799] [modloading-worker-0/INFO] [epicfight/]: Assigned animation id 189 to biped/combat/uchigatana_sheath_airslash
[05Jan2026 06:00:10.800] [modloading-worker-0/INFO] [epicfight/]: Assigned animation id 190 to biped/combat/spear_onehand_airslash
[05Jan2026 06:00:10.800] [modloading-worker-0/INFO] [epicfight/]: Assigned animation id 191 to biped/combat/spear_twohand_airslash
[05Jan2026 06:00:10.800] [modloading-worker-0/INFO] [epicfight/]: Assigned animation id 192 to biped/combat/longsword_airslash
[05Jan2026 06:00:10.800] [modloading-worker-0/INFO] [epicfight/]: Assigned animation id 193 to biped/combat/greatsword_airslash
[05Jan2026 06:00:10.800] [modloading-worker-0/INFO] [epicfight/]: Assigned animation id 194 to biped/combat/fist_airslash
[05Jan2026 06:00:10.801] [modloading-worker-0/INFO] [epicfight/]: Assigned animation id 195 to biped/combat/dagger_airslash
[05Jan2026 06:00:10.801] [modloading-worker-0/INFO] [epicfight/]: Assigned animation id 196 to 187
[05Jan2026 06:00:10.801] [modloading-worker-0/INFO] [epicfight/]: Assigned animation id 197 to biped/combat/axe_airslash
[05Jan2026 06:00:10.801] [modloading-worker-0/INFO] [epicfight/]: Assigned animation id 198 to biped/combat/sword_mount_attack
[05Jan2026 06:00:10.802] [modloading-worker-0/INFO] [epicfight/]: Assigned animation id 199 to biped/combat/spear_mount_attack
[05Jan2026 06:00:10.802] [modloading-worker-0/INFO] [epicfight/]: Assigned animation id 200 to biped/combat/mob_onehand1
[05Jan2026 06:00:10.802] [modloading-worker-0/INFO] [epicfight/]: Assigned animation id 201 to biped/combat/mob_onehand2
[05Jan2026 06:00:10.802] [modloading-worker-0/INFO] [epicfight/]: Assigned animation id 202 to biped/combat/mob_greatsword1
[05Jan2026 06:00:10.803] [modloading-worker-0/INFO] [epicfight/]: Assigned animation id 203 to biped/combat/mob_tachi_special
[05Jan2026 06:00:10.803] [modloading-worker-0/INFO] [epicfight/]: Assigned animation id 204 to biped/combat/mob_spear_onehand
[05Jan2026 06:00:10.803] [modloading-worker-0/INFO] [epicfight/]: Assigned animation id 205 to biped/combat/mob_spear_twohand1
[05Jan2026 06:00:10.803] [modloading-worker-0/INFO] [epicfight/]: Assigned animation id 206 to biped/combat/mob_spear_twohand2
[05Jan2026 06:00:10.803] [modloading-worker-0/INFO] [epicfight/]: Assigned animation id 207 to biped/combat/mob_spear_twohand3
[05Jan2026 06:00:10.804] [modloading-worker-0/INFO] [epicfight/]: Assigned animation id 208 to biped/combat/mob_sword_dual1
[05Jan2026 06:00:10.804] [modloading-worker-0/INFO] [epicfight/]: Assigned animation id 209 to biped/combat/mob_sword_dual2
[05Jan2026 06:00:10.805] [modloading-worker-0/INFO] [epicfight/]: Assigned animation id 210 to biped/combat/mob_sword_dual3
[05Jan2026 06:00:10.805] [modloading-worker-0/INFO] [epicfight/]: Assigned animation id 211 to biped/combat/mob_longsword1
[05Jan2026 06:00:10.805] [modloading-worker-0/INFO] [epicfight/]: Assigned animation id 212 to biped/combat/mob_longsword2
[05Jan2026 06:00:10.805] [modloading-worker-0/INFO] [epicfight/]: Assigned animation id 213 to biped/combat/mob_uchigatana1
[05Jan2026 06:00:10.805] [modloading-worker-0/INFO] [epicfight/]: Assigned animation id 214 to biped/combat/mob_uchigatana2
[05Jan2026 06:00:10.806] [modloading-worker-0/INFO] [epicfight/]: Assigned animation id 215 to biped/combat/mob_uchigatana3
[05Jan2026 06:00:10.806] [modloading-worker-0/INFO] [epicfight/]: Assigned animation id 216 to biped/combat/mob_dagger_onehand1
[05Jan2026 06:00:10.806] [modloading-worker-0/INFO] [epicfight/]: Assigned animation id 217 to biped/combat/mob_dagger_onehand2
[05Jan2026 06:00:10.806] [modloading-worker-0/INFO] [epicfight/]: Assigned animation id 218 to biped/combat/mob_dagger_onehand3
[05Jan2026 06:00:10.806] [modloading-worker-0/INFO] [epicfight/]: Assigned animation id 219 to biped/combat/mob_dagger_twohand1
[05Jan2026 06:00:10.806] [modloading-worker-0/INFO] [epicfight/]: Assigned animation id 220 to biped/combat/mob_dagger_twohand2
[05Jan2026 06:00:10.806] [modloading-worker-0/INFO] [epicfight/]: Assigned animation id 221 to biped/combat/mob_throw
[05Jan2026 06:00:10.806] [modloading-worker-0/INFO] [epicfight/]: Assigned animation id 222 to biped/skill/guard_sword_hit
[05Jan2026 06:00:10.807] [modloading-worker-0/INFO] [epicfight/]: Assigned animation id 223 to biped/skill/guard_sword_hit_active1
[05Jan2026 06:00:10.807] [modloading-worker-0/INFO] [epicfight/]: Assigned animation id 224 to biped/skill/guard_sword_hit_active2
[05Jan2026 06:00:10.807] [modloading-worker-0/INFO] [epicfight/]: Assigned animation id 225 to biped/skill/guard_sword_hit_active3
[05Jan2026 06:00:10.807] [modloading-worker-0/INFO] [epicfight/]: Assigned animation id 226 to biped/skill/guard_longsword_hit_active1
[05Jan2026 06:00:10.807] [modloading-worker-0/INFO] [epicfight/]: Assigned animation id 227 to biped/skill/guard_longsword_hit_active2
[05Jan2026 06:00:10.807] [modloading-worker-0/INFO] [epicfight/]: Assigned animation id 228 to biped/skill/guard_dualsword_hit
[05Jan2026 06:00:10.807] [modloading-worker-0/INFO] [epicfight/]: Assigned animation id 229 to biped/skill/guard_break1
[05Jan2026 06:00:10.807] [modloading-worker-0/INFO] [epicfight/]: Assigned animation id 230 to biped/skill/guard_break2
[05Jan2026 06:00:10.807] [modloading-worker-0/INFO] [epicfight/]: Assigned animation id 231 to biped/skill/guard_longsword_hit
[05Jan2026 06:00:10.807] [modloading-worker-0/INFO] [epicfight/]: Assigned animation id 232 to biped/skill/guard_spear_hit
[05Jan2026 06:00:10.808] [modloading-worker-0/INFO] [epicfight/]: Assigned animation id 233 to biped/skill/guard_greatsword_hit
[05Jan2026 06:00:10.808] [modloading-worker-0/INFO] [epicfight/]: Assigned animation id 234 to biped/skill/guard_uchigatana_hit
[05Jan2026 06:00:10.808] [modloading-worker-0/INFO] [epicfight/]: Assigned animation id 235 to biped/skill/greatsword_slam
[05Jan2026 06:00:10.808] [modloading-worker-0/INFO] [epicfight/]: Assigned animation id 236 to biped/skill/revelation_normal
[05Jan2026 06:00:10.808] [modloading-worker-0/INFO] [epicfight/]: Assigned animation id 237 to biped/skill/revelation_twohand
[05Jan2026 06:00:10.809] [modloading-worker-0/INFO] [epicfight/]: Assigned animation id 238 to biped/combat/hit_short
[05Jan2026 06:00:10.809] [modloading-worker-0/INFO] [epicfight/]: Assigned animation id 239 to biped/combat/hit_long
[05Jan2026 06:00:10.809] [modloading-worker-0/INFO] [epicfight/]: Assigned animation id 240 to biped/combat/hit_on_mount
[05Jan2026 06:00:10.809] [modloading-worker-0/INFO] [epicfight/]: Assigned animation id 241 to biped/living/landing
[05Jan2026 06:00:10.809] [modloading-worker-0/INFO] [epicfight/]: Assigned animation id 242 to biped/combat/knockdown
[05Jan2026 06:00:10.810] [modloading-worker-0/INFO] [epicfight/]: Assigned animation id 243 to biped/living/death
[05Jan2026 06:00:10.810] [modloading-worker-0/INFO] [epicfight/]: Assigned animation id 244 to creeper/hit_short
[05Jan2026 06:00:10.810] [modloading-worker-0/INFO] [epicfight/]: Assigned animation id 245 to creeper/hit_long
[05Jan2026 06:00:10.810] [modloading-worker-0/INFO] [epicfight/]: Assigned animation id 246 to creeper/death
[05Jan2026 06:00:10.810] [modloading-worker-0/INFO] [epicfight/]: Assigned animation id 247 to enderman/hit_short
[05Jan2026 06:00:10.810] [modloading-worker-0/INFO] [epicfight/]: Assigned animation id 248 to enderman/hit_long
[05Jan2026 06:00:10.811] [modloading-worker-0/INFO] [epicfight/]: Assigned animation id 249 to enderman/neutralized
[05Jan2026 06:00:10.811] [modloading-worker-0/INFO] [epicfight/]: Assigned animation id 250 to enderman/convert_rage
[05Jan2026 06:00:10.811] [modloading-worker-0/INFO] [epicfight/]: Assigned animation id 251 to enderman/tp_kick1
[05Jan2026 06:00:10.811] [modloading-worker-0/INFO] [epicfight/]: Assigned animation id 252 to enderman/tp_kick2
[05Jan2026 06:00:10.811] [modloading-worker-0/INFO] [epicfight/]: Assigned animation id 253 to enderman/rush_kick
[05Jan2026 06:00:10.811] [modloading-worker-0/INFO] [epicfight/]: Assigned animation id 254 to enderman/jump_kick
[05Jan2026 06:00:10.812] [modloading-worker-0/INFO] [epicfight/]: Assigned animation id 255 to enderman/knee
[05Jan2026 06:00:10.812] [modloading-worker-0/INFO] [epicfight/]: Assigned animation id 256 to enderman/kick_twice
[05Jan2026 06:00:10.812] [modloading-worker-0/INFO] [epicfight/]: Assigned animation id 257 to enderman/grasp
[05Jan2026 06:00:10.812] [modloading-worker-0/INFO] [epicfight/]: Assigned animation id 258 to enderman/death
[05Jan2026 06:00:10.812] [modloading-worker-0/INFO] [epicfight/]: Assigned animation id 259 to enderman/teleport
[05Jan2026 06:00:10.812] [modloading-worker-0/INFO] [epicfight/]: Assigned animation id 260 to dragon/idle
[05Jan2026 06:00:10.813] [modloading-worker-0/INFO] [epicfight/]: Assigned animation id 261 to dragon/walk
[05Jan2026 06:00:10.813] [modloading-worker-0/INFO] [epicfight/]: Assigned animation id 262 to dragon/fly
[05Jan2026 06:00:10.814] [modloading-worker-0/INFO] [epicfight/]: Assigned animation id 263 to dragon/death
[05Jan2026 06:00:10.814] [modloading-worker-0/INFO] [epicfight/]: Assigned animation id 264 to dragon/ground_to_fly
[05Jan2026 06:00:10.815] [modloading-worker-0/INFO] [epicfight/]: Assigned animation id 265 to dragon/fly_to_ground
[05Jan2026 06:00:10.816] [modloading-worker-0/INFO] [epicfight/]: Assigned animation id 266 to dragon/attack1
[05Jan2026 06:00:10.817] [modloading-worker-0/INFO] [epicfight/]: Assigned animation id 267 to dragon/attack2
[05Jan2026 06:00:10.817] [modloading-worker-0/INFO] [epicfight/]: Assigned animation id 268 to dragon/attack3
[05Jan2026 06:00:10.817] [modloading-worker-0/INFO] [epicfight/]: Assigned animation id 269 to dragon/attack4
[05Jan2026 06:00:10.818] [modloading-worker-0/INFO] [epicfight/]: Assigned animation id 270 to dragon/attack4_recovery
[05Jan2026 06:00:10.818] [modloading-worker-0/INFO] [epicfight/]: Assigned animation id 271 to dragon/fireball
[05Jan2026 06:00:10.818] [modloading-worker-0/INFO] [epicfight/]: Assigned animation id 272 to dragon/airstrike
[05Jan2026 06:00:10.818] [modloading-worker-0/INFO] [epicfight/]: Assigned animation id 273 to dragon/backjump_prepare
[05Jan2026 06:00:10.818] [modloading-worker-0/INFO] [epicfight/]: Assigned animation id 274 to dragon/backjump_move
[05Jan2026 06:00:10.819] [modloading-worker-0/INFO] [epicfight/]: Assigned animation id 275 to dragon/backjump_recovery
[05Jan2026 06:00:10.819] [modloading-worker-0/INFO] [epicfight/]: Assigned animation id 276 to dragon/crystal_link
[05Jan2026 06:00:10.820] [modloading-worker-0/INFO] [epicfight/]: Assigned animation id 277 to dragon/neutralized
[05Jan2026 06:00:10.820] [modloading-worker-0/INFO] [epicfight/]: Assigned animation id 278 to dragon/neutralized_recovery
[05Jan2026 06:00:10.820] [modloading-worker-0/INFO] [epicfight/]: Assigned animation id 279 to spider/attack
[05Jan2026 06:00:10.820] [modloading-worker-0/INFO] [epicfight/]: Assigned animation id 280 to spider/jump_attack
[05Jan2026 06:00:10.821] [modloading-worker-0/INFO] [epicfight/]: Assigned animation id 281 to spider/hit
[05Jan2026 06:00:10.821] [modloading-worker-0/INFO] [epicfight/]: Assigned animation id 282 to spider/neutralized
[05Jan2026 06:00:10.821] [modloading-worker-0/INFO] [epicfight/]: Assigned animation id 283 to spider/death
[05Jan2026 06:00:10.821] [modloading-worker-0/INFO] [epicfight/]: Assigned animation id 284 to iron_golem/attack1
[05Jan2026 06:00:10.821] [modloading-worker-0/INFO] [epicfight/]: Assigned animation id 285 to iron_golem/attack2
[05Jan2026 06:00:10.821] [modloading-worker-0/INFO] [epicfight/]: Assigned animation id 286 to iron_golem/attack3
[05Jan2026 06:00:10.821] [modloading-worker-0/INFO] [epicfight/]: Assigned animation id 287 to iron_golem/attack4
[05Jan2026 06:00:10.822] [modloading-worker-0/INFO] [epicfight/]: Assigned animation id 288 to iron_golem/death
[05Jan2026 06:00:10.822] [modloading-worker-0/INFO] [epicfight/]: Assigned animation id 289 to illager/swing_axe1
[05Jan2026 06:00:10.822] [modloading-worker-0/INFO] [epicfight/]: Assigned animation id 290 to illager/swing_axe2
[05Jan2026 06:00:10.822] [modloading-worker-0/INFO] [epicfight/]: Assigned animation id 291 to illager/swing_axe3
[05Jan2026 06:00:10.822] [modloading-worker-0/INFO] [epicfight/]: Assigned animation id 292 to piglin/death
[05Jan2026 06:00:10.822] [modloading-worker-0/INFO] [epicfight/]: Assigned animation id 293 to hoglin/death
[05Jan2026 06:00:10.823] [modloading-worker-0/INFO] [epicfight/]: Assigned animation id 294 to hoglin/attack
[05Jan2026 06:00:10.823] [modloading-worker-0/INFO] [epicfight/]: Assigned animation id 295 to ravager/death
[05Jan2026 06:00:10.823] [modloading-worker-0/INFO] [epicfight/]: Assigned animation id 296 to ravager/groggy
[05Jan2026 06:00:10.823] [modloading-worker-0/INFO] [epicfight/]: Assigned animation id 297 to ravager/attack1
[05Jan2026 06:00:10.823] [modloading-worker-0/INFO] [epicfight/]: Assigned animation id 298 to ravager/attack2
[05Jan2026 06:00:10.823] [modloading-worker-0/INFO] [epicfight/]: Assigned animation id 299 to ravager/attack3
[05Jan2026 06:00:10.823] [modloading-worker-0/INFO] [epicfight/]: Assigned animation id 300 to vex/hit
[05Jan2026 06:00:10.824] [modloading-worker-0/INFO] [epicfight/]: Assigned animation id 301 to vex/death
[05Jan2026 06:00:10.824] [modloading-worker-0/INFO] [epicfight/]: Assigned animation id 302 to vex/charge
[05Jan2026 06:00:10.824] [modloading-worker-0/INFO] [epicfight/]: Assigned animation id 303 to vex/neutralized
[05Jan2026 06:00:10.824] [modloading-worker-0/INFO] [epicfight/]: Assigned animation id 304 to witch/drink
[05Jan2026 06:00:10.825] [modloading-worker-0/INFO] [epicfight/]: Assigned animation id 305 to wither_skeleton/sword_attack1
[05Jan2026 06:00:10.825] [modloading-worker-0/INFO] [epicfight/]: Assigned animation id 306 to wither_skeleton/sword_attack2
[05Jan2026 06:00:10.825] [modloading-worker-0/INFO] [epicfight/]: Assigned animation id 307 to wither_skeleton/sword_attack3
[05Jan2026 06:00:10.825] [modloading-worker-0/INFO] [epicfight/]: Assigned animation id 308 to wither/rush
[05Jan2026 06:00:10.826] [modloading-worker-0/INFO] [epicfight/]: Assigned animation id 309 to wither/death
[05Jan2026 06:00:10.826] [modloading-worker-0/INFO] [epicfight/]: Assigned animation id 310 to wither/neutralized
[05Jan2026 06:00:10.826] [modloading-worker-0/INFO] [epicfight/]: Assigned animation id 311 to wither/spell_wither_armor
[05Jan2026 06:00:10.827] [modloading-worker-0/INFO] [epicfight/]: Assigned animation id 312 to wither/charging_blocked
[05Jan2026 06:00:10.827] [modloading-worker-0/INFO] [epicfight/]: Assigned animation id 313 to wither/ghost_stand
[05Jan2026 06:00:10.827] [modloading-worker-0/INFO] [epicfight/]: Assigned animation id 314 to wither/swirl
[05Jan2026 06:00:10.828] [modloading-worker-0/INFO] [epicfight/]: Assigned animation id 315 to wither/laser
[05Jan2026 06:00:10.828] [modloading-worker-0/INFO] [epicfight/]: Assigned animation id 316 to wither/backflip
[05Jan2026 06:00:10.829] [modloading-worker-0/INFO] [epicfight/]: Assigned animation id 317 to zombie/attack1
[05Jan2026 06:00:10.829] [modloading-worker-0/INFO] [epicfight/]: Assigned animation id 318 to zombie/attack2
[05Jan2026 06:00:10.829] [modloading-worker-0/INFO] [epicfight/]: Assigned animation id 319 to zombie/attack3
[05Jan2026 06:00:10.829] [modloading-worker-0/INFO] [epicfight/]: Assigned animation id 320 to biped/skill/sweeping_edge
[05Jan2026 06:00:10.829] [modloading-worker-0/INFO] [epicfight/]: Assigned animation id 321 to biped/skill/dancing_edge
[05Jan2026 06:00:10.829] [modloading-worker-0/INFO] [epicfight/]: Assigned animation id 322 to biped/skill/the_guillotine
[05Jan2026 06:00:10.829] [modloading-worker-0/INFO] [epicfight/]: Assigned animation id 323 to biped/skill/heartpiercer
[05Jan2026 06:00:10.830] [modloading-worker-0/INFO] [epicfight/]: Assigned animation id 324 to 146
[05Jan2026 06:00:10.830] [modloading-worker-0/INFO] [epicfight/]: Assigned animation id 325 to biped/skill/grasping_spire_second
[05Jan2026 06:00:10.830] [modloading-worker-0/INFO] [epicfight/]: Assigned animation id 326 to biped/skill/steel_whirlwind
[05Jan2026 06:00:10.831] [modloading-worker-0/INFO] [epicfight/]: Assigned animation id 327 to biped/skill/battojutsu
[05Jan2026 06:00:10.831] [modloading-worker-0/INFO] [epicfight/]: Assigned animation id 328 to biped/skill/battojutsu_dash
[05Jan2026 06:00:10.831] [modloading-worker-0/INFO] [epicfight/]: Assigned animation id 329 to biped/skill/rushing_tempo1
[05Jan2026 06:00:10.831] [modloading-worker-0/INFO] [epicfight/]: Assigned animation id 330 to biped/skill/rushing_tempo2
[05Jan2026 06:00:10.832] [modloading-worker-0/INFO] [epicfight/]: Assigned animation id 331 to biped/skill/rushing_tempo3
[05Jan2026 06:00:10.832] [modloading-worker-0/INFO] [epicfight/]: Assigned animation id 332 to biped/skill/relentless_combo
[05Jan2026 06:00:10.832] [modloading-worker-0/INFO] [epicfight/]: Assigned animation id 333 to biped/skill/eviscerate_first
[05Jan2026 06:00:10.832] [modloading-worker-0/INFO] [epicfight/]: Assigned animation id 334 to biped/skill/eviscerate_second
[05Jan2026 06:00:10.832] [modloading-worker-0/INFO] [epicfight/]: Assigned animation id 335 to biped/skill/blade_rush_combo1
[05Jan2026 06:00:10.834] [modloading-worker-0/INFO] [epicfight/]: Assigned animation id 336 to biped/skill/blade_rush_combo2
[05Jan2026 06:00:10.834] [modloading-worker-0/INFO] [epicfight/]: Assigned animation id 337 to biped/skill/blade_rush_combo3
[05Jan2026 06:00:10.835] [modloading-worker-0/INFO] [epicfight/]: Assigned animation id 338 to biped/interact/blade_rush_hit
[05Jan2026 06:00:10.836] [modloading-worker-0/INFO] [epicfight/]: Assigned animation id 339 to biped/skill/blade_rush_execute
[05Jan2026 06:00:10.836] [modloading-worker-0/INFO] [epicfight/]: Assigned animation id 340 to biped/skill/blade_rush_failed
[05Jan2026 06:00:10.837] [modloading-worker-0/INFO] [epicfight/]: Assigned animation id 341 to biped/skill/blade_rush_try
[05Jan2026 06:00:10.837] [modloading-worker-0/INFO] [epicfight/]: Assigned animation id 342 to biped/skill/wrathful_lighting
[05Jan2026 06:00:10.837] [modloading-worker-0/INFO] [epicfight/]: Assigned animation id 343 to biped/skill/tsunami
[05Jan2026 06:00:10.840] [modloading-worker-0/INFO] [epicfight/]: Assigned animation id 344 to biped/skill/tsunami_reinforced
[05Jan2026 06:00:10.840] [modloading-worker-0/INFO] [epicfight/]: Assigned animation id 345 to biped/skill/everlasting_allegiance_call
[05Jan2026 06:00:10.841] [modloading-worker-0/INFO] [epicfight/]: Assigned animation id 346 to biped/skill/everlasting_allegiance_catch
[05Jan2026 06:00:10.841] [modloading-worker-0/INFO] [epicfight/]: Assigned animation id 347 to biped/skill/sharp_stab
[05Jan2026 06:00:10.891] [Forge Version Check/DEBUG] [net.minecraftforge.fml.VersionChecker/]: [forge] Received version check data:
{
  "homepage": "https://files.minecraftforge.net/net/minecraftforge/forge/",
  "promos": {
    "1.1-latest": "1.3.4.29",
    "1.2.3-latest": "1.4.1.64",
    "1.2.4-latest": "2.0.0.68",
    "1.2.5-latest": "3.4.9.171",
    "1.3.2-latest": "4.3.5.318",
    "1.4.0-latest": "5.0.0.326",
    "1.4.1-latest": "6.0.0.329",
    "1.4.2-latest": "6.0.1.355",
    "1.4.3-latest": "6.2.1.358",
    "1.4.4-latest": "6.3.0.378",
    "1.4.5-latest": "6.4.2.448",
    "1.4.6-latest": "6.5.0.489",
    "1.4.7-latest": "6.6.2.534",
    "1.5-latest": "7.7.0.598",
    "1.5.1-latest": "7.7.2.682",
    "1.5.2-latest": "7.8.1.738",
    "1.5.2-recommended": "7.8.1.738",
    "1.6.1-latest": "8.9.0.775",
    "1.6.2-latest": "9.10.1.871",
    "1.6.2-recommended": "9.10.1.871",
    "1.6.3-latest": "9.11.0.878",
    "1.6.4-latest": "9.11.1.1345",
    "1.6.4-recommended": "9.11.1.1345",
    "1.7.2-latest": "10.12.2.1161",
    "1.7.2-recommended": "10.12.2.1161",
    "1.7.10-latest": "10.13.4.1614",
    "1.7.10-recommended": "10.13.4.1614",
    "1.8-latest": "11.14.4.1577",
    "1.8-recommended": "11.14.4.1563",
    "1.8.8-latest": "11.15.0.1655",
    "1.8.9-latest": "11.15.1.2318",
    "1.8.9-recommended": "11.15.1.2318",
    "1.9-latest": "12.16.1.1938",
    "1.9-recommended": "12.16.1.1887",
    "1.9.4-latest": "12.17.0.2317",
    "1.9.4-recommended": "12.17.0.2317",
    "1.10-latest": "12.18.0.2000",
    "1.10.2-latest": "12.18.3.2511",
    "1.10.2-recommended": "12.18.3.2511",
    "1.11-latest": "13.19.1.2199",
    "1.11-recommended": "13.19.1.2189",
    "1.11.2-latest": "13.20.1.2588",
    "1.11.2-recommended": "13.20.1.2588",
    "1.12-latest": "14.21.1.2443",
    "1.12-recommended": "14.21.1.2387",
    "1.12.1-latest": "14.22.1.2485",
    "1.12.1-recommended": "14.22.1.2478",
    "1.12.2-latest": "14.23.5.2864",
    "1.12.2-recommended": "14.23.5.2859",
    "1.13.2-latest": "25.0.223",
    "1.14.2-latest": "26.0.63",
    "1.14.3-latest": "27.0.60",
    "1.14.4-latest": "28.2.28",
    "1.14.4-recommended": "28.2.26",
    "1.15-latest": "29.0.4",
    "1.15.1-latest": "30.0.51",
    "1.15.2-latest": "31.2.60",
    "1.15.2-recommended": "31.2.57",
    "1.16.1-latest": "32.0.108",
    "1.16.2-latest": "33.0.61",
    "1.16.3-latest": "34.1.42",
    "1.16.3-recommended": "34.1.0",
    "1.16.4-latest": "35.1.37",
    "1.16.4-recommended": "35.1.4",
    "1.16.5-latest": "36.2.42",
    "1.16.5-recommended": "36.2.34",
    "1.17.1-latest": "37.1.1",
    "1.17.1-recommended": "37.1.1",
    "1.18-latest": "38.0.17",
    "1.18.1-latest": "39.1.2",
    "1.18.1-recommended": "39.1.0",
    "1.18.2-recommended": "40.3.0",
    "1.18.2-latest": "40.3.12",
    "1.19-latest": "41.1.0",
    "1.19-recommended": "41.1.0",
    "1.19.1-latest": "42.0.9",
    "1.19.2-recommended": "43.5.0",
    "1.19.2-latest": "43.5.2",
    "1.19.3-latest": "44.1.23",
    "1.19.3-recommended": "44.1.0",
    "1.19.4-recommended": "45.4.0",
    "1.19.4-latest": "45.4.3",
    "1.20-latest": "46.0.14",
    "1.20.1-recommended": "47.4.10",
    "1.20.1-latest": "47.4.13",
    "1.20.2-latest": "48.1.0",
    "1.20.2-recommended": "48.1.0",
    "1.20.3-latest": "49.0.2",
    "1.20.4-latest": "49.2.4",
    "1.20.4-recommended": "49.2.0",
    "1.20.6-latest": "50.2.4",
    "1.20.6-recommended": "50.2.0",
    "1.21-latest": "51.0.33",
    "1.21.1-latest": "52.1.8",
    "1.21.1-recommended": "52.1.0",
    "1.21.3-latest": "53.1.6",
    "1.21.3-recommended": "53.1.0",
    "1.21.4-latest": "54.1.11",
    "1.21.4-recommended": "54.1.0",
    "1.21.5-latest": "55.1.4",
    "1.21.5-recommended": "55.1.0",
    "1.21.6-latest": "56.0.9",
    "1.21.7-latest": "57.0.3",
    "1.21.8-latest": "58.1.11",
    "1.21.8-recommended": "58.1.0",
    "1.21.9-latest": "59.0.5",
    "1.21.10-latest": "60.1.5",
    "1.21.10-recommended": "60.1.0",
    "1.21.11-latest": "61.0.5"
  }
}
[05Jan2026 06:00:10.892] [Forge Version Check/INFO] [net.minecraftforge.fml.VersionChecker/]: [forge] Found status: OUTDATED Current: 47.3.7 Target: 47.4.10
[05Jan2026 06:00:10.892] [Forge Version Check/INFO] [net.minecraftforge.fml.VersionChecker/]: [zillagersweararmor] Starting version check at https://raw.githubusercontent.com/seymourimadeit/illagersweararmor/master/update.json
[05Jan2026 06:00:10.912] [Forge Version Check/DEBUG] [net.minecraftforge.fml.VersionChecker/]: [zillagersweararmor] Received version check data:
{
	"homepage": "https://www.curseforge.com/minecraft/mc-mods/illagers-wear-armor/files",
	"promos": {
		"1.18-recommended": "1.1.2",
		"1.18-latest": "1.1.2",
		"1.18.1-recommended": "1.1.2",
		"1.18.1-latest": "1.1.2",
		"1.18.2-recommended": "1.1.5",
		"1.18.2-latest": "1.1.5",
		"1.19-recommended": "1.2.1",
		"1.19-latest": "1.2.1",
		"1.19.1-recommended": "1.2.1",
		"1.19.1-latest": "1.2.1",
		"1.19.2-recommended": "1.2.6-1.19.2",
		"1.19.2-latest": "1.2.6-1.19.2",
		"1.19.3-recommended": "1.2.6",
		"1.19.3-latest": "1.2.6"
	}
}
[05Jan2026 06:00:10.913] [Forge Version Check/INFO] [net.minecraftforge.fml.VersionChecker/]: [zillagersweararmor] Found status: BETA Current: 1.20.1-1.3.4 Target: null
[05Jan2026 06:00:10.915] [Forge Version Check/INFO] [net.minecraftforge.fml.VersionChecker/]: [gravestone] Starting version check at https://update.maxhenkel.de/forge/gravestone
[05Jan2026 06:00:11.469] [main/ERROR] [net.minecraft.Util/]: Entity dungeonnowloading:fairkeeper_serpent_caller has no attributes
[05Jan2026 06:00:11.470] [main/ERROR] [net.minecraft.Util/]: Entity dungeonnowloading:fairkeeper_serpent_caller has no attributes
[05Jan2026 06:00:11.470] [main/ERROR] [net.minecraft.Util/]: Entity dungeonnowloading:fairkeeper_serpent_caller has no attributes
[05Jan2026 06:00:11.471] [main/ERROR] [net.minecraft.Util/]: Entity dungeonnowloading:fairkeeper_serpent_caller has no attributes
[05Jan2026 06:00:11.471] [main/ERROR] [net.minecraft.Util/]: Entity dungeonnowloading:fairkeeper_serpent_caller has no attributes
[05Jan2026 06:00:11.471] [main/ERROR] [net.minecraft.Util/]: Entity dungeonnowloading:fairkeeper_serpent_caller has no attributes
[05Jan2026 06:00:11.472] [main/ERROR] [net.minecraft.Util/]: Entity dungeonnowloading:fairkeeper_serpent_caller has no attributes
[05Jan2026 06:00:11.472] [main/ERROR] [net.minecraft.Util/]: Entity dungeonnowloading:fairkeeper_serpent_caller has no attributes
[05Jan2026 06:00:11.473] [main/ERROR] [net.minecraft.Util/]: Entity dungeonnowloading:fairkeeper_serpent_caller has no attributes
[05Jan2026 06:00:11.473] [main/ERROR] [net.minecraft.Util/]: Entity dungeonnowloading:fairkeeper_serpent_caller has no attributes
[05Jan2026 06:00:11.473] [main/ERROR] [net.minecraft.Util/]: Entity dungeonnowloading:fairkeeper_serpent_caller has no attributes
[05Jan2026 06:00:11.474] [main/ERROR] [net.minecraft.Util/]: Entity dungeonnowloading:fairkeeper_serpent_caller has no attributes
[05Jan2026 06:00:11.474] [main/ERROR] [net.minecraft.Util/]: Entity dungeonnowloading:fairkeeper_serpent_caller has no attributes
[05Jan2026 06:00:11.474] [main/ERROR] [net.minecraft.Util/]: Entity dungeonnowloading:fairkeeper_serpent_caller has no attributes
[05Jan2026 06:00:11.475] [main/ERROR] [net.minecraft.Util/]: Entity dungeonnowloading:fairkeeper_serpent_caller has no attributes
[05Jan2026 06:00:11.475] [main/ERROR] [net.minecraft.Util/]: Entity dungeonnowloading:fairkeeper_serpent_caller has no attributes
[05Jan2026 06:00:11.475] [main/ERROR] [net.minecraft.Util/]: Entity dungeonnowloading:fairkeeper_serpent_caller has no attributes
[05Jan2026 06:00:11.476] [main/ERROR] [net.minecraft.Util/]: Entity dungeonnowloading:fairkeeper_serpent_caller has no attributes
[05Jan2026 06:00:11.476] [main/ERROR] [net.minecraft.Util/]: Entity dungeonnowloading:fairkeeper_serpent_caller has no attributes
[05Jan2026 06:00:11.476] [main/ERROR] [net.minecraft.Util/]: Entity dungeonnowloading:fairkeeper_serpent_caller has no attributes
[05Jan2026 06:00:11.477] [main/ERROR] [net.minecraft.Util/]: Entity dungeonnowloading:fairkeeper_serpent_caller has no attributes
[05Jan2026 06:00:11.477] [main/ERROR] [net.minecraft.Util/]: Entity dungeonnowloading:fairkeeper_serpent_caller has no attributes
[05Jan2026 06:00:11.477] [main/ERROR] [net.minecraft.Util/]: Entity dungeonnowloading:fairkeeper_serpent_caller has no attributes
[05Jan2026 06:00:11.478] [main/ERROR] [net.minecraft.Util/]: Entity dungeonnowloading:fairkeeper_serpent_caller has no attributes
[05Jan2026 06:00:11.478] [main/ERROR] [net.minecraft.Util/]: Entity dungeonnowloading:fairkeeper_serpent_caller has no attributes
[05Jan2026 06:00:11.478] [main/ERROR] [net.minecraft.Util/]: Entity dungeonnowloading:fairkeeper_serpent_caller has no attributes
[05Jan2026 06:00:11.479] [main/ERROR] [net.minecraft.Util/]: Entity dungeonnowloading:fairkeeper_serpent_caller has no attributes
[05Jan2026 06:00:11.479] [main/ERROR] [net.minecraft.Util/]: Entity dungeonnowloading:fairkeeper_serpent_caller has no attributes
[05Jan2026 06:00:11.479] [main/ERROR] [net.minecraft.Util/]: Entity dungeonnowloading:fairkeeper_serpent_caller has no attributes
[05Jan2026 06:00:11.480] [main/ERROR] [net.minecraft.Util/]: Entity dungeonnowloading:fairkeeper_serpent_caller has no attributes
[05Jan2026 06:00:11.480] [main/ERROR] [net.minecraft.Util/]: Entity dungeonnowloading:fairkeeper_serpent_caller has no attributes
[05Jan2026 06:00:11.480] [main/ERROR] [net.minecraft.Util/]: Entity dungeonnowloading:fairkeeper_serpent_caller has no attributes
[05Jan2026 06:00:11.481] [main/ERROR] [net.minecraft.Util/]: Entity dungeonnowloading:fairkeeper_serpent_caller has no attributes
[05Jan2026 06:00:11.551] [Forge Version Check/DEBUG] [net.minecraftforge.fml.VersionChecker/]: [gravestone] Received version check data:
{"1.9.4":{"1.3.6":"Bugfixes"},"1.8.8":{"1.1.7":"Bugfixes"},"1.20":{"1.20-1.0.3":"Updated to 1.20"},"1.8.9":{"1.1.7":"Bugfixes"},"1.18":{"1.18-1.0.3":"Fixed loader version requirement"},"1.19":{"1.19-1.0.3":"Fixed crash when opening the obituary"},"promos":{"1.14.4-recommended":"1.15.3","1.14.3-recommended":"1.14.3","1.20-recommended":"1.20-1.0.3","1.19.3-recommended":"1.19.3-1.0.3","1.19.1-recommended":"1.19.1-1.0.0","1.8.8-latest":"1.1.7","1.8.9-latest":"1.1.7","1.19.4-recommended":"1.19.4-1.0.3","1.19.2-recommended":"1.19.2-1.0.10","1.10.2-latest":"1.5.13","1.14.2-recommended":"1.13.3","1.14.3-latest":"1.14.3","1.20-latest":"1.20-1.0.3","1.11-latest":"1.6.6","1.10.2-recommended":"1.5.13","1.20.1-latest":"1.20.1-1.0.35","1.16.4-latest":"1.16.4-1.0.9","1.11.2-recommended":"1.7.4.1","1.19.3-latest":"1.19.3-1.0.3","1.8-latest":"1.0.5","1.16.2-latest":"1.16.2-1.0.6","1.7.10-latest":"0.7.10.3","1.15.2-recommended":"1.17.6","1.8-recommended":"1.0.5","1.19.1-latest":"1.19.1-1.0.0","1.15.1-recommended":"1.16.2","1.9-recommended":"1.2.10","1.11.2-latest":"1.7.4.1","1.18.1-latest":"1.18.1-1.0.2","1.15.1-latest":"1.16.2","1.18.2-latest":"1.18.2-1.0.2","1.11-recommended":"1.6.6","1.10-recommended":"1.4.9","1.12.2-latest":"1.10.2","1.12.1-latest":"1.9.0","1.12.2-recommended":"1.10.2","1.7.10-recommended":"0.7.10.3","1.19-latest":"1.19-1.0.3","1.17.1-recommended":"1.17.1-1.0.4","1.16.1-recommended":"1.16.1-1.0.6","1.16.2-recommended":"1.16.2-1.0.6","1.18-latest":"1.18-1.0.3","1.16.5-recommended":"1.16.5-1.0.6","1.16.4-recommended":"1.16.4-1.0.9","1.12.1-recommended":"1.9.0","1.20.1-recommended":"1.20.1-1.0.10","1.16.3-recommended":"1.16.3-1.0.2","1.15.2-latest":"1.17.6","1.20.2-recommended":"1.20.2-1.0.10","1.12-recommended":"1.8.4","1.10-latest":"1.4.9","1.14.4-latest":"1.15.3","1.13.2-recommended":"1.12.7","1.9.4-recommended":"1.3.6","1.12-latest":"1.8.4","1.18.2-recommended":"1.18.2-1.0.2","1.17.1-latest":"1.17.1-1.0.4","1.13.2-latest":"1.12.7","1.18.1-recommended":"1.18.1-1.0.2","1.16.3-latest":"1.16.3-2.0.4","1.20.2-latest":"1.20.2-1.0.10","1.19.2-latest":"1.19.2-1.0.23","1.19.4-latest":"1.19.4-1.0.3","1.16.5-latest":"1.16.5-1.0.7","1.19-recommended":"1.19-1.0.3","1.16.1-latest":"1.16.1-1.0.6","1.9-latest":"1.2.10","1.18-recommended":"1.18-1.0.3","1.14.2-latest":"1.13.3","1.8.8-recommended":"1.1.7","1.8.9-recommended":"1.1.7","1.9.4-latest":"1.3.6"},"1.20.2":{"1.20.2-1.0.10":"Improved mod icon\nUpdated corelib"},"1.20.1":{"1.20.1-1.0.10":"Improved mod icon\nUpdated corelib","1.20.1-1.0.35":"Fixed restoreinventory command permissions"},"1.12":{"1.8.4":"Added recipe for recipe book"},"1.10":{"1.4.9":"Bugfixes"},"1.11":{"1.6.6":"Bugfixes"},"1.7.10":{"0.7.10.3":"Bugfixes"},"1.16.4":{"1.16.4-1.0.9":"Update chinese translation"},"1.18.2":{"1.18.2-1.0.2":"Fixed ukrainian locale code"},"1.19.1":{"1.19.1-1.0.0":"Updated to 1.19.1"},"1.16.5":{"1.16.5-1.0.7":"Fixed freeze with epic fight mod","1.16.5-1.0.6":"Fixed grave names"},"1.19.2":{"1.19.2-1.0.10":"Improved mod icon\nUpdated corelib","1.19.2-1.0.23":"Updated Traditional Chinese translation"},"1.19.3":{"1.19.3-1.0.3":"Fixed creative tabs because Forge broke everything again"},"1.19.4":{"1.19.4-1.0.3":"Updated to 1.19.4"},"1.14.2":{"1.13.3":"Improved en_us language and added pl_pl language"},"1.15.1":{"1.16.2":"Fixed crash with forge 30.0.17+"},"1.14.3":{"1.14.3":"Improved en_us language and added pl_pl language"},"1.16.1":{"1.16.1-1.0.6":"Fixed gravestone items can be picked up with a hopper"},"1.15.2":{"1.17.6":"Updated polish translation"},"1.14.4":{"1.15.3":"Fixed config reset issue"},"1.16.2":{"1.16.2-1.0.6":"Fixed nether dimension name\nUpdated russian translation\nFixed remove death note option"},"1.17.1":{"1.17.1-1.0.4":"Fixed crash with epic fight mod"},"1.8":{"1.0.5":"Bugfixes"},"1.16.3":{"1.16.3-1.0.2":"Updated mods.toml","1.16.3-2.0.4":"Fixed grave disappearing when having sneaking on toggle"},"1.18.1":{"1.18.1-1.0.2":"Added Brazilian Portuguese language"},"1.9":{"1.2.10":"Bugfixes"},"1.10.2":{"1.5.13":"Bugfixes"},"1.11.2":{"1.7.4.1":"Improved version checking"},"1.12.1":{"1.9.0":"Updated to 1.12.1"},"1.12.2":{"1.10.2":"Updated Forge version"},"1.13.2":{"1.12.7":"Improved en_us language and added pl_pl language"},"homepage":"https://www.curseforge.com/minecraft/mc-mods/gravestone-mod"}
[05Jan2026 06:00:11.551] [Forge Version Check/INFO] [net.minecraftforge.fml.VersionChecker/]: [gravestone] Found status: OUTDATED Current: 1.20.1-1.0.16 Target: 1.20.1-1.0.35
[05Jan2026 06:00:11.551] [Forge Version Check/INFO] [net.minecraftforge.fml.VersionChecker/]: [puzzleslib] Starting version check at https://raw.githubusercontent.com/Fuzss/modresources/main/update/puzzleslib.json
[05Jan2026 06:00:11.564] [Forge Version Check/DEBUG] [net.minecraftforge.fml.VersionChecker/]: [puzzleslib] Received version check data:
{
    "homepage": "https://modrinth.com/mod/puzzles-lib",
    "promos": {
        "1.16.2-latest": "1.0.15",
        "1.16.2-recommended": "1.0.15",
        "1.16.3-latest": "1.0.15",
        "1.16.3-recommended": "1.0.15",
        "1.16.4-latest": "1.0.15",
        "1.16.4-recommended": "1.0.15",
        "1.16.5-latest": "1.0.15",
        "1.16.5-recommended": "1.0.15",
        "1.17.1-latest": "2.0.2",
        "1.17.1-recommended": "2.0.2",
        "1.18-latest": "3.2.1",
        "1.18-recommended": "3.2.1",
        "1.18.1-latest": "3.2.1",
        "1.18.1-recommended": "3.2.1",
        "1.18.2-latest": "3.5.10",
        "1.18.2-recommended": "3.5.10",
        "1.19-latest": "4.0.18",
        "1.19-recommended": "4.0.18",
        "1.19.1-latest": "4.2.4",
        "1.19.1-recommended": "4.2.4",
        "1.19.2-latest": "4.4.3",
        "1.19.2-recommended": "4.4.3",
        "1.19.3-latest": "5.0.33",
        "1.19.3-recommended": "5.0.33",
        "1.19.4-latest": "6.0.11",
        "1.19.4-recommended": "6.0.11",
        "1.20-latest": "7.0.9",
        "1.20-recommended": "7.0.9",
        "1.20.1-latest": "8.1.33",
        "1.20.1-recommended": "8.1.33",
        "1.20.4-latest": "20.4.53",
        "1.20.4-recommended": "20.4.53",
        "1.21-latest": "21.0.28",
        "1.21-recommended": "21.0.28",
        "1.21.1-latest": "21.1.39",
        "1.21.1-recommended": "21.1.39",
        "1.21.10-latest": "21.10.8",
        "1.21.10-recommended": "21.10.8",
        "1.21.11-latest": "21.11.1",
        "1.21.11-recommended": "21.11.1",
        "1.21.3-latest": "21.3.25",
        "1.21.3-recommended": "21.3.25",
        "1.21.4-latest": "21.4.14",
        "1.21.4-recommended": "21.4.14",
        "1.21.5-latest": "21.5.13",
        "1.21.5-recommended": "21.5.13",
        "1.21.6-latest": "21.6.6",
        "1.21.6-recommended": "21.6.6",
        "1.21.7-latest": "21.7.1",
        "1.21.7-recommended": "21.7.1",
        "1.21.8-latest": "21.8.9",
        "1.21.8-recommended": "21.8.9",
        "1.21.9-latest": "21.9.5",
        "1.21.9-recommended": "21.9.5"
    }
}
[05Jan2026 06:00:11.565] [Forge Version Check/INFO] [net.minecraftforge.fml.VersionChecker/]: [puzzleslib] Found status: OUTDATED Current: 8.1.21 Target: 8.1.33
[05Jan2026 06:00:11.565] [Forge Version Check/INFO] [net.minecraftforge.fml.VersionChecker/]: [smallships] Starting version check at https://raw.githubusercontent.com/talhanation/smallships/main/update.json
[05Jan2026 06:00:11.576] [Forge Version Check/DEBUG] [net.minecraftforge.fml.VersionChecker/]: [smallships] Received version check data:
{
  "homepage": "https://modrinth.com/mod/small-ships",
  "promos": {
    "1.21.1-recommended": "2.0.0-b1.5",
    "1.21-recommended": "2.0.0-b1.5",
    "1.20.6-recommended": "2.0.0-b1.5",
    "1.20.4-recommended": "2.0.0-b1.4",
    "1.20.1-recommended": "2.0.0-b1.4",
    "1.19.4-recommended": "2.0.0-a2.3.3",
    "1.19.2-recommended": "2.0.0-b1.3",
    "1.18.2-recommended": "2.0.0-b1.3",
    "1.16.5-recommended": "1.10.1"
  },
  "1.18.2": {
    "2.0.0-b1.3": "fix team damage, improved performance, add mod compat with villager recruits",
    "2.0.0-b1.2.1": "fix only 2 passengers possbile bug in 1.18.2",
    "2.0.0-b1.2": "fix config errors, buffed cannonballs",
    "2.0.0-b1.1.1": "fix ships not spawning",
    "2.0.0-b1.1": "add drakkar ship with shields, add sunken feature, add configs, add dis/mounting feature",
    "2.0.0a2.0": "add config system, add speed modifiers for ships based on different factors, add ability to set sail state with forward/backward keybinds, add the galley, add crafting recipes, add knockback and damage feature for ships, add ability to leash ships and boats, add ability to zoom out while in a ship, rework for cannon mechanics, various fixes.",
    "2.0.0a2.1": "fix speed log spamming, fix crafting recipes, fix incorrect sail state sound playing, fix toggle sail key issues.",
    "2.0.0a2.2": "add paddling modifier, fix immersive portals and oh the biomes you'll go incompatibility, adjusted passenger positions for all ships, fix sail sound firing twice.",
    "2.0.0-a2.3": "add client side config, add auto third person feature when entering ships, add config updating system, fix arclight incompatibility, fix wrong sail sound being played.",
    "2.0.0-a2.3.1": "fix strange mixin crash."
  },
  "1.19.2": {
    "2.0.0-b1.3": "fix team damage, improved performance, add mod compat with villager recruits",
    "2.0.0-b1.2": "fix config errors, buffed cannonballs",
    "2.0.0-b1.1": "add drakkar ship with shields, add sunken feature, add configs, add dis/mounting feature",
    "2.0.0a2.0": "various fixes, add config system,  rework cannon mechanics. add the galley, add leashing, add new sail control.",
    "2.0.0a2.1": "fix sail-key issues, fix crafting recipes, fix speed log spamming.",
    "2.0.0a2.2": "add paddling modifier, fix immersive portals and oh the biomes you'll go incompatibility, adjusted passenger positions for all ships, fix sail sound firing twice.",
    "2.0.0-a2.3": "add client side config, add auto third person feature when entering ships, add config updating system, fix wrong sail sound being played."
  },
  "1.19.4": {
    "2.0.0-a2.3": "add client side config, add auto third person feature when entering ships, add config updating system, fix wrong sail sound being played.",
    "2.0.0-a2.3.2": "fix creative menu tab issues.",
    "2.0.0-a2.3.3": "fix registry issues."
  },
  "1.20": {
    "2.0.0-a2.3": "add client side config, add auto third person feature when entering ships, add config updating system, fix wrong sail sound being played.",
    "2.0.0-a2.3.1": "fix crash on fabric by using proper forgeconfigapiport 1.20 update.",
    "2.0.0-a2.3.2": "fix creative menu tab issues, fix ship container menu texture."
  },
  "1.20.1": {
    "2.0.0-b1.3": "fix team damage, improved performance, add mod compat with villager recruits",
    "2.0.0-b1.2": "fix config errors, buffed cannonballs",
    "2.0.0-b1.1": "add drakkar ship with shields, add sunken feature, add configs, add dis/mounting feature",
    "2.0.0-a2.3.3": "fix registry issues.",
    "2.0.0-b1.4": "fix bamboo and cherry recipe advancements"
  },
  "1.20.4": {
    "2.0.0-b1.3.5": "port to Forge 1.20.4",
    "2.0.0-b1.4": "fix bamboo and cherry recipe advancements"
  },
  "1.20.6": {
    "2.0.0-b1.3.5": "port to Forge 1.20.6",
    "2.0.0-b1.4": "fix bamboo and cherry recipe advancements",
    "2.0.0-b1.5": "fix shields not being saved correctly"
  },
  "1.21": {
    "2.0.0-b1.3.5": "port to Forge 1.21",
    "2.0.0-b1.4": "fix bamboo and cherry recipe advancements",
    "2.0.0-b1.5": "fix shields not being saved correctly"
  },
  "1.21.1": {
    "2.0.0-b1.5": "port to Forge 1.21.1",
    "2.0.0-b2.0": "add ground cannons! (thanks to Chryfi), fix incompatibility with new boat type system (thanks to bconlon1), fix ship cannons not rendering with shaders enabled",
    "2.0.0-b2.1": "fix ground cannons not rendering with shaders enabled"
  }
}
[05Jan2026 06:00:11.576] [Forge Version Check/INFO] [net.minecraftforge.fml.VersionChecker/]: [smallships] Found status: OUTDATED Current: 2.0.0-b1.3.1 Target: 2.0.0-b1.4
[05Jan2026 06:00:14.779] [main/INFO] [com.mojang.authlib.yggdrasil.YggdrasilAuthenticationService/]: Environment: authHost='https://authserver.mojang.com', accountsHost='https://api.mojang.com', sessionHost='https://sessionserver.mojang.com', servicesHost='https://api.minecraftservices.com', name='PROD'
[05Jan2026 06:00:14.827] [main/DEBUG] [mixin/]: Mixing VanillaPackResourcesAccessor from creativecore.mixins.json into net.minecraft.server.packs.VanillaPackResources
[05Jan2026 06:00:14.829] [main/WARN] [net.minecraft.server.packs.VanillaPackResourcesBuilder/]: Assets URL 'union:/workspaces/thepapu/servidor_minecraft/libraries/net/minecraft/server/1.20.1-20230612.114412/server-1.20.1-20230612.114412-srg.jar%23235!/assets/.mcassetsroot' uses unexpected schema
[05Jan2026 06:00:14.829] [main/WARN] [net.minecraft.server.packs.VanillaPackResourcesBuilder/]: Assets URL 'union:/workspaces/thepapu/servidor_minecraft/libraries/net/minecraft/server/1.20.1-20230612.114412/server-1.20.1-20230612.114412-srg.jar%23235!/data/.mcassetsroot' uses unexpected schema
[05Jan2026 06:00:14.844] [main/DEBUG] [mixin/]: Mixing block.PlayerBlockDestroyCancelMixin from dungeonnowloading.forge.mixins.json into net.minecraft.server.level.ServerPlayerGameMode
[05Jan2026 06:00:14.845] [main/DEBUG] [mixin/]: Mixing ServerPlayerGameModeMixin from forbidden_arcanus.mixins.json into net.minecraft.server.level.ServerPlayerGameMode
[05Jan2026 06:00:14.845] [main/DEBUG] [mixin/]: forbidden_arcanus.mixins.json:ServerPlayerGameModeMixin: Class version 61 required is higher than the class version supported by the current version of Mixin (JAVA_16 supports class version 60)
[05Jan2026 06:00:14.845] [main/DEBUG] [mixin/]: Renaming synthetic method lambda$forbiddenArcanus_destroyBlock$0(Lcom/stal111/forbidden_arcanus/common/item/modifier/DemolishingModifierBlockBreaker;)V to md5ff234$lambda$forbiddenArcanus_destroyBlock$0$0 in forbidden_arcanus.mixins.json:ServerPlayerGameModeMixin
[05Jan2026 06:00:14.863] [main/DEBUG] [mixin/]: Mixing PathPackResourcesAccessor from creativecore.mixins.json into net.minecraft.server.packs.PathPackResources
[05Jan2026 06:00:14.921] [main/DEBUG] [net.minecraftforge.server.ServerLifecycleHooks/CORE]: Generating PackInfo named mod:ftbessentials for mod file /workspaces/thepapu/servidor_minecraft/mods/ftb-essentials-forge-2001.2.3.jar
[05Jan2026 06:00:14.921] [main/DEBUG] [net.minecraftforge.server.ServerLifecycleHooks/CORE]: Generating PackInfo named mod:taxva for mod file /workspaces/thepapu/servidor_minecraft/mods/TaxVillageArchitect+M.1.20.1+ForM.1.1.1.jar
[05Jan2026 06:00:14.922] [main/DEBUG] [net.minecraftforge.server.ServerLifecycleHooks/CORE]: Generating PackInfo named mod:betterskills for mod file /workspaces/thepapu/servidor_minecraft/mods/Better Skills 1.8.1 [1.20.1].jar
[05Jan2026 06:00:14.922] [main/DEBUG] [net.minecraftforge.server.ServerLifecycleHooks/CORE]: Generating PackInfo named mod:xenon for mod file /workspaces/thepapu/servidor_minecraft/mods/xenon-0.3.19+mc1.20.1.jar
[05Jan2026 06:00:14.922] [main/DEBUG] [net.minecraftforge.server.ServerLifecycleHooks/CORE]: Generating PackInfo named mod:riskofrain_mobs for mod file /workspaces/thepapu/servidor_minecraft/mods/riskofrain_mobs-1.20.1-1.1.2.jar
[05Jan2026 06:00:14.922] [main/DEBUG] [net.minecraftforge.server.ServerLifecycleHooks/CORE]: Generating PackInfo named mod:geckolib for mod file /workspaces/thepapu/servidor_minecraft/mods/geckolib-forge-1.20.1-4.4.7.jar
[05Jan2026 06:00:14.922] [main/DEBUG] [net.minecraftforge.server.ServerLifecycleHooks/CORE]: Generating PackInfo named mod:realmrpg_demons for mod file /workspaces/thepapu/servidor_minecraft/mods/realmrpg_imps_and_demons_0.9.0_forge_1.20.1.jar
[05Jan2026 06:00:14.922] [main/DEBUG] [net.minecraftforge.server.ServerLifecycleHooks/CORE]: Generating PackInfo named mod:jei for mod file /workspaces/thepapu/servidor_minecraft/mods/jei-1.20.1-forge-15.3.0.7.jar
[05Jan2026 06:00:14.923] [main/DEBUG] [net.minecraftforge.server.ServerLifecycleHooks/CORE]: Generating PackInfo named mod:visualworkbench for mod file /workspaces/thepapu/servidor_minecraft/mods/VisualWorkbench-v8.0.0-1.20.1-Forge.jar
[05Jan2026 06:00:14.923] [main/DEBUG] [net.minecraftforge.server.ServerLifecycleHooks/CORE]: Generating PackInfo named mod:graveyard for mod file /workspaces/thepapu/servidor_minecraft/mods/The_Graveyard_3.1_(FORGE)_for_1.20.1.jar
[05Jan2026 06:00:14.923] [main/DEBUG] [net.minecraftforge.server.ServerLifecycleHooks/CORE]: Generating PackInfo named mod:naturalist for mod file /workspaces/thepapu/servidor_minecraft/mods/naturalist-forge-4.0.3-1.20.1.jar
[05Jan2026 06:00:14.923] [main/DEBUG] [net.minecraftforge.server.ServerLifecycleHooks/CORE]: Generating PackInfo named mod:ants_unleashed for mod file /workspaces/thepapu/servidor_minecraft/mods/ants-1.20.1-forge-ver2.2.jar
[05Jan2026 06:00:14.923] [main/DEBUG] [net.minecraftforge.server.ServerLifecycleHooks/CORE]: Generating PackInfo named mod:valhelsia_furniture for mod file /workspaces/thepapu/servidor_minecraft/mods/valhelsia_furniture-forge-1.20.1-1.1.3.jar
[05Jan2026 06:00:14.923] [main/DEBUG] [net.minecraftforge.server.ServerLifecycleHooks/CORE]: Generating PackInfo named mod:realmrpg_skeletons for mod file /workspaces/thepapu/servidor_minecraft/mods/realmrpg_fallen_adventurers_1.0.3_forge_1.20.1.jar
[05Jan2026 06:00:14.924] [main/DEBUG] [net.minecraftforge.server.ServerLifecycleHooks/CORE]: Generating PackInfo named mod:epicfight for mod file /workspaces/thepapu/servidor_minecraft/mods/EpicFight-20.7.4.jar
[05Jan2026 06:00:14.924] [main/DEBUG] [net.minecraftforge.server.ServerLifecycleHooks/CORE]: Generating PackInfo named mod:journeymap for mod file /workspaces/thepapu/servidor_minecraft/mods/journeymap-1.20.1-5.10.0-forge.jar
[05Jan2026 06:00:14.924] [main/DEBUG] [net.minecraftforge.server.ServerLifecycleHooks/CORE]: Generating PackInfo named mod:dungeonnowloading for mod file /workspaces/thepapu/servidor_minecraft/mods/Dungeon Now Loading-forge-1.20.1-2.0.jar
[05Jan2026 06:00:14.924] [main/DEBUG] [net.minecraftforge.server.ServerLifecycleHooks/CORE]: Generating PackInfo named mod:integrated_api for mod file /workspaces/thepapu/servidor_minecraft/mods/integrated_api-1.5.1+1.20.1-forge.jar
[05Jan2026 06:00:14.924] [main/DEBUG] [net.minecraftforge.server.ServerLifecycleHooks/CORE]: Generating PackInfo named mod:citadel for mod file /workspaces/thepapu/servidor_minecraft/mods/citadel-2.5.4-1.20.1.jar
[05Jan2026 06:00:14.924] [main/DEBUG] [net.minecraftforge.server.ServerLifecycleHooks/CORE]: Generating PackInfo named mod:alexsmobs for mod file /workspaces/thepapu/servidor_minecraft/mods/alexsmobs-1.22.7.jar
[05Jan2026 06:00:14.924] [main/DEBUG] [net.minecraftforge.server.ServerLifecycleHooks/CORE]: Generating PackInfo named mod:travelersbackpack for mod file /workspaces/thepapu/servidor_minecraft/mods/travelersbackpack-forge-1.20.1-9.1.14.jar
[05Jan2026 06:00:14.924] [main/DEBUG] [net.minecraftforge.server.ServerLifecycleHooks/CORE]: Generating PackInfo named mod:mixinextras for mod file 
[05Jan2026 06:00:14.925] [main/DEBUG] [net.minecraftforge.server.ServerLifecycleHooks/CORE]: Generating PackInfo named mod:mirabilis for mod file /workspaces/thepapu/servidor_minecraft/mods/mirabilis-1.1.1-1.20.1.jar
[05Jan2026 06:00:14.925] [main/DEBUG] [net.minecraftforge.server.ServerLifecycleHooks/CORE]: Generating PackInfo named mod:hopour for mod file /workspaces/thepapu/servidor_minecraft/mods/HopoBetterUnderwaterRuins-[1.20.2-1.20.4]-1.1.5.jar
[05Jan2026 06:00:14.925] [main/DEBUG] [net.minecraftforge.server.ServerLifecycleHooks/CORE]: Generating PackInfo named mod:grimoireofgaia for mod file /workspaces/thepapu/servidor_minecraft/mods/GrimoireOfGaia4-1.20.1-4.0.0-alpha.10.jar
[05Jan2026 06:00:14.925] [main/DEBUG] [net.minecraftforge.server.ServerLifecycleHooks/CORE]: Generating PackInfo named mod:iceandfire for mod file /workspaces/thepapu/servidor_minecraft/mods/iceandfire-2.1.13-1.20.1-beta-4.jar
[05Jan2026 06:00:14.925] [main/DEBUG] [net.minecraftforge.server.ServerLifecycleHooks/CORE]: Generating PackInfo named mod:orcz for mod file /workspaces/thepapu/servidor_minecraft/mods/Orcz_0.87_1.20.1.jar
[05Jan2026 06:00:14.926] [main/DEBUG] [net.minecraftforge.server.ServerLifecycleHooks/CORE]: Generating PackInfo named mod:morehitboxes for mod file /workspaces/thepapu/servidor_minecraft/mods/morehitboxes-forge-1.20.1-1.9.2.jar
[05Jan2026 06:00:14.926] [main/DEBUG] [net.minecraftforge.server.ServerLifecycleHooks/CORE]: Generating PackInfo named mod:bosses_of_mass_destruction for mod file /workspaces/thepapu/servidor_minecraft/mods/BOMD-Forge-1.20.1-1.1.1.jar
[05Jan2026 06:00:14.926] [main/DEBUG] [net.minecraftforge.server.ServerLifecycleHooks/CORE]: Generating PackInfo named mod:swampier_swamps for mod file /workspaces/thepapu/servidor_minecraft/mods/swampier_swamps-1.20-4.0.0.jar
[05Jan2026 06:00:14.926] [main/DEBUG] [net.minecraftforge.server.ServerLifecycleHooks/CORE]: Generating PackInfo named mod:morevanillashields for mod file /workspaces/thepapu/servidor_minecraft/mods/morevanillashields-1.1.0-1.20.1.jar
[05Jan2026 06:00:14.926] [main/DEBUG] [net.minecraftforge.server.ServerLifecycleHooks/CORE]: Generating PackInfo named mod:puzzlesaccessapi for mod file 
[05Jan2026 06:00:14.926] [main/DEBUG] [net.minecraftforge.server.ServerLifecycleHooks/CORE]: Generating PackInfo named mod:cloth_config for mod file /workspaces/thepapu/servidor_minecraft/mods/cloth-config-11.1.118-forge.jar
[05Jan2026 06:00:14.927] [main/DEBUG] [net.minecraftforge.server.ServerLifecycleHooks/CORE]: Generating PackInfo named mod:forge for mod file /workspaces/thepapu/servidor_minecraft/libraries/net/minecraftforge/forge/1.20.1-47.3.7/forge-1.20.1-47.3.7-universal.jar
[05Jan2026 06:00:14.927] [main/DEBUG] [net.minecraftforge.server.ServerLifecycleHooks/CORE]: Generating PackInfo named mod:iter_rpg for mod file /workspaces/thepapu/servidor_minecraft/mods/iter_rpg-0.7.0b-forge-1.20.1.jar
[05Jan2026 06:00:14.927] [main/DEBUG] [net.minecraftforge.server.ServerLifecycleHooks/CORE]: Generating PackInfo named mod:zillagersweararmor for mod file /workspaces/thepapu/servidor_minecraft/mods/illagersweararmor-1.20.1-1.3.4.jar
[05Jan2026 06:00:14.927] [main/DEBUG] [net.minecraftforge.server.ServerLifecycleHooks/CORE]: Generating PackInfo named mod:morevillagers for mod file /workspaces/thepapu/servidor_minecraft/mods/morevillagers-forge-1.20.1-5.0.0.jar
[05Jan2026 06:00:14.927] [main/DEBUG] [net.minecraftforge.server.ServerLifecycleHooks/CORE]: Generating PackInfo named mod:terrablender for mod file /workspaces/thepapu/servidor_minecraft/mods/TerraBlender-forge-1.20.1-3.0.1.7.jar
[05Jan2026 06:00:14.928] [main/DEBUG] [net.minecraftforge.server.ServerLifecycleHooks/CORE]: Generating PackInfo named mod:ambientsounds for mod file /workspaces/thepapu/servidor_minecraft/mods/AmbientSounds_FORGE_v6.0.3_mc1.20.1.jar
[05Jan2026 06:00:14.928] [main/DEBUG] [net.minecraftforge.server.ServerLifecycleHooks/CORE]: Generating PackInfo named mod:bloodandmadness for mod file /workspaces/thepapu/servidor_minecraft/mods/BloodAndMadness-Forge1.20.1-v2.1.5.2.jar
[05Jan2026 06:00:14.928] [main/DEBUG] [net.minecraftforge.server.ServerLifecycleHooks/CORE]: Generating PackInfo named mod:netherdungeons for mod file /workspaces/thepapu/servidor_minecraft/mods/netherdungeons-1.1.0-snapshot3a.jar
[05Jan2026 06:00:14.928] [main/DEBUG] [net.minecraftforge.server.ServerLifecycleHooks/CORE]: Generating PackInfo named mod:taxcp for mod file /workspaces/thepapu/servidor_minecraft/mods/TaxCastlePillager+M.1.20.1+ForM.1.0.1.jar
[05Jan2026 06:00:14.952] [main/DEBUG] [net.minecraftforge.server.ServerLifecycleHooks/CORE]: Generating PackInfo named mod:biomesoplenty for mod file /workspaces/thepapu/servidor_minecraft/mods/BiomesOPlenty-1.20.1-18.0.0.592.jar
[05Jan2026 06:00:14.953] [main/DEBUG] [net.minecraftforge.server.ServerLifecycleHooks/CORE]: Generating PackInfo named mod:endrem for mod file /workspaces/thepapu/servidor_minecraft/mods/endrem_forge-5.2.3-R-1.20.X.jar
[05Jan2026 06:00:14.953] [main/DEBUG] [net.minecraftforge.server.ServerLifecycleHooks/CORE]: Generating PackInfo named mod:justenoughbreeding for mod file /workspaces/thepapu/servidor_minecraft/mods/justenoughbreeding-forge-1.20.x-1.2.1.jar
[05Jan2026 06:00:14.953] [main/DEBUG] [net.minecraftforge.server.ServerLifecycleHooks/CORE]: Generating PackInfo named mod:hoporp for mod file /workspaces/thepapu/servidor_minecraft/mods/HopoBetterRuinedPortals-[1.20-1.20.2]-1.3.7.jar
[05Jan2026 06:00:14.953] [main/DEBUG] [net.minecraftforge.server.ServerLifecycleHooks/CORE]: Generating PackInfo named mod:creativecore for mod file /workspaces/thepapu/servidor_minecraft/mods/CreativeCore_FORGE_v2.11.31_mc1.20.1.jar
[05Jan2026 06:00:14.953] [main/DEBUG] [net.minecraftforge.server.ServerLifecycleHooks/CORE]: Generating PackInfo named mod:forbidden_arcanus for mod file /workspaces/thepapu/servidor_minecraft/mods/forbidden_arcanus-1.20.1-2.2.6.jar
[05Jan2026 06:00:14.953] [main/DEBUG] [net.minecraftforge.server.ServerLifecycleHooks/CORE]: Generating PackInfo named mod:born_in_chaos_v1 for mod file /workspaces/thepapu/servidor_minecraft/mods/born_in_chaos_[Forge]1.20.1_1.7.2.jar
[05Jan2026 06:00:14.953] [main/DEBUG] [net.minecraftforge.server.ServerLifecycleHooks/CORE]: Generating PackInfo named mod:lionfishapi for mod file /workspaces/thepapu/servidor_minecraft/mods/lionfishapi-1.9.jar
[05Jan2026 06:00:14.954] [main/DEBUG] [net.minecraftforge.server.ServerLifecycleHooks/CORE]: Generating PackInfo named mod:philipsruins for mod file /workspaces/thepapu/servidor_minecraft/mods/Philips-Ruins1.20.1-4.2.jar
[05Jan2026 06:00:14.954] [main/DEBUG] [net.minecraftforge.server.ServerLifecycleHooks/CORE]: Generating PackInfo named mod:cataclysm for mod file /workspaces/thepapu/servidor_minecraft/mods/L_Enders_Cataclysm-1.99.6-1.20.1.jar
[05Jan2026 06:00:14.954] [main/DEBUG] [net.minecraftforge.server.ServerLifecycleHooks/CORE]: Generating PackInfo named mod:curios for mod file /workspaces/thepapu/servidor_minecraft/mods/curios-forge-5.9.1+1.20.1.jar
[05Jan2026 06:00:14.954] [main/DEBUG] [net.minecraftforge.server.ServerLifecycleHooks/CORE]: Generating PackInfo named mod:spartanshields for mod file /workspaces/thepapu/servidor_minecraft/mods/SpartanShields-1.20.1-forge-3.1.1.jar
[05Jan2026 06:00:14.954] [main/DEBUG] [net.minecraftforge.server.ServerLifecycleHooks/CORE]: Generating PackInfo named mod:brutalbosses for mod file /workspaces/thepapu/servidor_minecraft/mods/brutalbosses-1.20.1-7.0.jar
[05Jan2026 06:00:14.954] [main/DEBUG] [net.minecraftforge.server.ServerLifecycleHooks/CORE]: Generating PackInfo named mod:gravestone for mod file /workspaces/thepapu/servidor_minecraft/mods/gravestone-forge-1.20.1-1.0.16.jar
[05Jan2026 06:00:14.954] [main/DEBUG] [net.minecraftforge.server.ServerLifecycleHooks/CORE]: Generating PackInfo named mod:cerbons_api for mod file /workspaces/thepapu/servidor_minecraft/mods/CerbonsApi-Forge-1.20.1-1.0.0.jar
[05Jan2026 06:00:14.954] [main/DEBUG] [net.minecraftforge.server.ServerLifecycleHooks/CORE]: Generating PackInfo named mod:seadwellers for mod file /workspaces/thepapu/servidor_minecraft/mods/realmrpg_seadwellers_2.9.9_forge_1.20.1.jar
[05Jan2026 06:00:14.955] [main/DEBUG] [net.minecraftforge.server.ServerLifecycleHooks/CORE]: Generating PackInfo named mod:legendary_monsters for mod file /workspaces/thepapu/servidor_minecraft/mods/legendarymonsters-1.9.8 MC 1.20.1.jar
[05Jan2026 06:00:14.955] [main/DEBUG] [net.minecraftforge.server.ServerLifecycleHooks/CORE]: Generating PackInfo named mod:endreborn for mod file /workspaces/thepapu/servidor_minecraft/mods/endorium-forge-1.1.3.jar
[05Jan2026 06:00:14.955] [main/DEBUG] [net.minecraftforge.server.ServerLifecycleHooks/CORE]: Generating PackInfo named mod:crittersandcompanions for mod file /workspaces/thepapu/servidor_minecraft/mods/crittersandcompanions-1.20.1-2.1.6.jar
[05Jan2026 06:00:14.955] [main/DEBUG] [net.minecraftforge.server.ServerLifecycleHooks/CORE]: Generating PackInfo named mod:spartanweaponry for mod file /workspaces/thepapu/servidor_minecraft/mods/SpartanWeaponry-1.20.1-forge-3.1.0-beta-1-all.jar
[05Jan2026 06:00:14.955] [main/DEBUG] [net.minecraftforge.server.ServerLifecycleHooks/CORE]: Generating PackInfo named mod:mvs for mod file /workspaces/thepapu/servidor_minecraft/mods/mvs-4.1.2-1.20-forge.jar
[05Jan2026 06:00:14.955] [main/DEBUG] [net.minecraftforge.server.ServerLifecycleHooks/CORE]: Generating PackInfo named mod:architectury for mod file /workspaces/thepapu/servidor_minecraft/mods/architectury-9.2.14-forge.jar
[05Jan2026 06:00:14.956] [main/DEBUG] [net.minecraftforge.server.ServerLifecycleHooks/CORE]: Generating PackInfo named mod:ftblibrary for mod file /workspaces/thepapu/servidor_minecraft/mods/ftb-library-forge-2001.2.10.jar
[05Jan2026 06:00:14.956] [main/DEBUG] [net.minecraftforge.server.ServerLifecycleHooks/CORE]: Generating PackInfo named mod:fossil for mod file /workspaces/thepapu/servidor_minecraft/mods/fossil-forge-1.20.1-9.2.1.3.jar
[05Jan2026 06:00:14.956] [main/DEBUG] [net.minecraftforge.server.ServerLifecycleHooks/CORE]: Generating PackInfo named mod:cupboard for mod file /workspaces/thepapu/servidor_minecraft/mods/cupboard-1.20.1-2.7.jar
[05Jan2026 06:00:14.956] [main/DEBUG] [net.minecraftforge.server.ServerLifecycleHooks/CORE]: Generating PackInfo named mod:puzzleslib for mod file /workspaces/thepapu/servidor_minecraft/mods/PuzzlesLib-v8.1.21-1.20.1-Forge.jar
[05Jan2026 06:00:14.956] [main/DEBUG] [net.minecraftforge.server.ServerLifecycleHooks/CORE]: Generating PackInfo named mod:smallships for mod file /workspaces/thepapu/servidor_minecraft/mods/smallships-forge-1.20.1-2.0.0-b1.3.1.jar
[05Jan2026 06:00:14.956] [main/DEBUG] [net.minecraftforge.server.ServerLifecycleHooks/CORE]: Generating PackInfo named mod:valhelsia_core for mod file /workspaces/thepapu/servidor_minecraft/mods/valhelsia_core-forge-1.20.1-1.1.2.jar
[05Jan2026 06:00:14.960] [main/DEBUG] [mixin/]: Mixing resources.ReloadableResourceManagerImplAccessor from integrated_api-common.mixins.json into net.minecraft.server.packs.resources.MultiPackResourceManager
[05Jan2026 06:00:14.971] [main/DEBUG] [mixin/]: Mixing resources.NamespaceResourceManagerAccessor from integrated_api-common.mixins.json into net.minecraft.server.packs.resources.FallbackResourceManager
[05Jan2026 06:00:14.971] [main/DEBUG] [mixin/]: Mixing resources.NamespaceResourceManagerAccessor from mvs-common.mixins.json into net.minecraft.server.packs.resources.FallbackResourceManager
[05Jan2026 06:00:16.203] [main/ERROR] [net.minecraft.Util/]: Invalid path in pack: bloodandmadness:forge/biome_modifier/celestial_emissary_I.json, ignoring
[05Jan2026 06:00:16.204] [main/ERROR] [net.minecraft.Util/]: Invalid path in pack: bloodandmadness:forge/biome_modifier/brainsucker_I.json, ignoring
[05Jan2026 06:00:16.981] [main/DEBUG] [mixin/]: Mixing MixinPrimaryLevelData from terrablender.mixins.json into net.minecraft.world.level.storage.PrimaryLevelData
[05Jan2026 06:00:16.998] [main/DEBUG] [mixin/]: Mixing MixinLootDataManager from architectury.mixins.json into net.minecraft.world.level.storage.loot.LootDataManager
[05Jan2026 06:00:16.999] [main/DEBUG] [mixin/]: Mixing LootDataManagerForgeMixin from puzzleslib.forge.mixins.json into net.minecraft.world.level.storage.loot.LootDataManager
[05Jan2026 06:00:17.016] [main/DEBUG] [mixin/]: Mixing CommandExceptionLoggingMixin from cupboard.mixins.json into net.minecraft.commands.Commands
[05Jan2026 06:00:17.119] [main/DEBUG] [mixin/]: Mixing structures.LocateCommandMixin from mvs-common.mixins.json into net.minecraft.server.commands.LocateCommand
[05Jan2026 06:00:17.119] [main/DEBUG] [mixin/]: Renaming synthetic method lambda$mvs_increaseLocateRadius$0(Lnet/minecraft/core/Holder;)Z to md5ff234$lambda$mvs_increaseLocateRadius$0$0 in mvs-common.mixins.json:structures.LocateCommandMixin
[05Jan2026 06:00:17.121] [main/DEBUG] [mixin/]: Mixing command.LocateCommandMixin from integrated_api-common.mixins.json into net.minecraft.server.commands.LocateCommand
[05Jan2026 06:00:17.121] [main/DEBUG] [mixin/]: Renaming synthetic method lambda$integratedapi_increaseLocateRadius$0(Lnet/minecraft/core/Holder;)Z to md5ff234$lambda$integratedapi_increaseLocateRadius$0$1 in integrated_api-common.mixins.json:command.LocateCommandMixin
[05Jan2026 06:00:17.136] [main/DEBUG] [mixin/]: Mixing command.PlaceCommandUnlimit from integrated_api-common.mixins.json into net.minecraft.server.commands.PlaceCommand
[05Jan2026 06:00:17.165] [main/DEBUG] [net.minecraftforge.coremod.transformer.CoreModBaseTransformer/COREMOD]: Transforming net/minecraft/server/commands/SummonCommand
[05Jan2026 06:00:17.174] [main/DEBUG] [mixin/]: Mixing entities.SummonCommandMixin from dungeonnowloading.forge.mixins.json into net.minecraft.server.commands.SummonCommand
[05Jan2026 06:00:17.377] [main/INFO] [Spartan Weaponry/]: Finished registering commands for Spartan Weaponry!
[05Jan2026 06:00:17.400] [main/INFO] [com.github.alexthe666.alexsmobs.AlexsMobs/]: Adding datapack listener capsid_recipes
[05Jan2026 06:00:17.581] [Worker-Main-1/ERROR] [net.minecraft.tags.TagLoader/]: Couldn't load tag integrated_api:collections/any_taiga as it is missing following references: #repurposed_structures:collections/taigas (from integrated_api-1.5.1+1.20.1-forge.jar)
[05Jan2026 06:00:17.581] [Worker-Main-3/ERROR] [net.minecraft.tags.TagLoader/]: Couldn't load tag minecraft:mushroom_grow_block as it is missing following references: netherdungeons:growth_mauve (from netherdungeons-1.1.0-snapshot3a.jar)
[05Jan2026 06:00:18.225] [Worker-Main-2/DEBUG] [net.minecraftforge.coremod.transformer.CoreModBaseTransformer/COREMOD]: Transforming net/minecraft/world/entity/raid/Raid
[05Jan2026 06:00:18.550] [Worker-Main-2/INFO] [Spartan Weaponry/]: Adding Diamond Weapons to the End City Treasure Loot Table!
[05Jan2026 06:00:18.663] [Worker-Main-2/INFO] [Spartan Weaponry/]: Adding Longbow and Heavy Crossbow related loot to the Village Fletcher Loot Table!
[05Jan2026 06:00:18.927] [Worker-Main-2/INFO] [Spartan Weaponry/]: Adding Iron Weapons to the Village Weaponsmith Loot Table!
[05Jan2026 06:00:19.173] [main/WARN] [net.minecraft.world.level.storage.loot.LootDataManager/]: Found loot table element validation problem in {loot_tables:iter_rpg:entities/revenant}.pools[0].entries[0].functions[1]: Parameters [<parameter minecraft:tool>] are not provided in this context
[05Jan2026 06:00:19.174] [main/WARN] [net.minecraft.world.level.storage.loot.LootDataManager/]: Found loot table element validation problem in {loot_tables:iter_rpg:entities/fiend}.pools[0].entries[0].functions[1]: Parameters [<parameter minecraft:tool>] are not provided in this context
[05Jan2026 06:00:19.174] [main/WARN] [net.minecraft.world.level.storage.loot.LootDataManager/]: Found loot table element validation problem in {loot_tables:iter_rpg:entities/griever}.pools[1].entries[0].functions[1]: Parameters [<parameter minecraft:tool>] are not provided in this context
[05Jan2026 06:00:19.174] [main/WARN] [net.minecraft.world.level.storage.loot.LootDataManager/]: Found loot table element validation problem in {loot_tables:iter_rpg:entities/revenant}.pools[1].entries[0].functions[1]: Parameters [<parameter minecraft:tool>] are not provided in this context
[05Jan2026 06:00:19.174] [main/WARN] [net.minecraft.world.level.storage.loot.LootDataManager/]: Found loot table element validation problem in {loot_tables:iter_rpg:entities/griever}.pools[0].entries[0].functions[1]: Parameters [<parameter minecraft:tool>] are not provided in this context
[05Jan2026 06:00:19.174] [main/WARN] [net.minecraft.world.level.storage.loot.LootDataManager/]: Found loot table element validation problem in {loot_tables:iter_rpg:entities/griever}.pools[0].entries[1].functions[1]: Parameters [<parameter minecraft:tool>] are not provided in this context
[05Jan2026 06:00:19.174] [main/WARN] [net.minecraft.world.level.storage.loot.LootDataManager/]: Found loot table element validation problem in {loot_tables:iter_rpg:entities/sorrowsealed}.pools[1].entries[0].functions[1]: Parameters [<parameter minecraft:tool>] are not provided in this context
[05Jan2026 06:00:19.174] [main/WARN] [net.minecraft.world.level.storage.loot.LootDataManager/]: Found loot table element validation problem in {loot_tables:iter_rpg:entities/earth_elemental}.pools[1].entries[0].functions[1]: Parameters [<parameter minecraft:tool>] are not provided in this context
[05Jan2026 06:00:19.174] [main/WARN] [net.minecraft.world.level.storage.loot.LootDataManager/]: Found loot table element validation problem in {loot_tables:iter_rpg:entities/void_elemental}.pools[0].entries[0].functions[1]: Parameters [<parameter minecraft:tool>] are not provided in this context
[05Jan2026 06:00:19.175] [main/WARN] [net.minecraft.world.level.storage.loot.LootDataManager/]: Found loot table element validation problem in {loot_tables:iter_rpg:entities/mournstone}.pools[1].entries[0].functions[1]: Parameters [<parameter minecraft:tool>] are not provided in this context
[05Jan2026 06:00:19.175] [main/WARN] [net.minecraft.world.level.storage.loot.LootDataManager/]: Found loot table element validation problem in {loot_tables:iter_rpg:entities/mournstone}.pools[0].entries[0].functions[1]: Parameters [<parameter minecraft:tool>] are not provided in this context
[05Jan2026 06:00:19.175] [main/WARN] [net.minecraft.world.level.storage.loot.LootDataManager/]: Found loot table element validation problem in {loot_tables:iter_rpg:entities/carcass}.pools[0].entries[0].functions[1]: Parameters [<parameter minecraft:tool>] are not provided in this context
[05Jan2026 06:00:19.175] [main/WARN] [net.minecraft.world.level.storage.loot.LootDataManager/]: Found loot table element validation problem in {loot_tables:iter_rpg:entities/sorrowsealed}.pools[0].entries[0].functions[1]: Parameters [<parameter minecraft:tool>] are not provided in this context
[05Jan2026 06:00:19.175] [main/WARN] [net.minecraft.world.level.storage.loot.LootDataManager/]: Found loot table element validation problem in {loot_tables:iter_rpg:entities/mournstone}.pools[1].entries[1].functions[1]: Parameters [<parameter minecraft:tool>] are not provided in this context
[05Jan2026 06:00:19.175] [main/WARN] [net.minecraft.world.level.storage.loot.LootDataManager/]: Found loot table element validation problem in {loot_tables:iter_rpg:entities/water_elemental}.pools[1].entries[0].functions[1]: Parameters [<parameter minecraft:tool>] are not provided in this context
[05Jan2026 06:00:19.175] [main/WARN] [net.minecraft.world.level.storage.loot.LootDataManager/]: Found loot table element validation problem in {loot_tables:iter_rpg:entities/fire_elemental}.pools[1].entries[0].functions[1]: Parameters [<parameter minecraft:tool>] are not provided in this context
[05Jan2026 06:00:19.175] [main/WARN] [net.minecraft.world.level.storage.loot.LootDataManager/]: Found loot table element validation problem in {loot_tables:iter_rpg:entities/weeper}.pools[0].entries[0].functions[1]: Parameters [<parameter minecraft:tool>] are not provided in this context
[05Jan2026 06:00:19.176] [main/WARN] [net.minecraft.world.level.storage.loot.LootDataManager/]: Found loot table element validation problem in {loot_tables:iter_rpg:entities/carcass}.pools[1].entries[0].functions[1]: Parameters [<parameter minecraft:tool>] are not provided in this context
[05Jan2026 06:00:19.176] [main/WARN] [net.minecraft.world.level.storage.loot.LootDataManager/]: Found loot table element validation problem in {loot_tables:iter_rpg:entities/weeper}.pools[1].entries[1].functions[1]: Parameters [<parameter minecraft:tool>] are not provided in this context
[05Jan2026 06:00:19.176] [main/WARN] [net.minecraft.world.level.storage.loot.LootDataManager/]: Found loot table element validation problem in {loot_tables:iter_rpg:entities/giant_spider}.pools[0].entries[1].functions[1]: Parameters [<parameter minecraft:tool>] are not provided in this context
[05Jan2026 06:00:19.176] [main/WARN] [net.minecraft.world.level.storage.loot.LootDataManager/]: Found loot table element validation problem in {loot_tables:iter_rpg:entities/giant_spider}.pools[0].entries[2].functions[1]: Parameters [<parameter minecraft:tool>] are not provided in this context
[05Jan2026 06:00:19.176] [main/WARN] [net.minecraft.world.level.storage.loot.LootDataManager/]: Found loot table element validation problem in {loot_tables:iter_rpg:entities/weeper}.pools[1].entries[0].functions[1]: Parameters [<parameter minecraft:tool>] are not provided in this context
[05Jan2026 06:00:19.176] [main/WARN] [net.minecraft.world.level.storage.loot.LootDataManager/]: Found loot table element validation problem in {loot_tables:iter_rpg:entities/griever}.pools[1].entries[1].functions[1]: Parameters [<parameter minecraft:tool>] are not provided in this context
[05Jan2026 06:00:19.188] [main/ERROR] [net.minecraft.world.item.crafting.RecipeManager/]: Parsing error loading recipe forbidden_arcanus:fungyss_fence
com.google.gson.JsonParseException: An ingredient entry needs either a tag or an item
	at net.minecraft.world.item.crafting.Ingredient.m_43919_(Ingredient.java:226) ~[server-1.20.1-20230612.114412-srg.jar%23235!/:?]
	at net.minecraftforge.common.crafting.VanillaIngredientSerializer.parse(VanillaIngredientSerializer.java:27) ~[forge-1.20.1-47.3.7-universal.jar%23240!/:?]
	at net.minecraftforge.common.crafting.CraftingHelper.getIngredient(CraftingHelper.java:148) ~[forge-1.20.1-47.3.7-universal.jar%23240!/:?]
	at net.minecraft.world.item.crafting.Ingredient.m_288218_(Ingredient.java:194) ~[server-1.20.1-20230612.114412-srg.jar%23235!/:?]
	at net.minecraft.world.item.crafting.ShapedRecipe.m_44210_(ShapedRecipe.java:278) ~[server-1.20.1-20230612.114412-srg.jar%23235!/:?]
	at net.minecraft.world.item.crafting.ShapedRecipe$Serializer.m_6729_(ShapedRecipe.java:306) ~[server-1.20.1-20230612.114412-srg.jar%23235!/:?]
	at net.minecraft.world.item.crafting.ShapedRecipe$Serializer.m_6729_(ShapedRecipe.java:301) ~[server-1.20.1-20230612.114412-srg.jar%23235!/:?]
	at net.minecraftforge.common.extensions.IForgeRecipeSerializer.fromJson(IForgeRecipeSerializer.java:23) ~[forge-1.20.1-47.3.7-universal.jar%23240!/:?]
	at net.minecraft.world.item.crafting.RecipeManager.fromJson(RecipeManager.java:171) ~[server-1.20.1-20230612.114412-srg.jar%23235!/:?]
	at net.minecraft.world.item.crafting.RecipeManager.m_5787_(RecipeManager.java:67) ~[server-1.20.1-20230612.114412-srg.jar%23235!/:?]
	at net.minecraft.world.item.crafting.RecipeManager.m_5787_(RecipeManager.java:34) ~[server-1.20.1-20230612.114412-srg.jar%23235!/:?]
	at net.minecraft.server.packs.resources.SimplePreparableReloadListener.m_10789_(SimplePreparableReloadListener.java:13) ~[server-1.20.1-20230612.114412-srg.jar%23235!/:?]
	at java.util.concurrent.CompletableFuture$UniAccept.tryFire(CompletableFuture.java:718) ~[?:?]
	at java.util.concurrent.CompletableFuture$Completion.run(CompletableFuture.java:482) ~[?:?]
	at net.minecraft.server.packs.resources.SimpleReloadInstance.m_143940_(SimpleReloadInstance.java:69) ~[server-1.20.1-20230612.114412-srg.jar%23235!/:?]
	at net.minecraft.Util.m_214652_(Util.java:783) ~[server-1.20.1-20230612.114412-srg.jar%23235!/:?]
	at net.minecraft.Util.m_214679_(Util.java:772) ~[server-1.20.1-20230612.114412-srg.jar%23235!/:?]
	at net.minecraft.server.Main.main(Main.java:166) ~[server-1.20.1-20230612.114412-srg.jar%23235!/:?]
	at jdk.internal.reflect.NativeMethodAccessorImpl.invoke0(Native Method) ~[?:?]
	at jdk.internal.reflect.NativeMethodAccessorImpl.invoke(NativeMethodAccessorImpl.java:77) ~[?:?]
	at jdk.internal.reflect.DelegatingMethodAccessorImpl.invoke(DelegatingMethodAccessorImpl.java:43) ~[?:?]
	at java.lang.reflect.Method.invoke(Method.java:569) ~[?:?]
	at net.minecraftforge.fml.loading.targets.CommonLaunchHandler.runTarget(CommonLaunchHandler.java:111) ~[fmlloader-1.20.1-47.3.7.jar%2369!/:?]
	at net.minecraftforge.fml.loading.targets.CommonLaunchHandler.serverService(CommonLaunchHandler.java:103) ~[fmlloader-1.20.1-47.3.7.jar%2369!/:?]
	at net.minecraftforge.fml.loading.targets.CommonServerLaunchHandler.lambda$makeService$0(CommonServerLaunchHandler.java:27) ~[fmlloader-1.20.1-47.3.7.jar%2369!/:?]
	at cpw.mods.modlauncher.LaunchServiceHandlerDecorator.launch(LaunchServiceHandlerDecorator.java:30) ~[modlauncher-10.0.9.jar%2355!/:?]
	at cpw.mods.modlauncher.LaunchServiceHandler.launch(LaunchServiceHandler.java:53) ~[modlauncher-10.0.9.jar%2355!/:?]
	at cpw.mods.modlauncher.LaunchServiceHandler.launch(LaunchServiceHandler.java:71) ~[modlauncher-10.0.9.jar%2355!/:?]
	at cpw.mods.modlauncher.Launcher.run(Launcher.java:108) ~[modlauncher-10.0.9.jar%2355!/:?]
	at cpw.mods.modlauncher.Launcher.main(Launcher.java:78) ~[modlauncher-10.0.9.jar%2355!/:?]
	at cpw.mods.modlauncher.BootstrapLaunchConsumer.accept(BootstrapLaunchConsumer.java:26) ~[modlauncher-10.0.9.jar%2355!/:?]
	at cpw.mods.modlauncher.BootstrapLaunchConsumer.accept(BootstrapLaunchConsumer.java:23) ~[modlauncher-10.0.9.jar%2355!/:?]
	at cpw.mods.bootstraplauncher.BootstrapLauncher.main(BootstrapLauncher.java:141) ~[bootstraplauncher-1.1.2.jar:?]
[05Jan2026 06:00:19.203] [main/ERROR] [net.minecraft.world.item.crafting.RecipeManager/]: Parsing error loading recipe iter_rpg:packed_snow_bricks_cut_wall
com.google.gson.JsonSyntaxException: Unknown item 'iter_rpg:packed_snow_bricks'
	at net.minecraft.world.item.crafting.ShapedRecipe.m_151280_(ShapedRecipe.java:292) ~[server-1.20.1-20230612.114412-srg.jar%23235!/:?]
	at java.util.Optional.orElseThrow(Optional.java:403) ~[?:?]
	at net.minecraft.world.item.crafting.ShapedRecipe.m_151278_(ShapedRecipe.java:291) ~[server-1.20.1-20230612.114412-srg.jar%23235!/:?]
	at net.minecraft.world.item.crafting.Ingredient.m_43919_(Ingredient.java:219) ~[server-1.20.1-20230612.114412-srg.jar%23235!/:?]
	at net.minecraftforge.common.crafting.VanillaIngredientSerializer.parse(VanillaIngredientSerializer.java:27) ~[forge-1.20.1-47.3.7-universal.jar%23240!/:?]
	at net.minecraftforge.common.crafting.CraftingHelper.getIngredient(CraftingHelper.java:148) ~[forge-1.20.1-47.3.7-universal.jar%23240!/:?]
	at net.minecraft.world.item.crafting.Ingredient.m_288218_(Ingredient.java:194) ~[server-1.20.1-20230612.114412-srg.jar%23235!/:?]
	at net.minecraft.world.item.crafting.SingleItemRecipe$Serializer.m_6729_(SingleItemRecipe.java:91) ~[server-1.20.1-20230612.114412-srg.jar%23235!/:?]
	at net.minecraft.world.item.crafting.SingleItemRecipe$Serializer.m_6729_(SingleItemRecipe.java:72) ~[server-1.20.1-20230612.114412-srg.jar%23235!/:?]
	at net.minecraftforge.common.extensions.IForgeRecipeSerializer.fromJson(IForgeRecipeSerializer.java:23) ~[forge-1.20.1-47.3.7-universal.jar%23240!/:?]
	at net.minecraft.world.item.crafting.RecipeManager.fromJson(RecipeManager.java:171) ~[server-1.20.1-20230612.114412-srg.jar%23235!/:?]
	at net.minecraft.world.item.crafting.RecipeManager.m_5787_(RecipeManager.java:67) ~[server-1.20.1-20230612.114412-srg.jar%23235!/:?]
	at net.minecraft.world.item.crafting.RecipeManager.m_5787_(RecipeManager.java:34) ~[server-1.20.1-20230612.114412-srg.jar%23235!/:?]
	at net.minecraft.server.packs.resources.SimplePreparableReloadListener.m_10789_(SimplePreparableReloadListener.java:13) ~[server-1.20.1-20230612.114412-srg.jar%23235!/:?]
	at java.util.concurrent.CompletableFuture$UniAccept.tryFire(CompletableFuture.java:718) ~[?:?]
	at java.util.concurrent.CompletableFuture$Completion.run(CompletableFuture.java:482) ~[?:?]
	at net.minecraft.server.packs.resources.SimpleReloadInstance.m_143940_(SimpleReloadInstance.java:69) ~[server-1.20.1-20230612.114412-srg.jar%23235!/:?]
	at net.minecraft.Util.m_214652_(Util.java:783) ~[server-1.20.1-20230612.114412-srg.jar%23235!/:?]
	at net.minecraft.Util.m_214679_(Util.java:772) ~[server-1.20.1-20230612.114412-srg.jar%23235!/:?]
	at net.minecraft.server.Main.main(Main.java:166) ~[server-1.20.1-20230612.114412-srg.jar%23235!/:?]
	at jdk.internal.reflect.NativeMethodAccessorImpl.invoke0(Native Method) ~[?:?]
	at jdk.internal.reflect.NativeMethodAccessorImpl.invoke(NativeMethodAccessorImpl.java:77) ~[?:?]
	at jdk.internal.reflect.DelegatingMethodAccessorImpl.invoke(DelegatingMethodAccessorImpl.java:43) ~[?:?]
	at java.lang.reflect.Method.invoke(Method.java:569) ~[?:?]
	at net.minecraftforge.fml.loading.targets.CommonLaunchHandler.runTarget(CommonLaunchHandler.java:111) ~[fmlloader-1.20.1-47.3.7.jar%2369!/:?]
	at net.minecraftforge.fml.loading.targets.CommonLaunchHandler.serverService(CommonLaunchHandler.java:103) ~[fmlloader-1.20.1-47.3.7.jar%2369!/:?]
	at net.minecraftforge.fml.loading.targets.CommonServerLaunchHandler.lambda$makeService$0(CommonServerLaunchHandler.java:27) ~[fmlloader-1.20.1-47.3.7.jar%2369!/:?]
	at cpw.mods.modlauncher.LaunchServiceHandlerDecorator.launch(LaunchServiceHandlerDecorator.java:30) ~[modlauncher-10.0.9.jar%2355!/:?]
	at cpw.mods.modlauncher.LaunchServiceHandler.launch(LaunchServiceHandler.java:53) ~[modlauncher-10.0.9.jar%2355!/:?]
	at cpw.mods.modlauncher.LaunchServiceHandler.launch(LaunchServiceHandler.java:71) ~[modlauncher-10.0.9.jar%2355!/:?]
	at cpw.mods.modlauncher.Launcher.run(Launcher.java:108) ~[modlauncher-10.0.9.jar%2355!/:?]
	at cpw.mods.modlauncher.Launcher.main(Launcher.java:78) ~[modlauncher-10.0.9.jar%2355!/:?]
	at cpw.mods.modlauncher.BootstrapLaunchConsumer.accept(BootstrapLaunchConsumer.java:26) ~[modlauncher-10.0.9.jar%2355!/:?]
	at cpw.mods.modlauncher.BootstrapLaunchConsumer.accept(BootstrapLaunchConsumer.java:23) ~[modlauncher-10.0.9.jar%2355!/:?]
	at cpw.mods.bootstraplauncher.BootstrapLauncher.main(BootstrapLauncher.java:141) ~[bootstraplauncher-1.1.2.jar:?]
[05Jan2026 06:00:19.235] [main/ERROR] [net.minecraft.world.item.crafting.RecipeManager/]: Parsing error loading recipe iter_rpg:smooth_ice_bricks_cut_wall
com.google.gson.JsonSyntaxException: Unknown item 'iter_rpg:ice_bricks'
	at net.minecraft.world.item.crafting.ShapedRecipe.m_151280_(ShapedRecipe.java:292) ~[server-1.20.1-20230612.114412-srg.jar%23235!/:?]
	at java.util.Optional.orElseThrow(Optional.java:403) ~[?:?]
	at net.minecraft.world.item.crafting.ShapedRecipe.m_151278_(ShapedRecipe.java:291) ~[server-1.20.1-20230612.114412-srg.jar%23235!/:?]
	at net.minecraft.world.item.crafting.Ingredient.m_43919_(Ingredient.java:219) ~[server-1.20.1-20230612.114412-srg.jar%23235!/:?]
	at net.minecraftforge.common.crafting.VanillaIngredientSerializer.parse(VanillaIngredientSerializer.java:27) ~[forge-1.20.1-47.3.7-universal.jar%23240!/:?]
	at net.minecraftforge.common.crafting.CraftingHelper.getIngredient(CraftingHelper.java:148) ~[forge-1.20.1-47.3.7-universal.jar%23240!/:?]
	at net.minecraft.world.item.crafting.Ingredient.m_288218_(Ingredient.java:194) ~[server-1.20.1-20230612.114412-srg.jar%23235!/:?]
	at net.minecraft.world.item.crafting.SingleItemRecipe$Serializer.m_6729_(SingleItemRecipe.java:91) ~[server-1.20.1-20230612.114412-srg.jar%23235!/:?]
	at net.minecraft.world.item.crafting.SingleItemRecipe$Serializer.m_6729_(SingleItemRecipe.java:72) ~[server-1.20.1-20230612.114412-srg.jar%23235!/:?]
	at net.minecraftforge.common.extensions.IForgeRecipeSerializer.fromJson(IForgeRecipeSerializer.java:23) ~[forge-1.20.1-47.3.7-universal.jar%23240!/:?]
	at net.minecraft.world.item.crafting.RecipeManager.fromJson(RecipeManager.java:171) ~[server-1.20.1-20230612.114412-srg.jar%23235!/:?]
	at net.minecraft.world.item.crafting.RecipeManager.m_5787_(RecipeManager.java:67) ~[server-1.20.1-20230612.114412-srg.jar%23235!/:?]
	at net.minecraft.world.item.crafting.RecipeManager.m_5787_(RecipeManager.java:34) ~[server-1.20.1-20230612.114412-srg.jar%23235!/:?]
	at net.minecraft.server.packs.resources.SimplePreparableReloadListener.m_10789_(SimplePreparableReloadListener.java:13) ~[server-1.20.1-20230612.114412-srg.jar%23235!/:?]
	at java.util.concurrent.CompletableFuture$UniAccept.tryFire(CompletableFuture.java:718) ~[?:?]
	at java.util.concurrent.CompletableFuture$Completion.run(CompletableFuture.java:482) ~[?:?]
	at net.minecraft.server.packs.resources.SimpleReloadInstance.m_143940_(SimpleReloadInstance.java:69) ~[server-1.20.1-20230612.114412-srg.jar%23235!/:?]
	at net.minecraft.Util.m_214652_(Util.java:783) ~[server-1.20.1-20230612.114412-srg.jar%23235!/:?]
	at net.minecraft.Util.m_214679_(Util.java:772) ~[server-1.20.1-20230612.114412-srg.jar%23235!/:?]
	at net.minecraft.server.Main.main(Main.java:166) ~[server-1.20.1-20230612.114412-srg.jar%23235!/:?]
	at jdk.internal.reflect.NativeMethodAccessorImpl.invoke0(Native Method) ~[?:?]
	at jdk.internal.reflect.NativeMethodAccessorImpl.invoke(NativeMethodAccessorImpl.java:77) ~[?:?]
	at jdk.internal.reflect.DelegatingMethodAccessorImpl.invoke(DelegatingMethodAccessorImpl.java:43) ~[?:?]
	at java.lang.reflect.Method.invoke(Method.java:569) ~[?:?]
	at net.minecraftforge.fml.loading.targets.CommonLaunchHandler.runTarget(CommonLaunchHandler.java:111) ~[fmlloader-1.20.1-47.3.7.jar%2369!/:?]
	at net.minecraftforge.fml.loading.targets.CommonLaunchHandler.serverService(CommonLaunchHandler.java:103) ~[fmlloader-1.20.1-47.3.7.jar%2369!/:?]
	at net.minecraftforge.fml.loading.targets.CommonServerLaunchHandler.lambda$makeService$0(CommonServerLaunchHandler.java:27) ~[fmlloader-1.20.1-47.3.7.jar%2369!/:?]
	at cpw.mods.modlauncher.LaunchServiceHandlerDecorator.launch(LaunchServiceHandlerDecorator.java:30) ~[modlauncher-10.0.9.jar%2355!/:?]
	at cpw.mods.modlauncher.LaunchServiceHandler.launch(LaunchServiceHandler.java:53) ~[modlauncher-10.0.9.jar%2355!/:?]
	at cpw.mods.modlauncher.LaunchServiceHandler.launch(LaunchServiceHandler.java:71) ~[modlauncher-10.0.9.jar%2355!/:?]
	at cpw.mods.modlauncher.Launcher.run(Launcher.java:108) ~[modlauncher-10.0.9.jar%2355!/:?]
	at cpw.mods.modlauncher.Launcher.main(Launcher.java:78) ~[modlauncher-10.0.9.jar%2355!/:?]
	at cpw.mods.modlauncher.BootstrapLaunchConsumer.accept(BootstrapLaunchConsumer.java:26) ~[modlauncher-10.0.9.jar%2355!/:?]
	at cpw.mods.modlauncher.BootstrapLaunchConsumer.accept(BootstrapLaunchConsumer.java:23) ~[modlauncher-10.0.9.jar%2355!/:?]
	at cpw.mods.bootstraplauncher.BootstrapLauncher.main(BootstrapLauncher.java:141) ~[bootstraplauncher-1.1.2.jar:?]
[05Jan2026 06:00:19.240] [main/ERROR] [net.minecraft.world.item.crafting.RecipeManager/]: Parsing error loading recipe legendary_monsters:ender_hammer
com.google.gson.JsonSyntaxException: Unknown item 'legendary_monsters:ender_hammer'
	at net.minecraftforge.common.crafting.CraftingHelper.getItem(CraftingHelper.java:160) ~[forge-1.20.1-47.3.7-universal.jar%23240!/:?]
	at net.minecraftforge.common.crafting.CraftingHelper.getItemStack(CraftingHelper.java:186) ~[forge-1.20.1-47.3.7-universal.jar%23240!/:?]
	at net.minecraft.world.item.crafting.ShapedRecipe.m_151274_(ShapedRecipe.java:286) ~[server-1.20.1-20230612.114412-srg.jar%23235!/:?]
	at net.minecraft.world.item.crafting.ShapedRecipe$Serializer.m_6729_(ShapedRecipe.java:311) ~[server-1.20.1-20230612.114412-srg.jar%23235!/:?]
	at net.minecraft.world.item.crafting.ShapedRecipe$Serializer.m_6729_(ShapedRecipe.java:301) ~[server-1.20.1-20230612.114412-srg.jar%23235!/:?]
	at net.minecraftforge.common.extensions.IForgeRecipeSerializer.fromJson(IForgeRecipeSerializer.java:23) ~[forge-1.20.1-47.3.7-universal.jar%23240!/:?]
	at net.minecraft.world.item.crafting.RecipeManager.fromJson(RecipeManager.java:171) ~[server-1.20.1-20230612.114412-srg.jar%23235!/:?]
	at net.minecraft.world.item.crafting.RecipeManager.m_5787_(RecipeManager.java:67) ~[server-1.20.1-20230612.114412-srg.jar%23235!/:?]
	at net.minecraft.world.item.crafting.RecipeManager.m_5787_(RecipeManager.java:34) ~[server-1.20.1-20230612.114412-srg.jar%23235!/:?]
	at net.minecraft.server.packs.resources.SimplePreparableReloadListener.m_10789_(SimplePreparableReloadListener.java:13) ~[server-1.20.1-20230612.114412-srg.jar%23235!/:?]
	at java.util.concurrent.CompletableFuture$UniAccept.tryFire(CompletableFuture.java:718) ~[?:?]
	at java.util.concurrent.CompletableFuture$Completion.run(CompletableFuture.java:482) ~[?:?]
	at net.minecraft.server.packs.resources.SimpleReloadInstance.m_143940_(SimpleReloadInstance.java:69) ~[server-1.20.1-20230612.114412-srg.jar%23235!/:?]
	at net.minecraft.Util.m_214652_(Util.java:783) ~[server-1.20.1-20230612.114412-srg.jar%23235!/:?]
	at net.minecraft.Util.m_214679_(Util.java:772) ~[server-1.20.1-20230612.114412-srg.jar%23235!/:?]
	at net.minecraft.server.Main.main(Main.java:166) ~[server-1.20.1-20230612.114412-srg.jar%23235!/:?]
	at jdk.internal.reflect.NativeMethodAccessorImpl.invoke0(Native Method) ~[?:?]
	at jdk.internal.reflect.NativeMethodAccessorImpl.invoke(NativeMethodAccessorImpl.java:77) ~[?:?]
	at jdk.internal.reflect.DelegatingMethodAccessorImpl.invoke(DelegatingMethodAccessorImpl.java:43) ~[?:?]
	at java.lang.reflect.Method.invoke(Method.java:569) ~[?:?]
	at net.minecraftforge.fml.loading.targets.CommonLaunchHandler.runTarget(CommonLaunchHandler.java:111) ~[fmlloader-1.20.1-47.3.7.jar%2369!/:?]
	at net.minecraftforge.fml.loading.targets.CommonLaunchHandler.serverService(CommonLaunchHandler.java:103) ~[fmlloader-1.20.1-47.3.7.jar%2369!/:?]
	at net.minecraftforge.fml.loading.targets.CommonServerLaunchHandler.lambda$makeService$0(CommonServerLaunchHandler.java:27) ~[fmlloader-1.20.1-47.3.7.jar%2369!/:?]
	at cpw.mods.modlauncher.LaunchServiceHandlerDecorator.launch(LaunchServiceHandlerDecorator.java:30) ~[modlauncher-10.0.9.jar%2355!/:?]
	at cpw.mods.modlauncher.LaunchServiceHandler.launch(LaunchServiceHandler.java:53) ~[modlauncher-10.0.9.jar%2355!/:?]
	at cpw.mods.modlauncher.LaunchServiceHandler.launch(LaunchServiceHandler.java:71) ~[modlauncher-10.0.9.jar%2355!/:?]
	at cpw.mods.modlauncher.Launcher.run(Launcher.java:108) ~[modlauncher-10.0.9.jar%2355!/:?]
	at cpw.mods.modlauncher.Launcher.main(Launcher.java:78) ~[modlauncher-10.0.9.jar%2355!/:?]
	at cpw.mods.modlauncher.BootstrapLaunchConsumer.accept(BootstrapLaunchConsumer.java:26) ~[modlauncher-10.0.9.jar%2355!/:?]
	at cpw.mods.modlauncher.BootstrapLaunchConsumer.accept(BootstrapLaunchConsumer.java:23) ~[modlauncher-10.0.9.jar%2355!/:?]
	at cpw.mods.bootstraplauncher.BootstrapLauncher.main(BootstrapLauncher.java:141) ~[bootstraplauncher-1.1.2.jar:?]
[05Jan2026 06:00:19.247] [main/ERROR] [net.minecraft.world.item.crafting.RecipeManager/]: Parsing error loading recipe smallships:bamboo_drakkar
com.google.gson.JsonSyntaxException: Unknown item 'minecraft:bamboo_boat'
	at net.minecraft.world.item.crafting.ShapedRecipe.m_151280_(ShapedRecipe.java:292) ~[server-1.20.1-20230612.114412-srg.jar%23235!/:?]
	at java.util.Optional.orElseThrow(Optional.java:403) ~[?:?]
	at net.minecraft.world.item.crafting.ShapedRecipe.m_151278_(ShapedRecipe.java:291) ~[server-1.20.1-20230612.114412-srg.jar%23235!/:?]
	at net.minecraft.world.item.crafting.Ingredient.m_43919_(Ingredient.java:219) ~[server-1.20.1-20230612.114412-srg.jar%23235!/:?]
	at net.minecraftforge.common.crafting.VanillaIngredientSerializer.parse(VanillaIngredientSerializer.java:27) ~[forge-1.20.1-47.3.7-universal.jar%23240!/:?]
	at net.minecraftforge.common.crafting.CraftingHelper.getIngredient(CraftingHelper.java:148) ~[forge-1.20.1-47.3.7-universal.jar%23240!/:?]
	at net.minecraft.world.item.crafting.Ingredient.m_288218_(Ingredient.java:194) ~[server-1.20.1-20230612.114412-srg.jar%23235!/:?]
	at net.minecraft.world.item.crafting.ShapedRecipe.m_44210_(ShapedRecipe.java:278) ~[server-1.20.1-20230612.114412-srg.jar%23235!/:?]
	at net.minecraft.world.item.crafting.ShapedRecipe$Serializer.m_6729_(ShapedRecipe.java:306) ~[server-1.20.1-20230612.114412-srg.jar%23235!/:?]
	at net.minecraft.world.item.crafting.ShapedRecipe$Serializer.m_6729_(ShapedRecipe.java:301) ~[server-1.20.1-20230612.114412-srg.jar%23235!/:?]
	at net.minecraftforge.common.extensions.IForgeRecipeSerializer.fromJson(IForgeRecipeSerializer.java:23) ~[forge-1.20.1-47.3.7-universal.jar%23240!/:?]
	at net.minecraft.world.item.crafting.RecipeManager.fromJson(RecipeManager.java:171) ~[server-1.20.1-20230612.114412-srg.jar%23235!/:?]
	at net.minecraft.world.item.crafting.RecipeManager.m_5787_(RecipeManager.java:67) ~[server-1.20.1-20230612.114412-srg.jar%23235!/:?]
	at net.minecraft.world.item.crafting.RecipeManager.m_5787_(RecipeManager.java:34) ~[server-1.20.1-20230612.114412-srg.jar%23235!/:?]
	at net.minecraft.server.packs.resources.SimplePreparableReloadListener.m_10789_(SimplePreparableReloadListener.java:13) ~[server-1.20.1-20230612.114412-srg.jar%23235!/:?]
	at java.util.concurrent.CompletableFuture$UniAccept.tryFire(CompletableFuture.java:718) ~[?:?]
	at java.util.concurrent.CompletableFuture$Completion.run(CompletableFuture.java:482) ~[?:?]
	at net.minecraft.server.packs.resources.SimpleReloadInstance.m_143940_(SimpleReloadInstance.java:69) ~[server-1.20.1-20230612.114412-srg.jar%23235!/:?]
	at net.minecraft.Util.m_214652_(Util.java:783) ~[server-1.20.1-20230612.114412-srg.jar%23235!/:?]
	at net.minecraft.Util.m_214679_(Util.java:772) ~[server-1.20.1-20230612.114412-srg.jar%23235!/:?]
	at net.minecraft.server.Main.main(Main.java:166) ~[server-1.20.1-20230612.114412-srg.jar%23235!/:?]
	at jdk.internal.reflect.NativeMethodAccessorImpl.invoke0(Native Method) ~[?:?]
	at jdk.internal.reflect.NativeMethodAccessorImpl.invoke(NativeMethodAccessorImpl.java:77) ~[?:?]
	at jdk.internal.reflect.DelegatingMethodAccessorImpl.invoke(DelegatingMethodAccessorImpl.java:43) ~[?:?]
	at java.lang.reflect.Method.invoke(Method.java:569) ~[?:?]
	at net.minecraftforge.fml.loading.targets.CommonLaunchHandler.runTarget(CommonLaunchHandler.java:111) ~[fmlloader-1.20.1-47.3.7.jar%2369!/:?]
	at net.minecraftforge.fml.loading.targets.CommonLaunchHandler.serverService(CommonLaunchHandler.java:103) ~[fmlloader-1.20.1-47.3.7.jar%2369!/:?]
	at net.minecraftforge.fml.loading.targets.CommonServerLaunchHandler.lambda$makeService$0(CommonServerLaunchHandler.java:27) ~[fmlloader-1.20.1-47.3.7.jar%2369!/:?]
	at cpw.mods.modlauncher.LaunchServiceHandlerDecorator.launch(LaunchServiceHandlerDecorator.java:30) ~[modlauncher-10.0.9.jar%2355!/:?]
	at cpw.mods.modlauncher.LaunchServiceHandler.launch(LaunchServiceHandler.java:53) ~[modlauncher-10.0.9.jar%2355!/:?]
	at cpw.mods.modlauncher.LaunchServiceHandler.launch(LaunchServiceHandler.java:71) ~[modlauncher-10.0.9.jar%2355!/:?]
	at cpw.mods.modlauncher.Launcher.run(Launcher.java:108) ~[modlauncher-10.0.9.jar%2355!/:?]
	at cpw.mods.modlauncher.Launcher.main(Launcher.java:78) ~[modlauncher-10.0.9.jar%2355!/:?]
	at cpw.mods.modlauncher.BootstrapLaunchConsumer.accept(BootstrapLaunchConsumer.java:26) ~[modlauncher-10.0.9.jar%2355!/:?]
	at cpw.mods.modlauncher.BootstrapLaunchConsumer.accept(BootstrapLaunchConsumer.java:23) ~[modlauncher-10.0.9.jar%2355!/:?]
	at cpw.mods.bootstraplauncher.BootstrapLauncher.main(BootstrapLauncher.java:141) ~[bootstraplauncher-1.1.2.jar:?]
[05Jan2026 06:00:19.250] [main/ERROR] [net.minecraft.world.item.crafting.RecipeManager/]: Parsing error loading recipe iter_rpg:smooth_ice_cut_slab
com.google.gson.JsonSyntaxException: Unknown item 'iter_rpg:smooth_ice'
	at net.minecraft.world.item.crafting.ShapedRecipe.m_151280_(ShapedRecipe.java:292) ~[server-1.20.1-20230612.114412-srg.jar%23235!/:?]
	at java.util.Optional.orElseThrow(Optional.java:403) ~[?:?]
	at net.minecraft.world.item.crafting.ShapedRecipe.m_151278_(ShapedRecipe.java:291) ~[server-1.20.1-20230612.114412-srg.jar%23235!/:?]
	at net.minecraft.world.item.crafting.Ingredient.m_43919_(Ingredient.java:219) ~[server-1.20.1-20230612.114412-srg.jar%23235!/:?]
	at net.minecraftforge.common.crafting.VanillaIngredientSerializer.parse(VanillaIngredientSerializer.java:27) ~[forge-1.20.1-47.3.7-universal.jar%23240!/:?]
	at net.minecraftforge.common.crafting.CraftingHelper.getIngredient(CraftingHelper.java:148) ~[forge-1.20.1-47.3.7-universal.jar%23240!/:?]
	at net.minecraft.world.item.crafting.Ingredient.m_288218_(Ingredient.java:194) ~[server-1.20.1-20230612.114412-srg.jar%23235!/:?]
	at net.minecraft.world.item.crafting.SingleItemRecipe$Serializer.m_6729_(SingleItemRecipe.java:91) ~[server-1.20.1-20230612.114412-srg.jar%23235!/:?]
	at net.minecraft.world.item.crafting.SingleItemRecipe$Serializer.m_6729_(SingleItemRecipe.java:72) ~[server-1.20.1-20230612.114412-srg.jar%23235!/:?]
	at net.minecraftforge.common.extensions.IForgeRecipeSerializer.fromJson(IForgeRecipeSerializer.java:23) ~[forge-1.20.1-47.3.7-universal.jar%23240!/:?]
	at net.minecraft.world.item.crafting.RecipeManager.fromJson(RecipeManager.java:171) ~[server-1.20.1-20230612.114412-srg.jar%23235!/:?]
	at net.minecraft.world.item.crafting.RecipeManager.m_5787_(RecipeManager.java:67) ~[server-1.20.1-20230612.114412-srg.jar%23235!/:?]
	at net.minecraft.world.item.crafting.RecipeManager.m_5787_(RecipeManager.java:34) ~[server-1.20.1-20230612.114412-srg.jar%23235!/:?]
	at net.minecraft.server.packs.resources.SimplePreparableReloadListener.m_10789_(SimplePreparableReloadListener.java:13) ~[server-1.20.1-20230612.114412-srg.jar%23235!/:?]
	at java.util.concurrent.CompletableFuture$UniAccept.tryFire(CompletableFuture.java:718) ~[?:?]
	at java.util.concurrent.CompletableFuture$Completion.run(CompletableFuture.java:482) ~[?:?]
	at net.minecraft.server.packs.resources.SimpleReloadInstance.m_143940_(SimpleReloadInstance.java:69) ~[server-1.20.1-20230612.114412-srg.jar%23235!/:?]
	at net.minecraft.Util.m_214652_(Util.java:783) ~[server-1.20.1-20230612.114412-srg.jar%23235!/:?]
	at net.minecraft.Util.m_214679_(Util.java:772) ~[server-1.20.1-20230612.114412-srg.jar%23235!/:?]
	at net.minecraft.server.Main.main(Main.java:166) ~[server-1.20.1-20230612.114412-srg.jar%23235!/:?]
	at jdk.internal.reflect.NativeMethodAccessorImpl.invoke0(Native Method) ~[?:?]
	at jdk.internal.reflect.NativeMethodAccessorImpl.invoke(NativeMethodAccessorImpl.java:77) ~[?:?]
	at jdk.internal.reflect.DelegatingMethodAccessorImpl.invoke(DelegatingMethodAccessorImpl.java:43) ~[?:?]
	at java.lang.reflect.Method.invoke(Method.java:569) ~[?:?]
	at net.minecraftforge.fml.loading.targets.CommonLaunchHandler.runTarget(CommonLaunchHandler.java:111) ~[fmlloader-1.20.1-47.3.7.jar%2369!/:?]
	at net.minecraftforge.fml.loading.targets.CommonLaunchHandler.serverService(CommonLaunchHandler.java:103) ~[fmlloader-1.20.1-47.3.7.jar%2369!/:?]
	at net.minecraftforge.fml.loading.targets.CommonServerLaunchHandler.lambda$makeService$0(CommonServerLaunchHandler.java:27) ~[fmlloader-1.20.1-47.3.7.jar%2369!/:?]
	at cpw.mods.modlauncher.LaunchServiceHandlerDecorator.launch(LaunchServiceHandlerDecorator.java:30) ~[modlauncher-10.0.9.jar%2355!/:?]
	at cpw.mods.modlauncher.LaunchServiceHandler.launch(LaunchServiceHandler.java:53) ~[modlauncher-10.0.9.jar%2355!/:?]
	at cpw.mods.modlauncher.LaunchServiceHandler.launch(LaunchServiceHandler.java:71) ~[modlauncher-10.0.9.jar%2355!/:?]
	at cpw.mods.modlauncher.Launcher.run(Launcher.java:108) ~[modlauncher-10.0.9.jar%2355!/:?]
	at cpw.mods.modlauncher.Launcher.main(Launcher.java:78) ~[modlauncher-10.0.9.jar%2355!/:?]
	at cpw.mods.modlauncher.BootstrapLaunchConsumer.accept(BootstrapLaunchConsumer.java:26) ~[modlauncher-10.0.9.jar%2355!/:?]
	at cpw.mods.modlauncher.BootstrapLaunchConsumer.accept(BootstrapLaunchConsumer.java:23) ~[modlauncher-10.0.9.jar%2355!/:?]
	at cpw.mods.bootstraplauncher.BootstrapLauncher.main(BootstrapLauncher.java:141) ~[bootstraplauncher-1.1.2.jar:?]
[05Jan2026 06:00:19.253] [main/ERROR] [net.minecraft.world.item.crafting.RecipeManager/]: Parsing error loading recipe forbidden_arcanus:aurum_fence
com.google.gson.JsonParseException: An ingredient entry needs either a tag or an item
	at net.minecraft.world.item.crafting.Ingredient.m_43919_(Ingredient.java:226) ~[server-1.20.1-20230612.114412-srg.jar%23235!/:?]
	at net.minecraftforge.common.crafting.VanillaIngredientSerializer.parse(VanillaIngredientSerializer.java:27) ~[forge-1.20.1-47.3.7-universal.jar%23240!/:?]
	at net.minecraftforge.common.crafting.CraftingHelper.getIngredient(CraftingHelper.java:148) ~[forge-1.20.1-47.3.7-universal.jar%23240!/:?]
	at net.minecraft.world.item.crafting.Ingredient.m_288218_(Ingredient.java:194) ~[server-1.20.1-20230612.114412-srg.jar%23235!/:?]
	at net.minecraft.world.item.crafting.ShapedRecipe.m_44210_(ShapedRecipe.java:278) ~[server-1.20.1-20230612.114412-srg.jar%23235!/:?]
	at net.minecraft.world.item.crafting.ShapedRecipe$Serializer.m_6729_(ShapedRecipe.java:306) ~[server-1.20.1-20230612.114412-srg.jar%23235!/:?]
	at net.minecraft.world.item.crafting.ShapedRecipe$Serializer.m_6729_(ShapedRecipe.java:301) ~[server-1.20.1-20230612.114412-srg.jar%23235!/:?]
	at net.minecraftforge.common.extensions.IForgeRecipeSerializer.fromJson(IForgeRecipeSerializer.java:23) ~[forge-1.20.1-47.3.7-universal.jar%23240!/:?]
	at net.minecraft.world.item.crafting.RecipeManager.fromJson(RecipeManager.java:171) ~[server-1.20.1-20230612.114412-srg.jar%23235!/:?]
	at net.minecraft.world.item.crafting.RecipeManager.m_5787_(RecipeManager.java:67) ~[server-1.20.1-20230612.114412-srg.jar%23235!/:?]
	at net.minecraft.world.item.crafting.RecipeManager.m_5787_(RecipeManager.java:34) ~[server-1.20.1-20230612.114412-srg.jar%23235!/:?]
	at net.minecraft.server.packs.resources.SimplePreparableReloadListener.m_10789_(SimplePreparableReloadListener.java:13) ~[server-1.20.1-20230612.114412-srg.jar%23235!/:?]
	at java.util.concurrent.CompletableFuture$UniAccept.tryFire(CompletableFuture.java:718) ~[?:?]
	at java.util.concurrent.CompletableFuture$Completion.run(CompletableFuture.java:482) ~[?:?]
	at net.minecraft.server.packs.resources.SimpleReloadInstance.m_143940_(SimpleReloadInstance.java:69) ~[server-1.20.1-20230612.114412-srg.jar%23235!/:?]
	at net.minecraft.Util.m_214652_(Util.java:783) ~[server-1.20.1-20230612.114412-srg.jar%23235!/:?]
	at net.minecraft.Util.m_214679_(Util.java:772) ~[server-1.20.1-20230612.114412-srg.jar%23235!/:?]
	at net.minecraft.server.Main.main(Main.java:166) ~[server-1.20.1-20230612.114412-srg.jar%23235!/:?]
	at jdk.internal.reflect.NativeMethodAccessorImpl.invoke0(Native Method) ~[?:?]
	at jdk.internal.reflect.NativeMethodAccessorImpl.invoke(NativeMethodAccessorImpl.java:77) ~[?:?]
	at jdk.internal.reflect.DelegatingMethodAccessorImpl.invoke(DelegatingMethodAccessorImpl.java:43) ~[?:?]
	at java.lang.reflect.Method.invoke(Method.java:569) ~[?:?]
	at net.minecraftforge.fml.loading.targets.CommonLaunchHandler.runTarget(CommonLaunchHandler.java:111) ~[fmlloader-1.20.1-47.3.7.jar%2369!/:?]
	at net.minecraftforge.fml.loading.targets.CommonLaunchHandler.serverService(CommonLaunchHandler.java:103) ~[fmlloader-1.20.1-47.3.7.jar%2369!/:?]
	at net.minecraftforge.fml.loading.targets.CommonServerLaunchHandler.lambda$makeService$0(CommonServerLaunchHandler.java:27) ~[fmlloader-1.20.1-47.3.7.jar%2369!/:?]
	at cpw.mods.modlauncher.LaunchServiceHandlerDecorator.launch(LaunchServiceHandlerDecorator.java:30) ~[modlauncher-10.0.9.jar%2355!/:?]
	at cpw.mods.modlauncher.LaunchServiceHandler.launch(LaunchServiceHandler.java:53) ~[modlauncher-10.0.9.jar%2355!/:?]
	at cpw.mods.modlauncher.LaunchServiceHandler.launch(LaunchServiceHandler.java:71) ~[modlauncher-10.0.9.jar%2355!/:?]
	at cpw.mods.modlauncher.Launcher.run(Launcher.java:108) ~[modlauncher-10.0.9.jar%2355!/:?]
	at cpw.mods.modlauncher.Launcher.main(Launcher.java:78) ~[modlauncher-10.0.9.jar%2355!/:?]
	at cpw.mods.modlauncher.BootstrapLaunchConsumer.accept(BootstrapLaunchConsumer.java:26) ~[modlauncher-10.0.9.jar%2355!/:?]
	at cpw.mods.modlauncher.BootstrapLaunchConsumer.accept(BootstrapLaunchConsumer.java:23) ~[modlauncher-10.0.9.jar%2355!/:?]
	at cpw.mods.bootstraplauncher.BootstrapLauncher.main(BootstrapLauncher.java:141) ~[bootstraplauncher-1.1.2.jar:?]
[05Jan2026 06:00:19.254] [main/ERROR] [net.minecraft.world.item.crafting.RecipeManager/]: Parsing error loading recipe iter_rpg:packed_snow_bricks_cut_slab
com.google.gson.JsonSyntaxException: Unknown item 'iter_rpg:packed_snow_bricks'
	at net.minecraft.world.item.crafting.ShapedRecipe.m_151280_(ShapedRecipe.java:292) ~[server-1.20.1-20230612.114412-srg.jar%23235!/:?]
	at java.util.Optional.orElseThrow(Optional.java:403) ~[?:?]
	at net.minecraft.world.item.crafting.ShapedRecipe.m_151278_(ShapedRecipe.java:291) ~[server-1.20.1-20230612.114412-srg.jar%23235!/:?]
	at net.minecraft.world.item.crafting.Ingredient.m_43919_(Ingredient.java:219) ~[server-1.20.1-20230612.114412-srg.jar%23235!/:?]
	at net.minecraftforge.common.crafting.VanillaIngredientSerializer.parse(VanillaIngredientSerializer.java:27) ~[forge-1.20.1-47.3.7-universal.jar%23240!/:?]
	at net.minecraftforge.common.crafting.CraftingHelper.getIngredient(CraftingHelper.java:148) ~[forge-1.20.1-47.3.7-universal.jar%23240!/:?]
	at net.minecraft.world.item.crafting.Ingredient.m_288218_(Ingredient.java:194) ~[server-1.20.1-20230612.114412-srg.jar%23235!/:?]
	at net.minecraft.world.item.crafting.SingleItemRecipe$Serializer.m_6729_(SingleItemRecipe.java:91) ~[server-1.20.1-20230612.114412-srg.jar%23235!/:?]
	at net.minecraft.world.item.crafting.SingleItemRecipe$Serializer.m_6729_(SingleItemRecipe.java:72) ~[server-1.20.1-20230612.114412-srg.jar%23235!/:?]
	at net.minecraftforge.common.extensions.IForgeRecipeSerializer.fromJson(IForgeRecipeSerializer.java:23) ~[forge-1.20.1-47.3.7-universal.jar%23240!/:?]
	at net.minecraft.world.item.crafting.RecipeManager.fromJson(RecipeManager.java:171) ~[server-1.20.1-20230612.114412-srg.jar%23235!/:?]
	at net.minecraft.world.item.crafting.RecipeManager.m_5787_(RecipeManager.java:67) ~[server-1.20.1-20230612.114412-srg.jar%23235!/:?]
	at net.minecraft.world.item.crafting.RecipeManager.m_5787_(RecipeManager.java:34) ~[server-1.20.1-20230612.114412-srg.jar%23235!/:?]
	at net.minecraft.server.packs.resources.SimplePreparableReloadListener.m_10789_(SimplePreparableReloadListener.java:13) ~[server-1.20.1-20230612.114412-srg.jar%23235!/:?]
	at java.util.concurrent.CompletableFuture$UniAccept.tryFire(CompletableFuture.java:718) ~[?:?]
	at java.util.concurrent.CompletableFuture$Completion.run(CompletableFuture.java:482) ~[?:?]
	at net.minecraft.server.packs.resources.SimpleReloadInstance.m_143940_(SimpleReloadInstance.java:69) ~[server-1.20.1-20230612.114412-srg.jar%23235!/:?]
	at net.minecraft.Util.m_214652_(Util.java:783) ~[server-1.20.1-20230612.114412-srg.jar%23235!/:?]
	at net.minecraft.Util.m_214679_(Util.java:772) ~[server-1.20.1-20230612.114412-srg.jar%23235!/:?]
	at net.minecraft.server.Main.main(Main.java:166) ~[server-1.20.1-20230612.114412-srg.jar%23235!/:?]
	at jdk.internal.reflect.NativeMethodAccessorImpl.invoke0(Native Method) ~[?:?]
	at jdk.internal.reflect.NativeMethodAccessorImpl.invoke(NativeMethodAccessorImpl.java:77) ~[?:?]
	at jdk.internal.reflect.DelegatingMethodAccessorImpl.invoke(DelegatingMethodAccessorImpl.java:43) ~[?:?]
	at java.lang.reflect.Method.invoke(Method.java:569) ~[?:?]
	at net.minecraftforge.fml.loading.targets.CommonLaunchHandler.runTarget(CommonLaunchHandler.java:111) ~[fmlloader-1.20.1-47.3.7.jar%2369!/:?]
	at net.minecraftforge.fml.loading.targets.CommonLaunchHandler.serverService(CommonLaunchHandler.java:103) ~[fmlloader-1.20.1-47.3.7.jar%2369!/:?]
	at net.minecraftforge.fml.loading.targets.CommonServerLaunchHandler.lambda$makeService$0(CommonServerLaunchHandler.java:27) ~[fmlloader-1.20.1-47.3.7.jar%2369!/:?]
	at cpw.mods.modlauncher.LaunchServiceHandlerDecorator.launch(LaunchServiceHandlerDecorator.java:30) ~[modlauncher-10.0.9.jar%2355!/:?]
	at cpw.mods.modlauncher.LaunchServiceHandler.launch(LaunchServiceHandler.java:53) ~[modlauncher-10.0.9.jar%2355!/:?]
	at cpw.mods.modlauncher.LaunchServiceHandler.launch(LaunchServiceHandler.java:71) ~[modlauncher-10.0.9.jar%2355!/:?]
	at cpw.mods.modlauncher.Launcher.run(Launcher.java:108) ~[modlauncher-10.0.9.jar%2355!/:?]
	at cpw.mods.modlauncher.Launcher.main(Launcher.java:78) ~[modlauncher-10.0.9.jar%2355!/:?]
	at cpw.mods.modlauncher.BootstrapLaunchConsumer.accept(BootstrapLaunchConsumer.java:26) ~[modlauncher-10.0.9.jar%2355!/:?]
	at cpw.mods.modlauncher.BootstrapLaunchConsumer.accept(BootstrapLaunchConsumer.java:23) ~[modlauncher-10.0.9.jar%2355!/:?]
	at cpw.mods.bootstraplauncher.BootstrapLauncher.main(BootstrapLauncher.java:141) ~[bootstraplauncher-1.1.2.jar:?]
[05Jan2026 06:00:19.258] [main/ERROR] [net.minecraft.world.item.crafting.RecipeManager/]: Parsing error loading recipe forbidden_arcanus:edelwood_fence
com.google.gson.JsonParseException: An ingredient entry needs either a tag or an item
	at net.minecraft.world.item.crafting.Ingredient.m_43919_(Ingredient.java:226) ~[server-1.20.1-20230612.114412-srg.jar%23235!/:?]
	at net.minecraftforge.common.crafting.VanillaIngredientSerializer.parse(VanillaIngredientSerializer.java:27) ~[forge-1.20.1-47.3.7-universal.jar%23240!/:?]
	at net.minecraftforge.common.crafting.CraftingHelper.getIngredient(CraftingHelper.java:148) ~[forge-1.20.1-47.3.7-universal.jar%23240!/:?]
	at net.minecraft.world.item.crafting.Ingredient.m_288218_(Ingredient.java:194) ~[server-1.20.1-20230612.114412-srg.jar%23235!/:?]
	at net.minecraft.world.item.crafting.ShapedRecipe.m_44210_(ShapedRecipe.java:278) ~[server-1.20.1-20230612.114412-srg.jar%23235!/:?]
	at net.minecraft.world.item.crafting.ShapedRecipe$Serializer.m_6729_(ShapedRecipe.java:306) ~[server-1.20.1-20230612.114412-srg.jar%23235!/:?]
	at net.minecraft.world.item.crafting.ShapedRecipe$Serializer.m_6729_(ShapedRecipe.java:301) ~[server-1.20.1-20230612.114412-srg.jar%23235!/:?]
	at net.minecraftforge.common.extensions.IForgeRecipeSerializer.fromJson(IForgeRecipeSerializer.java:23) ~[forge-1.20.1-47.3.7-universal.jar%23240!/:?]
	at net.minecraft.world.item.crafting.RecipeManager.fromJson(RecipeManager.java:171) ~[server-1.20.1-20230612.114412-srg.jar%23235!/:?]
	at net.minecraft.world.item.crafting.RecipeManager.m_5787_(RecipeManager.java:67) ~[server-1.20.1-20230612.114412-srg.jar%23235!/:?]
	at net.minecraft.world.item.crafting.RecipeManager.m_5787_(RecipeManager.java:34) ~[server-1.20.1-20230612.114412-srg.jar%23235!/:?]
	at net.minecraft.server.packs.resources.SimplePreparableReloadListener.m_10789_(SimplePreparableReloadListener.java:13) ~[server-1.20.1-20230612.114412-srg.jar%23235!/:?]
	at java.util.concurrent.CompletableFuture$UniAccept.tryFire(CompletableFuture.java:718) ~[?:?]
	at java.util.concurrent.CompletableFuture$Completion.run(CompletableFuture.java:482) ~[?:?]
	at net.minecraft.server.packs.resources.SimpleReloadInstance.m_143940_(SimpleReloadInstance.java:69) ~[server-1.20.1-20230612.114412-srg.jar%23235!/:?]
	at net.minecraft.Util.m_214652_(Util.java:783) ~[server-1.20.1-20230612.114412-srg.jar%23235!/:?]
	at net.minecraft.Util.m_214679_(Util.java:772) ~[server-1.20.1-20230612.114412-srg.jar%23235!/:?]
	at net.minecraft.server.Main.main(Main.java:166) ~[server-1.20.1-20230612.114412-srg.jar%23235!/:?]
	at jdk.internal.reflect.NativeMethodAccessorImpl.invoke0(Native Method) ~[?:?]
	at jdk.internal.reflect.NativeMethodAccessorImpl.invoke(NativeMethodAccessorImpl.java:77) ~[?:?]
	at jdk.internal.reflect.DelegatingMethodAccessorImpl.invoke(DelegatingMethodAccessorImpl.java:43) ~[?:?]
	at java.lang.reflect.Method.invoke(Method.java:569) ~[?:?]
	at net.minecraftforge.fml.loading.targets.CommonLaunchHandler.runTarget(CommonLaunchHandler.java:111) ~[fmlloader-1.20.1-47.3.7.jar%2369!/:?]
	at net.minecraftforge.fml.loading.targets.CommonLaunchHandler.serverService(CommonLaunchHandler.java:103) ~[fmlloader-1.20.1-47.3.7.jar%2369!/:?]
	at net.minecraftforge.fml.loading.targets.CommonServerLaunchHandler.lambda$makeService$0(CommonServerLaunchHandler.java:27) ~[fmlloader-1.20.1-47.3.7.jar%2369!/:?]
	at cpw.mods.modlauncher.LaunchServiceHandlerDecorator.launch(LaunchServiceHandlerDecorator.java:30) ~[modlauncher-10.0.9.jar%2355!/:?]
	at cpw.mods.modlauncher.LaunchServiceHandler.launch(LaunchServiceHandler.java:53) ~[modlauncher-10.0.9.jar%2355!/:?]
	at cpw.mods.modlauncher.LaunchServiceHandler.launch(LaunchServiceHandler.java:71) ~[modlauncher-10.0.9.jar%2355!/:?]
	at cpw.mods.modlauncher.Launcher.run(Launcher.java:108) ~[modlauncher-10.0.9.jar%2355!/:?]
	at cpw.mods.modlauncher.Launcher.main(Launcher.java:78) ~[modlauncher-10.0.9.jar%2355!/:?]
	at cpw.mods.modlauncher.BootstrapLaunchConsumer.accept(BootstrapLaunchConsumer.java:26) ~[modlauncher-10.0.9.jar%2355!/:?]
	at cpw.mods.modlauncher.BootstrapLaunchConsumer.accept(BootstrapLaunchConsumer.java:23) ~[modlauncher-10.0.9.jar%2355!/:?]
	at cpw.mods.bootstraplauncher.BootstrapLauncher.main(BootstrapLauncher.java:141) ~[bootstraplauncher-1.1.2.jar:?]
[05Jan2026 06:00:19.260] [main/ERROR] [net.minecraft.world.item.crafting.RecipeManager/]: Parsing error loading recipe iter_rpg:packed_snow_bricks_cut_ornate
com.google.gson.JsonSyntaxException: Unknown item 'iter_rpg:packed_snow_bricks'
	at net.minecraft.world.item.crafting.ShapedRecipe.m_151280_(ShapedRecipe.java:292) ~[server-1.20.1-20230612.114412-srg.jar%23235!/:?]
	at java.util.Optional.orElseThrow(Optional.java:403) ~[?:?]
	at net.minecraft.world.item.crafting.ShapedRecipe.m_151278_(ShapedRecipe.java:291) ~[server-1.20.1-20230612.114412-srg.jar%23235!/:?]
	at net.minecraft.world.item.crafting.Ingredient.m_43919_(Ingredient.java:219) ~[server-1.20.1-20230612.114412-srg.jar%23235!/:?]
	at net.minecraftforge.common.crafting.VanillaIngredientSerializer.parse(VanillaIngredientSerializer.java:27) ~[forge-1.20.1-47.3.7-universal.jar%23240!/:?]
	at net.minecraftforge.common.crafting.CraftingHelper.getIngredient(CraftingHelper.java:148) ~[forge-1.20.1-47.3.7-universal.jar%23240!/:?]
	at net.minecraft.world.item.crafting.Ingredient.m_288218_(Ingredient.java:194) ~[server-1.20.1-20230612.114412-srg.jar%23235!/:?]
	at net.minecraft.world.item.crafting.SingleItemRecipe$Serializer.m_6729_(SingleItemRecipe.java:91) ~[server-1.20.1-20230612.114412-srg.jar%23235!/:?]
	at net.minecraft.world.item.crafting.SingleItemRecipe$Serializer.m_6729_(SingleItemRecipe.java:72) ~[server-1.20.1-20230612.114412-srg.jar%23235!/:?]
	at net.minecraftforge.common.extensions.IForgeRecipeSerializer.fromJson(IForgeRecipeSerializer.java:23) ~[forge-1.20.1-47.3.7-universal.jar%23240!/:?]
	at net.minecraft.world.item.crafting.RecipeManager.fromJson(RecipeManager.java:171) ~[server-1.20.1-20230612.114412-srg.jar%23235!/:?]
	at net.minecraft.world.item.crafting.RecipeManager.m_5787_(RecipeManager.java:67) ~[server-1.20.1-20230612.114412-srg.jar%23235!/:?]
	at net.minecraft.world.item.crafting.RecipeManager.m_5787_(RecipeManager.java:34) ~[server-1.20.1-20230612.114412-srg.jar%23235!/:?]
	at net.minecraft.server.packs.resources.SimplePreparableReloadListener.m_10789_(SimplePreparableReloadListener.java:13) ~[server-1.20.1-20230612.114412-srg.jar%23235!/:?]
	at java.util.concurrent.CompletableFuture$UniAccept.tryFire(CompletableFuture.java:718) ~[?:?]
	at java.util.concurrent.CompletableFuture$Completion.run(CompletableFuture.java:482) ~[?:?]
	at net.minecraft.server.packs.resources.SimpleReloadInstance.m_143940_(SimpleReloadInstance.java:69) ~[server-1.20.1-20230612.114412-srg.jar%23235!/:?]
	at net.minecraft.Util.m_214652_(Util.java:783) ~[server-1.20.1-20230612.114412-srg.jar%23235!/:?]
	at net.minecraft.Util.m_214679_(Util.java:772) ~[server-1.20.1-20230612.114412-srg.jar%23235!/:?]
	at net.minecraft.server.Main.main(Main.java:166) ~[server-1.20.1-20230612.114412-srg.jar%23235!/:?]
	at jdk.internal.reflect.NativeMethodAccessorImpl.invoke0(Native Method) ~[?:?]
	at jdk.internal.reflect.NativeMethodAccessorImpl.invoke(NativeMethodAccessorImpl.java:77) ~[?:?]
	at jdk.internal.reflect.DelegatingMethodAccessorImpl.invoke(DelegatingMethodAccessorImpl.java:43) ~[?:?]
	at java.lang.reflect.Method.invoke(Method.java:569) ~[?:?]
	at net.minecraftforge.fml.loading.targets.CommonLaunchHandler.runTarget(CommonLaunchHandler.java:111) ~[fmlloader-1.20.1-47.3.7.jar%2369!/:?]
	at net.minecraftforge.fml.loading.targets.CommonLaunchHandler.serverService(CommonLaunchHandler.java:103) ~[fmlloader-1.20.1-47.3.7.jar%2369!/:?]
	at net.minecraftforge.fml.loading.targets.CommonServerLaunchHandler.lambda$makeService$0(CommonServerLaunchHandler.java:27) ~[fmlloader-1.20.1-47.3.7.jar%2369!/:?]
	at cpw.mods.modlauncher.LaunchServiceHandlerDecorator.launch(LaunchServiceHandlerDecorator.java:30) ~[modlauncher-10.0.9.jar%2355!/:?]
	at cpw.mods.modlauncher.LaunchServiceHandler.launch(LaunchServiceHandler.java:53) ~[modlauncher-10.0.9.jar%2355!/:?]
	at cpw.mods.modlauncher.LaunchServiceHandler.launch(LaunchServiceHandler.java:71) ~[modlauncher-10.0.9.jar%2355!/:?]
	at cpw.mods.modlauncher.Launcher.run(Launcher.java:108) ~[modlauncher-10.0.9.jar%2355!/:?]
	at cpw.mods.modlauncher.Launcher.main(Launcher.java:78) ~[modlauncher-10.0.9.jar%2355!/:?]
	at cpw.mods.modlauncher.BootstrapLaunchConsumer.accept(BootstrapLaunchConsumer.java:26) ~[modlauncher-10.0.9.jar%2355!/:?]
	at cpw.mods.modlauncher.BootstrapLaunchConsumer.accept(BootstrapLaunchConsumer.java:23) ~[modlauncher-10.0.9.jar%2355!/:?]
	at cpw.mods.bootstraplauncher.BootstrapLauncher.main(BootstrapLauncher.java:141) ~[bootstraplauncher-1.1.2.jar:?]
[05Jan2026 06:00:19.264] [main/ERROR] [net.minecraft.world.item.crafting.RecipeManager/]: Parsing error loading recipe forbidden_arcanus:aurum_chest_boat
com.google.gson.JsonParseException: An ingredient entry needs either a tag or an item
	at net.minecraft.world.item.crafting.Ingredient.m_43919_(Ingredient.java:226) ~[server-1.20.1-20230612.114412-srg.jar%23235!/:?]
	at net.minecraftforge.common.crafting.VanillaIngredientSerializer.parse(VanillaIngredientSerializer.java:27) ~[forge-1.20.1-47.3.7-universal.jar%23240!/:?]
	at net.minecraftforge.common.crafting.CraftingHelper.getIngredient(CraftingHelper.java:148) ~[forge-1.20.1-47.3.7-universal.jar%23240!/:?]
	at net.minecraft.world.item.crafting.Ingredient.m_288218_(Ingredient.java:194) ~[server-1.20.1-20230612.114412-srg.jar%23235!/:?]
	at net.minecraft.world.item.crafting.ShapelessRecipe$Serializer.m_44275_(ShapelessRecipe.java:104) ~[server-1.20.1-20230612.114412-srg.jar%23235!/:?]
	at net.minecraft.world.item.crafting.ShapelessRecipe$Serializer.m_6729_(ShapelessRecipe.java:89) ~[server-1.20.1-20230612.114412-srg.jar%23235!/:?]
	at net.minecraft.world.item.crafting.ShapelessRecipe$Serializer.m_6729_(ShapelessRecipe.java:84) ~[server-1.20.1-20230612.114412-srg.jar%23235!/:?]
	at net.minecraftforge.common.extensions.IForgeRecipeSerializer.fromJson(IForgeRecipeSerializer.java:23) ~[forge-1.20.1-47.3.7-universal.jar%23240!/:?]
	at net.minecraft.world.item.crafting.RecipeManager.fromJson(RecipeManager.java:171) ~[server-1.20.1-20230612.114412-srg.jar%23235!/:?]
	at net.minecraft.world.item.crafting.RecipeManager.m_5787_(RecipeManager.java:67) ~[server-1.20.1-20230612.114412-srg.jar%23235!/:?]
	at net.minecraft.world.item.crafting.RecipeManager.m_5787_(RecipeManager.java:34) ~[server-1.20.1-20230612.114412-srg.jar%23235!/:?]
	at net.minecraft.server.packs.resources.SimplePreparableReloadListener.m_10789_(SimplePreparableReloadListener.java:13) ~[server-1.20.1-20230612.114412-srg.jar%23235!/:?]
	at java.util.concurrent.CompletableFuture$UniAccept.tryFire(CompletableFuture.java:718) ~[?:?]
	at java.util.concurrent.CompletableFuture$Completion.run(CompletableFuture.java:482) ~[?:?]
	at net.minecraft.server.packs.resources.SimpleReloadInstance.m_143940_(SimpleReloadInstance.java:69) ~[server-1.20.1-20230612.114412-srg.jar%23235!/:?]
	at net.minecraft.Util.m_214652_(Util.java:783) ~[server-1.20.1-20230612.114412-srg.jar%23235!/:?]
	at net.minecraft.Util.m_214679_(Util.java:772) ~[server-1.20.1-20230612.114412-srg.jar%23235!/:?]
	at net.minecraft.server.Main.main(Main.java:166) ~[server-1.20.1-20230612.114412-srg.jar%23235!/:?]
	at jdk.internal.reflect.NativeMethodAccessorImpl.invoke0(Native Method) ~[?:?]
	at jdk.internal.reflect.NativeMethodAccessorImpl.invoke(NativeMethodAccessorImpl.java:77) ~[?:?]
	at jdk.internal.reflect.DelegatingMethodAccessorImpl.invoke(DelegatingMethodAccessorImpl.java:43) ~[?:?]
	at java.lang.reflect.Method.invoke(Method.java:569) ~[?:?]
	at net.minecraftforge.fml.loading.targets.CommonLaunchHandler.runTarget(CommonLaunchHandler.java:111) ~[fmlloader-1.20.1-47.3.7.jar%2369!/:?]
	at net.minecraftforge.fml.loading.targets.CommonLaunchHandler.serverService(CommonLaunchHandler.java:103) ~[fmlloader-1.20.1-47.3.7.jar%2369!/:?]
	at net.minecraftforge.fml.loading.targets.CommonServerLaunchHandler.lambda$makeService$0(CommonServerLaunchHandler.java:27) ~[fmlloader-1.20.1-47.3.7.jar%2369!/:?]
	at cpw.mods.modlauncher.LaunchServiceHandlerDecorator.launch(LaunchServiceHandlerDecorator.java:30) ~[modlauncher-10.0.9.jar%2355!/:?]
	at cpw.mods.modlauncher.LaunchServiceHandler.launch(LaunchServiceHandler.java:53) ~[modlauncher-10.0.9.jar%2355!/:?]
	at cpw.mods.modlauncher.LaunchServiceHandler.launch(LaunchServiceHandler.java:71) ~[modlauncher-10.0.9.jar%2355!/:?]
	at cpw.mods.modlauncher.Launcher.run(Launcher.java:108) ~[modlauncher-10.0.9.jar%2355!/:?]
	at cpw.mods.modlauncher.Launcher.main(Launcher.java:78) ~[modlauncher-10.0.9.jar%2355!/:?]
	at cpw.mods.modlauncher.BootstrapLaunchConsumer.accept(BootstrapLaunchConsumer.java:26) ~[modlauncher-10.0.9.jar%2355!/:?]
	at cpw.mods.modlauncher.BootstrapLaunchConsumer.accept(BootstrapLaunchConsumer.java:23) ~[modlauncher-10.0.9.jar%2355!/:?]
	at cpw.mods.bootstraplauncher.BootstrapLauncher.main(BootstrapLauncher.java:141) ~[bootstraplauncher-1.1.2.jar:?]
[05Jan2026 06:00:19.266] [main/ERROR] [net.minecraft.world.item.crafting.RecipeManager/]: Parsing error loading recipe forbidden_arcanus:corrupted_pixie
com.google.gson.JsonSyntaxException: Unknown item 'forbidden_arcanus:dark_soul'
	at net.minecraft.world.item.crafting.ShapedRecipe.m_151280_(ShapedRecipe.java:292) ~[server-1.20.1-20230612.114412-srg.jar%23235!/:?]
	at java.util.Optional.orElseThrow(Optional.java:403) ~[?:?]
	at net.minecraft.world.item.crafting.ShapedRecipe.m_151278_(ShapedRecipe.java:291) ~[server-1.20.1-20230612.114412-srg.jar%23235!/:?]
	at net.minecraft.world.item.crafting.Ingredient.m_43919_(Ingredient.java:219) ~[server-1.20.1-20230612.114412-srg.jar%23235!/:?]
	at net.minecraftforge.common.crafting.VanillaIngredientSerializer.parse(VanillaIngredientSerializer.java:27) ~[forge-1.20.1-47.3.7-universal.jar%23240!/:?]
	at net.minecraftforge.common.crafting.CraftingHelper.getIngredient(CraftingHelper.java:148) ~[forge-1.20.1-47.3.7-universal.jar%23240!/:?]
	at net.minecraft.world.item.crafting.Ingredient.m_288218_(Ingredient.java:194) ~[server-1.20.1-20230612.114412-srg.jar%23235!/:?]
	at net.minecraft.world.item.crafting.ShapedRecipe.m_44210_(ShapedRecipe.java:278) ~[server-1.20.1-20230612.114412-srg.jar%23235!/:?]
	at net.minecraft.world.item.crafting.ShapedRecipe$Serializer.m_6729_(ShapedRecipe.java:306) ~[server-1.20.1-20230612.114412-srg.jar%23235!/:?]
	at net.minecraft.world.item.crafting.ShapedRecipe$Serializer.m_6729_(ShapedRecipe.java:301) ~[server-1.20.1-20230612.114412-srg.jar%23235!/:?]
	at net.minecraftforge.common.extensions.IForgeRecipeSerializer.fromJson(IForgeRecipeSerializer.java:23) ~[forge-1.20.1-47.3.7-universal.jar%23240!/:?]
	at net.minecraft.world.item.crafting.RecipeManager.fromJson(RecipeManager.java:171) ~[server-1.20.1-20230612.114412-srg.jar%23235!/:?]
	at net.minecraft.world.item.crafting.RecipeManager.m_5787_(RecipeManager.java:67) ~[server-1.20.1-20230612.114412-srg.jar%23235!/:?]
	at net.minecraft.world.item.crafting.RecipeManager.m_5787_(RecipeManager.java:34) ~[server-1.20.1-20230612.114412-srg.jar%23235!/:?]
	at net.minecraft.server.packs.resources.SimplePreparableReloadListener.m_10789_(SimplePreparableReloadListener.java:13) ~[server-1.20.1-20230612.114412-srg.jar%23235!/:?]
	at java.util.concurrent.CompletableFuture$UniAccept.tryFire(CompletableFuture.java:718) ~[?:?]
	at java.util.concurrent.CompletableFuture$Completion.run(CompletableFuture.java:482) ~[?:?]
	at net.minecraft.server.packs.resources.SimpleReloadInstance.m_143940_(SimpleReloadInstance.java:69) ~[server-1.20.1-20230612.114412-srg.jar%23235!/:?]
	at net.minecraft.Util.m_214652_(Util.java:783) ~[server-1.20.1-20230612.114412-srg.jar%23235!/:?]
	at net.minecraft.Util.m_214679_(Util.java:772) ~[server-1.20.1-20230612.114412-srg.jar%23235!/:?]
	at net.minecraft.server.Main.main(Main.java:166) ~[server-1.20.1-20230612.114412-srg.jar%23235!/:?]
	at jdk.internal.reflect.NativeMethodAccessorImpl.invoke0(Native Method) ~[?:?]
	at jdk.internal.reflect.NativeMethodAccessorImpl.invoke(NativeMethodAccessorImpl.java:77) ~[?:?]
	at jdk.internal.reflect.DelegatingMethodAccessorImpl.invoke(DelegatingMethodAccessorImpl.java:43) ~[?:?]
	at java.lang.reflect.Method.invoke(Method.java:569) ~[?:?]
	at net.minecraftforge.fml.loading.targets.CommonLaunchHandler.runTarget(CommonLaunchHandler.java:111) ~[fmlloader-1.20.1-47.3.7.jar%2369!/:?]
	at net.minecraftforge.fml.loading.targets.CommonLaunchHandler.serverService(CommonLaunchHandler.java:103) ~[fmlloader-1.20.1-47.3.7.jar%2369!/:?]
	at net.minecraftforge.fml.loading.targets.CommonServerLaunchHandler.lambda$makeService$0(CommonServerLaunchHandler.java:27) ~[fmlloader-1.20.1-47.3.7.jar%2369!/:?]
	at cpw.mods.modlauncher.LaunchServiceHandlerDecorator.launch(LaunchServiceHandlerDecorator.java:30) ~[modlauncher-10.0.9.jar%2355!/:?]
	at cpw.mods.modlauncher.LaunchServiceHandler.launch(LaunchServiceHandler.java:53) ~[modlauncher-10.0.9.jar%2355!/:?]
	at cpw.mods.modlauncher.LaunchServiceHandler.launch(LaunchServiceHandler.java:71) ~[modlauncher-10.0.9.jar%2355!/:?]
	at cpw.mods.modlauncher.Launcher.run(Launcher.java:108) ~[modlauncher-10.0.9.jar%2355!/:?]
	at cpw.mods.modlauncher.Launcher.main(Launcher.java:78) ~[modlauncher-10.0.9.jar%2355!/:?]
	at cpw.mods.modlauncher.BootstrapLaunchConsumer.accept(BootstrapLaunchConsumer.java:26) ~[modlauncher-10.0.9.jar%2355!/:?]
	at cpw.mods.modlauncher.BootstrapLaunchConsumer.accept(BootstrapLaunchConsumer.java:23) ~[modlauncher-10.0.9.jar%2355!/:?]
	at cpw.mods.bootstraplauncher.BootstrapLauncher.main(BootstrapLauncher.java:141) ~[bootstraplauncher-1.1.2.jar:?]
[05Jan2026 06:00:19.275] [main/ERROR] [net.minecraft.world.item.crafting.RecipeManager/]: Parsing error loading recipe iter_rpg:packed_snow_cut_bricks
com.google.gson.JsonSyntaxException: Unknown item 'iter_rpg:packed_snow'
	at net.minecraft.world.item.crafting.ShapedRecipe.m_151280_(ShapedRecipe.java:292) ~[server-1.20.1-20230612.114412-srg.jar%23235!/:?]
	at java.util.Optional.orElseThrow(Optional.java:403) ~[?:?]
	at net.minecraft.world.item.crafting.ShapedRecipe.m_151278_(ShapedRecipe.java:291) ~[server-1.20.1-20230612.114412-srg.jar%23235!/:?]
	at net.minecraft.world.item.crafting.Ingredient.m_43919_(Ingredient.java:219) ~[server-1.20.1-20230612.114412-srg.jar%23235!/:?]
	at net.minecraftforge.common.crafting.VanillaIngredientSerializer.parse(VanillaIngredientSerializer.java:27) ~[forge-1.20.1-47.3.7-universal.jar%23240!/:?]
	at net.minecraftforge.common.crafting.CraftingHelper.getIngredient(CraftingHelper.java:148) ~[forge-1.20.1-47.3.7-universal.jar%23240!/:?]
	at net.minecraft.world.item.crafting.Ingredient.m_288218_(Ingredient.java:194) ~[server-1.20.1-20230612.114412-srg.jar%23235!/:?]
	at net.minecraft.world.item.crafting.SingleItemRecipe$Serializer.m_6729_(SingleItemRecipe.java:91) ~[server-1.20.1-20230612.114412-srg.jar%23235!/:?]
	at net.minecraft.world.item.crafting.SingleItemRecipe$Serializer.m_6729_(SingleItemRecipe.java:72) ~[server-1.20.1-20230612.114412-srg.jar%23235!/:?]
	at net.minecraftforge.common.extensions.IForgeRecipeSerializer.fromJson(IForgeRecipeSerializer.java:23) ~[forge-1.20.1-47.3.7-universal.jar%23240!/:?]
	at net.minecraft.world.item.crafting.RecipeManager.fromJson(RecipeManager.java:171) ~[server-1.20.1-20230612.114412-srg.jar%23235!/:?]
	at net.minecraft.world.item.crafting.RecipeManager.m_5787_(RecipeManager.java:67) ~[server-1.20.1-20230612.114412-srg.jar%23235!/:?]
	at net.minecraft.world.item.crafting.RecipeManager.m_5787_(RecipeManager.java:34) ~[server-1.20.1-20230612.114412-srg.jar%23235!/:?]
	at net.minecraft.server.packs.resources.SimplePreparableReloadListener.m_10789_(SimplePreparableReloadListener.java:13) ~[server-1.20.1-20230612.114412-srg.jar%23235!/:?]
	at java.util.concurrent.CompletableFuture$UniAccept.tryFire(CompletableFuture.java:718) ~[?:?]
	at java.util.concurrent.CompletableFuture$Completion.run(CompletableFuture.java:482) ~[?:?]
	at net.minecraft.server.packs.resources.SimpleReloadInstance.m_143940_(SimpleReloadInstance.java:69) ~[server-1.20.1-20230612.114412-srg.jar%23235!/:?]
	at net.minecraft.Util.m_214652_(Util.java:783) ~[server-1.20.1-20230612.114412-srg.jar%23235!/:?]
	at net.minecraft.Util.m_214679_(Util.java:772) ~[server-1.20.1-20230612.114412-srg.jar%23235!/:?]
	at net.minecraft.server.Main.main(Main.java:166) ~[server-1.20.1-20230612.114412-srg.jar%23235!/:?]
	at jdk.internal.reflect.NativeMethodAccessorImpl.invoke0(Native Method) ~[?:?]
	at jdk.internal.reflect.NativeMethodAccessorImpl.invoke(NativeMethodAccessorImpl.java:77) ~[?:?]
	at jdk.internal.reflect.DelegatingMethodAccessorImpl.invoke(DelegatingMethodAccessorImpl.java:43) ~[?:?]
	at java.lang.reflect.Method.invoke(Method.java:569) ~[?:?]
	at net.minecraftforge.fml.loading.targets.CommonLaunchHandler.runTarget(CommonLaunchHandler.java:111) ~[fmlloader-1.20.1-47.3.7.jar%2369!/:?]
	at net.minecraftforge.fml.loading.targets.CommonLaunchHandler.serverService(CommonLaunchHandler.java:103) ~[fmlloader-1.20.1-47.3.7.jar%2369!/:?]
	at net.minecraftforge.fml.loading.targets.CommonServerLaunchHandler.lambda$makeService$0(CommonServerLaunchHandler.java:27) ~[fmlloader-1.20.1-47.3.7.jar%2369!/:?]
	at cpw.mods.modlauncher.LaunchServiceHandlerDecorator.launch(LaunchServiceHandlerDecorator.java:30) ~[modlauncher-10.0.9.jar%2355!/:?]
	at cpw.mods.modlauncher.LaunchServiceHandler.launch(LaunchServiceHandler.java:53) ~[modlauncher-10.0.9.jar%2355!/:?]
	at cpw.mods.modlauncher.LaunchServiceHandler.launch(LaunchServiceHandler.java:71) ~[modlauncher-10.0.9.jar%2355!/:?]
	at cpw.mods.modlauncher.Launcher.run(Launcher.java:108) ~[modlauncher-10.0.9.jar%2355!/:?]
	at cpw.mods.modlauncher.Launcher.main(Launcher.java:78) ~[modlauncher-10.0.9.jar%2355!/:?]
	at cpw.mods.modlauncher.BootstrapLaunchConsumer.accept(BootstrapLaunchConsumer.java:26) ~[modlauncher-10.0.9.jar%2355!/:?]
	at cpw.mods.modlauncher.BootstrapLaunchConsumer.accept(BootstrapLaunchConsumer.java:23) ~[modlauncher-10.0.9.jar%2355!/:?]
	at cpw.mods.bootstraplauncher.BootstrapLauncher.main(BootstrapLauncher.java:141) ~[bootstraplauncher-1.1.2.jar:?]
[05Jan2026 06:00:19.280] [main/ERROR] [net.minecraft.world.item.crafting.RecipeManager/]: Parsing error loading recipe forbidden_arcanus:edelwood_chest_boat
com.google.gson.JsonParseException: An ingredient entry needs either a tag or an item
	at net.minecraft.world.item.crafting.Ingredient.m_43919_(Ingredient.java:226) ~[server-1.20.1-20230612.114412-srg.jar%23235!/:?]
	at net.minecraftforge.common.crafting.VanillaIngredientSerializer.parse(VanillaIngredientSerializer.java:27) ~[forge-1.20.1-47.3.7-universal.jar%23240!/:?]
	at net.minecraftforge.common.crafting.CraftingHelper.getIngredient(CraftingHelper.java:148) ~[forge-1.20.1-47.3.7-universal.jar%23240!/:?]
	at net.minecraft.world.item.crafting.Ingredient.m_288218_(Ingredient.java:194) ~[server-1.20.1-20230612.114412-srg.jar%23235!/:?]
	at net.minecraft.world.item.crafting.ShapelessRecipe$Serializer.m_44275_(ShapelessRecipe.java:104) ~[server-1.20.1-20230612.114412-srg.jar%23235!/:?]
	at net.minecraft.world.item.crafting.ShapelessRecipe$Serializer.m_6729_(ShapelessRecipe.java:89) ~[server-1.20.1-20230612.114412-srg.jar%23235!/:?]
	at net.minecraft.world.item.crafting.ShapelessRecipe$Serializer.m_6729_(ShapelessRecipe.java:84) ~[server-1.20.1-20230612.114412-srg.jar%23235!/:?]
	at net.minecraftforge.common.extensions.IForgeRecipeSerializer.fromJson(IForgeRecipeSerializer.java:23) ~[forge-1.20.1-47.3.7-universal.jar%23240!/:?]
	at net.minecraft.world.item.crafting.RecipeManager.fromJson(RecipeManager.java:171) ~[server-1.20.1-20230612.114412-srg.jar%23235!/:?]
	at net.minecraft.world.item.crafting.RecipeManager.m_5787_(RecipeManager.java:67) ~[server-1.20.1-20230612.114412-srg.jar%23235!/:?]
	at net.minecraft.world.item.crafting.RecipeManager.m_5787_(RecipeManager.java:34) ~[server-1.20.1-20230612.114412-srg.jar%23235!/:?]
	at net.minecraft.server.packs.resources.SimplePreparableReloadListener.m_10789_(SimplePreparableReloadListener.java:13) ~[server-1.20.1-20230612.114412-srg.jar%23235!/:?]
	at java.util.concurrent.CompletableFuture$UniAccept.tryFire(CompletableFuture.java:718) ~[?:?]
	at java.util.concurrent.CompletableFuture$Completion.run(CompletableFuture.java:482) ~[?:?]
	at net.minecraft.server.packs.resources.SimpleReloadInstance.m_143940_(SimpleReloadInstance.java:69) ~[server-1.20.1-20230612.114412-srg.jar%23235!/:?]
	at net.minecraft.Util.m_214652_(Util.java:783) ~[server-1.20.1-20230612.114412-srg.jar%23235!/:?]
	at net.minecraft.Util.m_214679_(Util.java:772) ~[server-1.20.1-20230612.114412-srg.jar%23235!/:?]
	at net.minecraft.server.Main.main(Main.java:166) ~[server-1.20.1-20230612.114412-srg.jar%23235!/:?]
	at jdk.internal.reflect.NativeMethodAccessorImpl.invoke0(Native Method) ~[?:?]
	at jdk.internal.reflect.NativeMethodAccessorImpl.invoke(NativeMethodAccessorImpl.java:77) ~[?:?]
	at jdk.internal.reflect.DelegatingMethodAccessorImpl.invoke(DelegatingMethodAccessorImpl.java:43) ~[?:?]
	at java.lang.reflect.Method.invoke(Method.java:569) ~[?:?]
	at net.minecraftforge.fml.loading.targets.CommonLaunchHandler.runTarget(CommonLaunchHandler.java:111) ~[fmlloader-1.20.1-47.3.7.jar%2369!/:?]
	at net.minecraftforge.fml.loading.targets.CommonLaunchHandler.serverService(CommonLaunchHandler.java:103) ~[fmlloader-1.20.1-47.3.7.jar%2369!/:?]
	at net.minecraftforge.fml.loading.targets.CommonServerLaunchHandler.lambda$makeService$0(CommonServerLaunchHandler.java:27) ~[fmlloader-1.20.1-47.3.7.jar%2369!/:?]
	at cpw.mods.modlauncher.LaunchServiceHandlerDecorator.launch(LaunchServiceHandlerDecorator.java:30) ~[modlauncher-10.0.9.jar%2355!/:?]
	at cpw.mods.modlauncher.LaunchServiceHandler.launch(LaunchServiceHandler.java:53) ~[modlauncher-10.0.9.jar%2355!/:?]
	at cpw.mods.modlauncher.LaunchServiceHandler.launch(LaunchServiceHandler.java:71) ~[modlauncher-10.0.9.jar%2355!/:?]
	at cpw.mods.modlauncher.Launcher.run(Launcher.java:108) ~[modlauncher-10.0.9.jar%2355!/:?]
	at cpw.mods.modlauncher.Launcher.main(Launcher.java:78) ~[modlauncher-10.0.9.jar%2355!/:?]
	at cpw.mods.modlauncher.BootstrapLaunchConsumer.accept(BootstrapLaunchConsumer.java:26) ~[modlauncher-10.0.9.jar%2355!/:?]
	at cpw.mods.modlauncher.BootstrapLaunchConsumer.accept(BootstrapLaunchConsumer.java:23) ~[modlauncher-10.0.9.jar%2355!/:?]
	at cpw.mods.bootstraplauncher.BootstrapLauncher.main(BootstrapLauncher.java:141) ~[bootstraplauncher-1.1.2.jar:?]
[05Jan2026 06:00:19.282] [main/ERROR] [net.minecraft.world.item.crafting.RecipeManager/]: Parsing error loading recipe forbidden_arcanus:aurum_fence_gate
com.google.gson.JsonParseException: An ingredient entry needs either a tag or an item
	at net.minecraft.world.item.crafting.Ingredient.m_43919_(Ingredient.java:226) ~[server-1.20.1-20230612.114412-srg.jar%23235!/:?]
	at net.minecraftforge.common.crafting.VanillaIngredientSerializer.parse(VanillaIngredientSerializer.java:27) ~[forge-1.20.1-47.3.7-universal.jar%23240!/:?]
	at net.minecraftforge.common.crafting.CraftingHelper.getIngredient(CraftingHelper.java:148) ~[forge-1.20.1-47.3.7-universal.jar%23240!/:?]
	at net.minecraft.world.item.crafting.Ingredient.m_288218_(Ingredient.java:194) ~[server-1.20.1-20230612.114412-srg.jar%23235!/:?]
	at net.minecraft.world.item.crafting.ShapedRecipe.m_44210_(ShapedRecipe.java:278) ~[server-1.20.1-20230612.114412-srg.jar%23235!/:?]
	at net.minecraft.world.item.crafting.ShapedRecipe$Serializer.m_6729_(ShapedRecipe.java:306) ~[server-1.20.1-20230612.114412-srg.jar%23235!/:?]
	at net.minecraft.world.item.crafting.ShapedRecipe$Serializer.m_6729_(ShapedRecipe.java:301) ~[server-1.20.1-20230612.114412-srg.jar%23235!/:?]
	at net.minecraftforge.common.extensions.IForgeRecipeSerializer.fromJson(IForgeRecipeSerializer.java:23) ~[forge-1.20.1-47.3.7-universal.jar%23240!/:?]
	at net.minecraft.world.item.crafting.RecipeManager.fromJson(RecipeManager.java:171) ~[server-1.20.1-20230612.114412-srg.jar%23235!/:?]
	at net.minecraft.world.item.crafting.RecipeManager.m_5787_(RecipeManager.java:67) ~[server-1.20.1-20230612.114412-srg.jar%23235!/:?]
	at net.minecraft.world.item.crafting.RecipeManager.m_5787_(RecipeManager.java:34) ~[server-1.20.1-20230612.114412-srg.jar%23235!/:?]
	at net.minecraft.server.packs.resources.SimplePreparableReloadListener.m_10789_(SimplePreparableReloadListener.java:13) ~[server-1.20.1-20230612.114412-srg.jar%23235!/:?]
	at java.util.concurrent.CompletableFuture$UniAccept.tryFire(CompletableFuture.java:718) ~[?:?]
	at java.util.concurrent.CompletableFuture$Completion.run(CompletableFuture.java:482) ~[?:?]
	at net.minecraft.server.packs.resources.SimpleReloadInstance.m_143940_(SimpleReloadInstance.java:69) ~[server-1.20.1-20230612.114412-srg.jar%23235!/:?]
	at net.minecraft.Util.m_214652_(Util.java:783) ~[server-1.20.1-20230612.114412-srg.jar%23235!/:?]
	at net.minecraft.Util.m_214679_(Util.java:772) ~[server-1.20.1-20230612.114412-srg.jar%23235!/:?]
	at net.minecraft.server.Main.main(Main.java:166) ~[server-1.20.1-20230612.114412-srg.jar%23235!/:?]
	at jdk.internal.reflect.NativeMethodAccessorImpl.invoke0(Native Method) ~[?:?]
	at jdk.internal.reflect.NativeMethodAccessorImpl.invoke(NativeMethodAccessorImpl.java:77) ~[?:?]
	at jdk.internal.reflect.DelegatingMethodAccessorImpl.invoke(DelegatingMethodAccessorImpl.java:43) ~[?:?]
	at java.lang.reflect.Method.invoke(Method.java:569) ~[?:?]
	at net.minecraftforge.fml.loading.targets.CommonLaunchHandler.runTarget(CommonLaunchHandler.java:111) ~[fmlloader-1.20.1-47.3.7.jar%2369!/:?]
	at net.minecraftforge.fml.loading.targets.CommonLaunchHandler.serverService(CommonLaunchHandler.java:103) ~[fmlloader-1.20.1-47.3.7.jar%2369!/:?]
	at net.minecraftforge.fml.loading.targets.CommonServerLaunchHandler.lambda$makeService$0(CommonServerLaunchHandler.java:27) ~[fmlloader-1.20.1-47.3.7.jar%2369!/:?]
	at cpw.mods.modlauncher.LaunchServiceHandlerDecorator.launch(LaunchServiceHandlerDecorator.java:30) ~[modlauncher-10.0.9.jar%2355!/:?]
	at cpw.mods.modlauncher.LaunchServiceHandler.launch(LaunchServiceHandler.java:53) ~[modlauncher-10.0.9.jar%2355!/:?]
	at cpw.mods.modlauncher.LaunchServiceHandler.launch(LaunchServiceHandler.java:71) ~[modlauncher-10.0.9.jar%2355!/:?]
	at cpw.mods.modlauncher.Launcher.run(Launcher.java:108) ~[modlauncher-10.0.9.jar%2355!/:?]
	at cpw.mods.modlauncher.Launcher.main(Launcher.java:78) ~[modlauncher-10.0.9.jar%2355!/:?]
	at cpw.mods.modlauncher.BootstrapLaunchConsumer.accept(BootstrapLaunchConsumer.java:26) ~[modlauncher-10.0.9.jar%2355!/:?]
	at cpw.mods.modlauncher.BootstrapLaunchConsumer.accept(BootstrapLaunchConsumer.java:23) ~[modlauncher-10.0.9.jar%2355!/:?]
	at cpw.mods.bootstraplauncher.BootstrapLauncher.main(BootstrapLauncher.java:141) ~[bootstraplauncher-1.1.2.jar:?]
[05Jan2026 06:00:19.285] [main/ERROR] [net.minecraft.world.item.crafting.RecipeManager/]: Parsing error loading recipe iter_rpg:packed_snow_cut_wall
com.google.gson.JsonSyntaxException: Unknown item 'iter_rpg:packed_snow'
	at net.minecraft.world.item.crafting.ShapedRecipe.m_151280_(ShapedRecipe.java:292) ~[server-1.20.1-20230612.114412-srg.jar%23235!/:?]
	at java.util.Optional.orElseThrow(Optional.java:403) ~[?:?]
	at net.minecraft.world.item.crafting.ShapedRecipe.m_151278_(ShapedRecipe.java:291) ~[server-1.20.1-20230612.114412-srg.jar%23235!/:?]
	at net.minecraft.world.item.crafting.Ingredient.m_43919_(Ingredient.java:219) ~[server-1.20.1-20230612.114412-srg.jar%23235!/:?]
	at net.minecraftforge.common.crafting.VanillaIngredientSerializer.parse(VanillaIngredientSerializer.java:27) ~[forge-1.20.1-47.3.7-universal.jar%23240!/:?]
	at net.minecraftforge.common.crafting.CraftingHelper.getIngredient(CraftingHelper.java:148) ~[forge-1.20.1-47.3.7-universal.jar%23240!/:?]
	at net.minecraft.world.item.crafting.Ingredient.m_288218_(Ingredient.java:194) ~[server-1.20.1-20230612.114412-srg.jar%23235!/:?]
	at net.minecraft.world.item.crafting.SingleItemRecipe$Serializer.m_6729_(SingleItemRecipe.java:91) ~[server-1.20.1-20230612.114412-srg.jar%23235!/:?]
	at net.minecraft.world.item.crafting.SingleItemRecipe$Serializer.m_6729_(SingleItemRecipe.java:72) ~[server-1.20.1-20230612.114412-srg.jar%23235!/:?]
	at net.minecraftforge.common.extensions.IForgeRecipeSerializer.fromJson(IForgeRecipeSerializer.java:23) ~[forge-1.20.1-47.3.7-universal.jar%23240!/:?]
	at net.minecraft.world.item.crafting.RecipeManager.fromJson(RecipeManager.java:171) ~[server-1.20.1-20230612.114412-srg.jar%23235!/:?]
	at net.minecraft.world.item.crafting.RecipeManager.m_5787_(RecipeManager.java:67) ~[server-1.20.1-20230612.114412-srg.jar%23235!/:?]
	at net.minecraft.world.item.crafting.RecipeManager.m_5787_(RecipeManager.java:34) ~[server-1.20.1-20230612.114412-srg.jar%23235!/:?]
	at net.minecraft.server.packs.resources.SimplePreparableReloadListener.m_10789_(SimplePreparableReloadListener.java:13) ~[server-1.20.1-20230612.114412-srg.jar%23235!/:?]
	at java.util.concurrent.CompletableFuture$UniAccept.tryFire(CompletableFuture.java:718) ~[?:?]
	at java.util.concurrent.CompletableFuture$Completion.run(CompletableFuture.java:482) ~[?:?]
	at net.minecraft.server.packs.resources.SimpleReloadInstance.m_143940_(SimpleReloadInstance.java:69) ~[server-1.20.1-20230612.114412-srg.jar%23235!/:?]
	at net.minecraft.Util.m_214652_(Util.java:783) ~[server-1.20.1-20230612.114412-srg.jar%23235!/:?]
	at net.minecraft.Util.m_214679_(Util.java:772) ~[server-1.20.1-20230612.114412-srg.jar%23235!/:?]
	at net.minecraft.server.Main.main(Main.java:166) ~[server-1.20.1-20230612.114412-srg.jar%23235!/:?]
	at jdk.internal.reflect.NativeMethodAccessorImpl.invoke0(Native Method) ~[?:?]
	at jdk.internal.reflect.NativeMethodAccessorImpl.invoke(NativeMethodAccessorImpl.java:77) ~[?:?]
	at jdk.internal.reflect.DelegatingMethodAccessorImpl.invoke(DelegatingMethodAccessorImpl.java:43) ~[?:?]
	at java.lang.reflect.Method.invoke(Method.java:569) ~[?:?]
	at net.minecraftforge.fml.loading.targets.CommonLaunchHandler.runTarget(CommonLaunchHandler.java:111) ~[fmlloader-1.20.1-47.3.7.jar%2369!/:?]
	at net.minecraftforge.fml.loading.targets.CommonLaunchHandler.serverService(CommonLaunchHandler.java:103) ~[fmlloader-1.20.1-47.3.7.jar%2369!/:?]
	at net.minecraftforge.fml.loading.targets.CommonServerLaunchHandler.lambda$makeService$0(CommonServerLaunchHandler.java:27) ~[fmlloader-1.20.1-47.3.7.jar%2369!/:?]
	at cpw.mods.modlauncher.LaunchServiceHandlerDecorator.launch(LaunchServiceHandlerDecorator.java:30) ~[modlauncher-10.0.9.jar%2355!/:?]
	at cpw.mods.modlauncher.LaunchServiceHandler.launch(LaunchServiceHandler.java:53) ~[modlauncher-10.0.9.jar%2355!/:?]
	at cpw.mods.modlauncher.LaunchServiceHandler.launch(LaunchServiceHandler.java:71) ~[modlauncher-10.0.9.jar%2355!/:?]
	at cpw.mods.modlauncher.Launcher.run(Launcher.java:108) ~[modlauncher-10.0.9.jar%2355!/:?]
	at cpw.mods.modlauncher.Launcher.main(Launcher.java:78) ~[modlauncher-10.0.9.jar%2355!/:?]
	at cpw.mods.modlauncher.BootstrapLaunchConsumer.accept(BootstrapLaunchConsumer.java:26) ~[modlauncher-10.0.9.jar%2355!/:?]
	at cpw.mods.modlauncher.BootstrapLaunchConsumer.accept(BootstrapLaunchConsumer.java:23) ~[modlauncher-10.0.9.jar%2355!/:?]
	at cpw.mods.bootstraplauncher.BootstrapLauncher.main(BootstrapLauncher.java:141) ~[bootstraplauncher-1.1.2.jar:?]
[05Jan2026 06:00:19.292] [main/ERROR] [net.minecraft.world.item.crafting.RecipeManager/]: Parsing error loading recipe iter_rpg:smooth_ice_bricks_cut_ornate
com.google.gson.JsonSyntaxException: Unknown item 'iter_rpg:ice_bricks'
	at net.minecraft.world.item.crafting.ShapedRecipe.m_151280_(ShapedRecipe.java:292) ~[server-1.20.1-20230612.114412-srg.jar%23235!/:?]
	at java.util.Optional.orElseThrow(Optional.java:403) ~[?:?]
	at net.minecraft.world.item.crafting.ShapedRecipe.m_151278_(ShapedRecipe.java:291) ~[server-1.20.1-20230612.114412-srg.jar%23235!/:?]
	at net.minecraft.world.item.crafting.Ingredient.m_43919_(Ingredient.java:219) ~[server-1.20.1-20230612.114412-srg.jar%23235!/:?]
	at net.minecraftforge.common.crafting.VanillaIngredientSerializer.parse(VanillaIngredientSerializer.java:27) ~[forge-1.20.1-47.3.7-universal.jar%23240!/:?]
	at net.minecraftforge.common.crafting.CraftingHelper.getIngredient(CraftingHelper.java:148) ~[forge-1.20.1-47.3.7-universal.jar%23240!/:?]
	at net.minecraft.world.item.crafting.Ingredient.m_288218_(Ingredient.java:194) ~[server-1.20.1-20230612.114412-srg.jar%23235!/:?]
	at net.minecraft.world.item.crafting.SingleItemRecipe$Serializer.m_6729_(SingleItemRecipe.java:91) ~[server-1.20.1-20230612.114412-srg.jar%23235!/:?]
	at net.minecraft.world.item.crafting.SingleItemRecipe$Serializer.m_6729_(SingleItemRecipe.java:72) ~[server-1.20.1-20230612.114412-srg.jar%23235!/:?]
	at net.minecraftforge.common.extensions.IForgeRecipeSerializer.fromJson(IForgeRecipeSerializer.java:23) ~[forge-1.20.1-47.3.7-universal.jar%23240!/:?]
	at net.minecraft.world.item.crafting.RecipeManager.fromJson(RecipeManager.java:171) ~[server-1.20.1-20230612.114412-srg.jar%23235!/:?]
	at net.minecraft.world.item.crafting.RecipeManager.m_5787_(RecipeManager.java:67) ~[server-1.20.1-20230612.114412-srg.jar%23235!/:?]
	at net.minecraft.world.item.crafting.RecipeManager.m_5787_(RecipeManager.java:34) ~[server-1.20.1-20230612.114412-srg.jar%23235!/:?]
	at net.minecraft.server.packs.resources.SimplePreparableReloadListener.m_10789_(SimplePreparableReloadListener.java:13) ~[server-1.20.1-20230612.114412-srg.jar%23235!/:?]
	at java.util.concurrent.CompletableFuture$UniAccept.tryFire(CompletableFuture.java:718) ~[?:?]
	at java.util.concurrent.CompletableFuture$Completion.run(CompletableFuture.java:482) ~[?:?]
	at net.minecraft.server.packs.resources.SimpleReloadInstance.m_143940_(SimpleReloadInstance.java:69) ~[server-1.20.1-20230612.114412-srg.jar%23235!/:?]
	at net.minecraft.Util.m_214652_(Util.java:783) ~[server-1.20.1-20230612.114412-srg.jar%23235!/:?]
	at net.minecraft.Util.m_214679_(Util.java:772) ~[server-1.20.1-20230612.114412-srg.jar%23235!/:?]
	at net.minecraft.server.Main.main(Main.java:166) ~[server-1.20.1-20230612.114412-srg.jar%23235!/:?]
	at jdk.internal.reflect.NativeMethodAccessorImpl.invoke0(Native Method) ~[?:?]
	at jdk.internal.reflect.NativeMethodAccessorImpl.invoke(NativeMethodAccessorImpl.java:77) ~[?:?]
	at jdk.internal.reflect.DelegatingMethodAccessorImpl.invoke(DelegatingMethodAccessorImpl.java:43) ~[?:?]
	at java.lang.reflect.Method.invoke(Method.java:569) ~[?:?]
	at net.minecraftforge.fml.loading.targets.CommonLaunchHandler.runTarget(CommonLaunchHandler.java:111) ~[fmlloader-1.20.1-47.3.7.jar%2369!/:?]
	at net.minecraftforge.fml.loading.targets.CommonLaunchHandler.serverService(CommonLaunchHandler.java:103) ~[fmlloader-1.20.1-47.3.7.jar%2369!/:?]
	at net.minecraftforge.fml.loading.targets.CommonServerLaunchHandler.lambda$makeService$0(CommonServerLaunchHandler.java:27) ~[fmlloader-1.20.1-47.3.7.jar%2369!/:?]
	at cpw.mods.modlauncher.LaunchServiceHandlerDecorator.launch(LaunchServiceHandlerDecorator.java:30) ~[modlauncher-10.0.9.jar%2355!/:?]
	at cpw.mods.modlauncher.LaunchServiceHandler.launch(LaunchServiceHandler.java:53) ~[modlauncher-10.0.9.jar%2355!/:?]
	at cpw.mods.modlauncher.LaunchServiceHandler.launch(LaunchServiceHandler.java:71) ~[modlauncher-10.0.9.jar%2355!/:?]
	at cpw.mods.modlauncher.Launcher.run(Launcher.java:108) ~[modlauncher-10.0.9.jar%2355!/:?]
	at cpw.mods.modlauncher.Launcher.main(Launcher.java:78) ~[modlauncher-10.0.9.jar%2355!/:?]
	at cpw.mods.modlauncher.BootstrapLaunchConsumer.accept(BootstrapLaunchConsumer.java:26) ~[modlauncher-10.0.9.jar%2355!/:?]
	at cpw.mods.modlauncher.BootstrapLaunchConsumer.accept(BootstrapLaunchConsumer.java:23) ~[modlauncher-10.0.9.jar%2355!/:?]
	at cpw.mods.bootstraplauncher.BootstrapLauncher.main(BootstrapLauncher.java:141) ~[bootstraplauncher-1.1.2.jar:?]
[05Jan2026 06:00:19.304] [main/ERROR] [net.minecraft.world.item.crafting.RecipeManager/]: Parsing error loading recipe iter_rpg:packed_snow_cut_slab_bricks
com.google.gson.JsonSyntaxException: Unknown item 'iter_rpg:packed_snow'
	at net.minecraft.world.item.crafting.ShapedRecipe.m_151280_(ShapedRecipe.java:292) ~[server-1.20.1-20230612.114412-srg.jar%23235!/:?]
	at java.util.Optional.orElseThrow(Optional.java:403) ~[?:?]
	at net.minecraft.world.item.crafting.ShapedRecipe.m_151278_(ShapedRecipe.java:291) ~[server-1.20.1-20230612.114412-srg.jar%23235!/:?]
	at net.minecraft.world.item.crafting.Ingredient.m_43919_(Ingredient.java:219) ~[server-1.20.1-20230612.114412-srg.jar%23235!/:?]
	at net.minecraftforge.common.crafting.VanillaIngredientSerializer.parse(VanillaIngredientSerializer.java:27) ~[forge-1.20.1-47.3.7-universal.jar%23240!/:?]
	at net.minecraftforge.common.crafting.CraftingHelper.getIngredient(CraftingHelper.java:148) ~[forge-1.20.1-47.3.7-universal.jar%23240!/:?]
	at net.minecraft.world.item.crafting.Ingredient.m_288218_(Ingredient.java:194) ~[server-1.20.1-20230612.114412-srg.jar%23235!/:?]
	at net.minecraft.world.item.crafting.SingleItemRecipe$Serializer.m_6729_(SingleItemRecipe.java:91) ~[server-1.20.1-20230612.114412-srg.jar%23235!/:?]
	at net.minecraft.world.item.crafting.SingleItemRecipe$Serializer.m_6729_(SingleItemRecipe.java:72) ~[server-1.20.1-20230612.114412-srg.jar%23235!/:?]
	at net.minecraftforge.common.extensions.IForgeRecipeSerializer.fromJson(IForgeRecipeSerializer.java:23) ~[forge-1.20.1-47.3.7-universal.jar%23240!/:?]
	at net.minecraft.world.item.crafting.RecipeManager.fromJson(RecipeManager.java:171) ~[server-1.20.1-20230612.114412-srg.jar%23235!/:?]
	at net.minecraft.world.item.crafting.RecipeManager.m_5787_(RecipeManager.java:67) ~[server-1.20.1-20230612.114412-srg.jar%23235!/:?]
	at net.minecraft.world.item.crafting.RecipeManager.m_5787_(RecipeManager.java:34) ~[server-1.20.1-20230612.114412-srg.jar%23235!/:?]
	at net.minecraft.server.packs.resources.SimplePreparableReloadListener.m_10789_(SimplePreparableReloadListener.java:13) ~[server-1.20.1-20230612.114412-srg.jar%23235!/:?]
	at java.util.concurrent.CompletableFuture$UniAccept.tryFire(CompletableFuture.java:718) ~[?:?]
	at java.util.concurrent.CompletableFuture$Completion.run(CompletableFuture.java:482) ~[?:?]
	at net.minecraft.server.packs.resources.SimpleReloadInstance.m_143940_(SimpleReloadInstance.java:69) ~[server-1.20.1-20230612.114412-srg.jar%23235!/:?]
	at net.minecraft.Util.m_214652_(Util.java:783) ~[server-1.20.1-20230612.114412-srg.jar%23235!/:?]
	at net.minecraft.Util.m_214679_(Util.java:772) ~[server-1.20.1-20230612.114412-srg.jar%23235!/:?]
	at net.minecraft.server.Main.main(Main.java:166) ~[server-1.20.1-20230612.114412-srg.jar%23235!/:?]
	at jdk.internal.reflect.NativeMethodAccessorImpl.invoke0(Native Method) ~[?:?]
	at jdk.internal.reflect.NativeMethodAccessorImpl.invoke(NativeMethodAccessorImpl.java:77) ~[?:?]
	at jdk.internal.reflect.DelegatingMethodAccessorImpl.invoke(DelegatingMethodAccessorImpl.java:43) ~[?:?]
	at java.lang.reflect.Method.invoke(Method.java:569) ~[?:?]
	at net.minecraftforge.fml.loading.targets.CommonLaunchHandler.runTarget(CommonLaunchHandler.java:111) ~[fmlloader-1.20.1-47.3.7.jar%2369!/:?]
	at net.minecraftforge.fml.loading.targets.CommonLaunchHandler.serverService(CommonLaunchHandler.java:103) ~[fmlloader-1.20.1-47.3.7.jar%2369!/:?]
	at net.minecraftforge.fml.loading.targets.CommonServerLaunchHandler.lambda$makeService$0(CommonServerLaunchHandler.java:27) ~[fmlloader-1.20.1-47.3.7.jar%2369!/:?]
	at cpw.mods.modlauncher.LaunchServiceHandlerDecorator.launch(LaunchServiceHandlerDecorator.java:30) ~[modlauncher-10.0.9.jar%2355!/:?]
	at cpw.mods.modlauncher.LaunchServiceHandler.launch(LaunchServiceHandler.java:53) ~[modlauncher-10.0.9.jar%2355!/:?]
	at cpw.mods.modlauncher.LaunchServiceHandler.launch(LaunchServiceHandler.java:71) ~[modlauncher-10.0.9.jar%2355!/:?]
	at cpw.mods.modlauncher.Launcher.run(Launcher.java:108) ~[modlauncher-10.0.9.jar%2355!/:?]
	at cpw.mods.modlauncher.Launcher.main(Launcher.java:78) ~[modlauncher-10.0.9.jar%2355!/:?]
	at cpw.mods.modlauncher.BootstrapLaunchConsumer.accept(BootstrapLaunchConsumer.java:26) ~[modlauncher-10.0.9.jar%2355!/:?]
	at cpw.mods.modlauncher.BootstrapLaunchConsumer.accept(BootstrapLaunchConsumer.java:23) ~[modlauncher-10.0.9.jar%2355!/:?]
	at cpw.mods.bootstraplauncher.BootstrapLauncher.main(BootstrapLauncher.java:141) ~[bootstraplauncher-1.1.2.jar:?]
[05Jan2026 06:00:19.310] [main/ERROR] [net.minecraft.world.item.crafting.RecipeManager/]: Parsing error loading recipe iter_rpg:smooth_ice_cut_slab_bricks
com.google.gson.JsonSyntaxException: Unknown item 'iter_rpg:smooth_ice'
	at net.minecraft.world.item.crafting.ShapedRecipe.m_151280_(ShapedRecipe.java:292) ~[server-1.20.1-20230612.114412-srg.jar%23235!/:?]
	at java.util.Optional.orElseThrow(Optional.java:403) ~[?:?]
	at net.minecraft.world.item.crafting.ShapedRecipe.m_151278_(ShapedRecipe.java:291) ~[server-1.20.1-20230612.114412-srg.jar%23235!/:?]
	at net.minecraft.world.item.crafting.Ingredient.m_43919_(Ingredient.java:219) ~[server-1.20.1-20230612.114412-srg.jar%23235!/:?]
	at net.minecraftforge.common.crafting.VanillaIngredientSerializer.parse(VanillaIngredientSerializer.java:27) ~[forge-1.20.1-47.3.7-universal.jar%23240!/:?]
	at net.minecraftforge.common.crafting.CraftingHelper.getIngredient(CraftingHelper.java:148) ~[forge-1.20.1-47.3.7-universal.jar%23240!/:?]
	at net.minecraft.world.item.crafting.Ingredient.m_288218_(Ingredient.java:194) ~[server-1.20.1-20230612.114412-srg.jar%23235!/:?]
	at net.minecraft.world.item.crafting.SingleItemRecipe$Serializer.m_6729_(SingleItemRecipe.java:91) ~[server-1.20.1-20230612.114412-srg.jar%23235!/:?]
	at net.minecraft.world.item.crafting.SingleItemRecipe$Serializer.m_6729_(SingleItemRecipe.java:72) ~[server-1.20.1-20230612.114412-srg.jar%23235!/:?]
	at net.minecraftforge.common.extensions.IForgeRecipeSerializer.fromJson(IForgeRecipeSerializer.java:23) ~[forge-1.20.1-47.3.7-universal.jar%23240!/:?]
	at net.minecraft.world.item.crafting.RecipeManager.fromJson(RecipeManager.java:171) ~[server-1.20.1-20230612.114412-srg.jar%23235!/:?]
	at net.minecraft.world.item.crafting.RecipeManager.m_5787_(RecipeManager.java:67) ~[server-1.20.1-20230612.114412-srg.jar%23235!/:?]
	at net.minecraft.world.item.crafting.RecipeManager.m_5787_(RecipeManager.java:34) ~[server-1.20.1-20230612.114412-srg.jar%23235!/:?]
	at net.minecraft.server.packs.resources.SimplePreparableReloadListener.m_10789_(SimplePreparableReloadListener.java:13) ~[server-1.20.1-20230612.114412-srg.jar%23235!/:?]
	at java.util.concurrent.CompletableFuture$UniAccept.tryFire(CompletableFuture.java:718) ~[?:?]
	at java.util.concurrent.CompletableFuture$Completion.run(CompletableFuture.java:482) ~[?:?]
	at net.minecraft.server.packs.resources.SimpleReloadInstance.m_143940_(SimpleReloadInstance.java:69) ~[server-1.20.1-20230612.114412-srg.jar%23235!/:?]
	at net.minecraft.Util.m_214652_(Util.java:783) ~[server-1.20.1-20230612.114412-srg.jar%23235!/:?]
	at net.minecraft.Util.m_214679_(Util.java:772) ~[server-1.20.1-20230612.114412-srg.jar%23235!/:?]
	at net.minecraft.server.Main.main(Main.java:166) ~[server-1.20.1-20230612.114412-srg.jar%23235!/:?]
	at jdk.internal.reflect.NativeMethodAccessorImpl.invoke0(Native Method) ~[?:?]
	at jdk.internal.reflect.NativeMethodAccessorImpl.invoke(NativeMethodAccessorImpl.java:77) ~[?:?]
	at jdk.internal.reflect.DelegatingMethodAccessorImpl.invoke(DelegatingMethodAccessorImpl.java:43) ~[?:?]
	at java.lang.reflect.Method.invoke(Method.java:569) ~[?:?]
	at net.minecraftforge.fml.loading.targets.CommonLaunchHandler.runTarget(CommonLaunchHandler.java:111) ~[fmlloader-1.20.1-47.3.7.jar%2369!/:?]
	at net.minecraftforge.fml.loading.targets.CommonLaunchHandler.serverService(CommonLaunchHandler.java:103) ~[fmlloader-1.20.1-47.3.7.jar%2369!/:?]
	at net.minecraftforge.fml.loading.targets.CommonServerLaunchHandler.lambda$makeService$0(CommonServerLaunchHandler.java:27) ~[fmlloader-1.20.1-47.3.7.jar%2369!/:?]
	at cpw.mods.modlauncher.LaunchServiceHandlerDecorator.launch(LaunchServiceHandlerDecorator.java:30) ~[modlauncher-10.0.9.jar%2355!/:?]
	at cpw.mods.modlauncher.LaunchServiceHandler.launch(LaunchServiceHandler.java:53) ~[modlauncher-10.0.9.jar%2355!/:?]
	at cpw.mods.modlauncher.LaunchServiceHandler.launch(LaunchServiceHandler.java:71) ~[modlauncher-10.0.9.jar%2355!/:?]
	at cpw.mods.modlauncher.Launcher.run(Launcher.java:108) ~[modlauncher-10.0.9.jar%2355!/:?]
	at cpw.mods.modlauncher.Launcher.main(Launcher.java:78) ~[modlauncher-10.0.9.jar%2355!/:?]
	at cpw.mods.modlauncher.BootstrapLaunchConsumer.accept(BootstrapLaunchConsumer.java:26) ~[modlauncher-10.0.9.jar%2355!/:?]
	at cpw.mods.modlauncher.BootstrapLaunchConsumer.accept(BootstrapLaunchConsumer.java:23) ~[modlauncher-10.0.9.jar%2355!/:?]
	at cpw.mods.bootstraplauncher.BootstrapLauncher.main(BootstrapLauncher.java:141) ~[bootstraplauncher-1.1.2.jar:?]
[05Jan2026 06:00:19.312] [main/ERROR] [net.minecraft.world.item.crafting.RecipeManager/]: Parsing error loading recipe netherdungeons:crafting/chiseled_polished_gilded_blackstone
com.google.gson.JsonSyntaxException: Unknown item 'netherdungeons:polished_gilded_blackstone_slab'
	at net.minecraft.world.item.crafting.ShapedRecipe.m_151280_(ShapedRecipe.java:292) ~[server-1.20.1-20230612.114412-srg.jar%23235!/:?]
	at java.util.Optional.orElseThrow(Optional.java:403) ~[?:?]
	at net.minecraft.world.item.crafting.ShapedRecipe.m_151278_(ShapedRecipe.java:291) ~[server-1.20.1-20230612.114412-srg.jar%23235!/:?]
	at net.minecraft.world.item.crafting.Ingredient.m_43919_(Ingredient.java:219) ~[server-1.20.1-20230612.114412-srg.jar%23235!/:?]
	at net.minecraftforge.common.crafting.VanillaIngredientSerializer.parse(VanillaIngredientSerializer.java:27) ~[forge-1.20.1-47.3.7-universal.jar%23240!/:?]
	at net.minecraftforge.common.crafting.CraftingHelper.getIngredient(CraftingHelper.java:148) ~[forge-1.20.1-47.3.7-universal.jar%23240!/:?]
	at net.minecraft.world.item.crafting.Ingredient.m_288218_(Ingredient.java:194) ~[server-1.20.1-20230612.114412-srg.jar%23235!/:?]
	at net.minecraft.world.item.crafting.ShapedRecipe.m_44210_(ShapedRecipe.java:278) ~[server-1.20.1-20230612.114412-srg.jar%23235!/:?]
	at net.minecraft.world.item.crafting.ShapedRecipe$Serializer.m_6729_(ShapedRecipe.java:306) ~[server-1.20.1-20230612.114412-srg.jar%23235!/:?]
	at net.minecraft.world.item.crafting.ShapedRecipe$Serializer.m_6729_(ShapedRecipe.java:301) ~[server-1.20.1-20230612.114412-srg.jar%23235!/:?]
	at net.minecraftforge.common.extensions.IForgeRecipeSerializer.fromJson(IForgeRecipeSerializer.java:23) ~[forge-1.20.1-47.3.7-universal.jar%23240!/:?]
	at net.minecraft.world.item.crafting.RecipeManager.fromJson(RecipeManager.java:171) ~[server-1.20.1-20230612.114412-srg.jar%23235!/:?]
	at net.minecraft.world.item.crafting.RecipeManager.m_5787_(RecipeManager.java:67) ~[server-1.20.1-20230612.114412-srg.jar%23235!/:?]
	at net.minecraft.world.item.crafting.RecipeManager.m_5787_(RecipeManager.java:34) ~[server-1.20.1-20230612.114412-srg.jar%23235!/:?]
	at net.minecraft.server.packs.resources.SimplePreparableReloadListener.m_10789_(SimplePreparableReloadListener.java:13) ~[server-1.20.1-20230612.114412-srg.jar%23235!/:?]
	at java.util.concurrent.CompletableFuture$UniAccept.tryFire(CompletableFuture.java:718) ~[?:?]
	at java.util.concurrent.CompletableFuture$Completion.run(CompletableFuture.java:482) ~[?:?]
	at net.minecraft.server.packs.resources.SimpleReloadInstance.m_143940_(SimpleReloadInstance.java:69) ~[server-1.20.1-20230612.114412-srg.jar%23235!/:?]
	at net.minecraft.Util.m_214652_(Util.java:783) ~[server-1.20.1-20230612.114412-srg.jar%23235!/:?]
	at net.minecraft.Util.m_214679_(Util.java:772) ~[server-1.20.1-20230612.114412-srg.jar%23235!/:?]
	at net.minecraft.server.Main.main(Main.java:166) ~[server-1.20.1-20230612.114412-srg.jar%23235!/:?]
	at jdk.internal.reflect.NativeMethodAccessorImpl.invoke0(Native Method) ~[?:?]
	at jdk.internal.reflect.NativeMethodAccessorImpl.invoke(NativeMethodAccessorImpl.java:77) ~[?:?]
	at jdk.internal.reflect.DelegatingMethodAccessorImpl.invoke(DelegatingMethodAccessorImpl.java:43) ~[?:?]
	at java.lang.reflect.Method.invoke(Method.java:569) ~[?:?]
	at net.minecraftforge.fml.loading.targets.CommonLaunchHandler.runTarget(CommonLaunchHandler.java:111) ~[fmlloader-1.20.1-47.3.7.jar%2369!/:?]
	at net.minecraftforge.fml.loading.targets.CommonLaunchHandler.serverService(CommonLaunchHandler.java:103) ~[fmlloader-1.20.1-47.3.7.jar%2369!/:?]
	at net.minecraftforge.fml.loading.targets.CommonServerLaunchHandler.lambda$makeService$0(CommonServerLaunchHandler.java:27) ~[fmlloader-1.20.1-47.3.7.jar%2369!/:?]
	at cpw.mods.modlauncher.LaunchServiceHandlerDecorator.launch(LaunchServiceHandlerDecorator.java:30) ~[modlauncher-10.0.9.jar%2355!/:?]
	at cpw.mods.modlauncher.LaunchServiceHandler.launch(LaunchServiceHandler.java:53) ~[modlauncher-10.0.9.jar%2355!/:?]
	at cpw.mods.modlauncher.LaunchServiceHandler.launch(LaunchServiceHandler.java:71) ~[modlauncher-10.0.9.jar%2355!/:?]
	at cpw.mods.modlauncher.Launcher.run(Launcher.java:108) ~[modlauncher-10.0.9.jar%2355!/:?]
	at cpw.mods.modlauncher.Launcher.main(Launcher.java:78) ~[modlauncher-10.0.9.jar%2355!/:?]
	at cpw.mods.modlauncher.BootstrapLaunchConsumer.accept(BootstrapLaunchConsumer.java:26) ~[modlauncher-10.0.9.jar%2355!/:?]
	at cpw.mods.modlauncher.BootstrapLaunchConsumer.accept(BootstrapLaunchConsumer.java:23) ~[modlauncher-10.0.9.jar%2355!/:?]
	at cpw.mods.bootstraplauncher.BootstrapLauncher.main(BootstrapLauncher.java:141) ~[bootstraplauncher-1.1.2.jar:?]
[05Jan2026 06:00:19.314] [main/INFO] [net.minecraft.world.item.crafting.RecipeManager/]: Skipping loading recipe grimoireofgaia:gaiapedia as it's serializer returned null
[05Jan2026 06:00:19.319] [main/ERROR] [net.minecraft.world.item.crafting.RecipeManager/]: Parsing error loading recipe forbidden_arcanus:edelwood_fence_gate
com.google.gson.JsonParseException: An ingredient entry needs either a tag or an item
	at net.minecraft.world.item.crafting.Ingredient.m_43919_(Ingredient.java:226) ~[server-1.20.1-20230612.114412-srg.jar%23235!/:?]
	at net.minecraftforge.common.crafting.VanillaIngredientSerializer.parse(VanillaIngredientSerializer.java:27) ~[forge-1.20.1-47.3.7-universal.jar%23240!/:?]
	at net.minecraftforge.common.crafting.CraftingHelper.getIngredient(CraftingHelper.java:148) ~[forge-1.20.1-47.3.7-universal.jar%23240!/:?]
	at net.minecraft.world.item.crafting.Ingredient.m_288218_(Ingredient.java:194) ~[server-1.20.1-20230612.114412-srg.jar%23235!/:?]
	at net.minecraft.world.item.crafting.ShapedRecipe.m_44210_(ShapedRecipe.java:278) ~[server-1.20.1-20230612.114412-srg.jar%23235!/:?]
	at net.minecraft.world.item.crafting.ShapedRecipe$Serializer.m_6729_(ShapedRecipe.java:306) ~[server-1.20.1-20230612.114412-srg.jar%23235!/:?]
	at net.minecraft.world.item.crafting.ShapedRecipe$Serializer.m_6729_(ShapedRecipe.java:301) ~[server-1.20.1-20230612.114412-srg.jar%23235!/:?]
	at net.minecraftforge.common.extensions.IForgeRecipeSerializer.fromJson(IForgeRecipeSerializer.java:23) ~[forge-1.20.1-47.3.7-universal.jar%23240!/:?]
	at net.minecraft.world.item.crafting.RecipeManager.fromJson(RecipeManager.java:171) ~[server-1.20.1-20230612.114412-srg.jar%23235!/:?]
	at net.minecraft.world.item.crafting.RecipeManager.m_5787_(RecipeManager.java:67) ~[server-1.20.1-20230612.114412-srg.jar%23235!/:?]
	at net.minecraft.world.item.crafting.RecipeManager.m_5787_(RecipeManager.java:34) ~[server-1.20.1-20230612.114412-srg.jar%23235!/:?]
	at net.minecraft.server.packs.resources.SimplePreparableReloadListener.m_10789_(SimplePreparableReloadListener.java:13) ~[server-1.20.1-20230612.114412-srg.jar%23235!/:?]
	at java.util.concurrent.CompletableFuture$UniAccept.tryFire(CompletableFuture.java:718) ~[?:?]
	at java.util.concurrent.CompletableFuture$Completion.run(CompletableFuture.java:482) ~[?:?]
	at net.minecraft.server.packs.resources.SimpleReloadInstance.m_143940_(SimpleReloadInstance.java:69) ~[server-1.20.1-20230612.114412-srg.jar%23235!/:?]
	at net.minecraft.Util.m_214652_(Util.java:783) ~[server-1.20.1-20230612.114412-srg.jar%23235!/:?]
	at net.minecraft.Util.m_214679_(Util.java:772) ~[server-1.20.1-20230612.114412-srg.jar%23235!/:?]
	at net.minecraft.server.Main.main(Main.java:166) ~[server-1.20.1-20230612.114412-srg.jar%23235!/:?]
	at jdk.internal.reflect.NativeMethodAccessorImpl.invoke0(Native Method) ~[?:?]
	at jdk.internal.reflect.NativeMethodAccessorImpl.invoke(NativeMethodAccessorImpl.java:77) ~[?:?]
	at jdk.internal.reflect.DelegatingMethodAccessorImpl.invoke(DelegatingMethodAccessorImpl.java:43) ~[?:?]
	at java.lang.reflect.Method.invoke(Method.java:569) ~[?:?]
	at net.minecraftforge.fml.loading.targets.CommonLaunchHandler.runTarget(CommonLaunchHandler.java:111) ~[fmlloader-1.20.1-47.3.7.jar%2369!/:?]
	at net.minecraftforge.fml.loading.targets.CommonLaunchHandler.serverService(CommonLaunchHandler.java:103) ~[fmlloader-1.20.1-47.3.7.jar%2369!/:?]
	at net.minecraftforge.fml.loading.targets.CommonServerLaunchHandler.lambda$makeService$0(CommonServerLaunchHandler.java:27) ~[fmlloader-1.20.1-47.3.7.jar%2369!/:?]
	at cpw.mods.modlauncher.LaunchServiceHandlerDecorator.launch(LaunchServiceHandlerDecorator.java:30) ~[modlauncher-10.0.9.jar%2355!/:?]
	at cpw.mods.modlauncher.LaunchServiceHandler.launch(LaunchServiceHandler.java:53) ~[modlauncher-10.0.9.jar%2355!/:?]
	at cpw.mods.modlauncher.LaunchServiceHandler.launch(LaunchServiceHandler.java:71) ~[modlauncher-10.0.9.jar%2355!/:?]
	at cpw.mods.modlauncher.Launcher.run(Launcher.java:108) ~[modlauncher-10.0.9.jar%2355!/:?]
	at cpw.mods.modlauncher.Launcher.main(Launcher.java:78) ~[modlauncher-10.0.9.jar%2355!/:?]
	at cpw.mods.modlauncher.BootstrapLaunchConsumer.accept(BootstrapLaunchConsumer.java:26) ~[modlauncher-10.0.9.jar%2355!/:?]
	at cpw.mods.modlauncher.BootstrapLaunchConsumer.accept(BootstrapLaunchConsumer.java:23) ~[modlauncher-10.0.9.jar%2355!/:?]
	at cpw.mods.bootstraplauncher.BootstrapLauncher.main(BootstrapLauncher.java:141) ~[bootstraplauncher-1.1.2.jar:?]
[05Jan2026 06:00:19.321] [main/ERROR] [net.minecraft.world.item.crafting.RecipeManager/]: Parsing error loading recipe naturalist:frontier_cap
com.google.gson.JsonSyntaxException: Invalid or unsupported recipe type 'forge:mod_loaded'
	at net.minecraft.world.item.crafting.RecipeManager.m_220253_(RecipeManager.java:170) ~[server-1.20.1-20230612.114412-srg.jar%23235!/:?]
	at java.util.Optional.orElseThrow(Optional.java:403) ~[?:?]
	at net.minecraft.world.item.crafting.RecipeManager.fromJson(RecipeManager.java:169) ~[server-1.20.1-20230612.114412-srg.jar%23235!/:?]
	at net.minecraft.world.item.crafting.RecipeManager.m_5787_(RecipeManager.java:67) ~[server-1.20.1-20230612.114412-srg.jar%23235!/:?]
	at net.minecraft.world.item.crafting.RecipeManager.m_5787_(RecipeManager.java:34) ~[server-1.20.1-20230612.114412-srg.jar%23235!/:?]
	at net.minecraft.server.packs.resources.SimplePreparableReloadListener.m_10789_(SimplePreparableReloadListener.java:13) ~[server-1.20.1-20230612.114412-srg.jar%23235!/:?]
	at java.util.concurrent.CompletableFuture$UniAccept.tryFire(CompletableFuture.java:718) ~[?:?]
	at java.util.concurrent.CompletableFuture$Completion.run(CompletableFuture.java:482) ~[?:?]
	at net.minecraft.server.packs.resources.SimpleReloadInstance.m_143940_(SimpleReloadInstance.java:69) ~[server-1.20.1-20230612.114412-srg.jar%23235!/:?]
	at net.minecraft.Util.m_214652_(Util.java:783) ~[server-1.20.1-20230612.114412-srg.jar%23235!/:?]
	at net.minecraft.Util.m_214679_(Util.java:772) ~[server-1.20.1-20230612.114412-srg.jar%23235!/:?]
	at net.minecraft.server.Main.main(Main.java:166) ~[server-1.20.1-20230612.114412-srg.jar%23235!/:?]
	at jdk.internal.reflect.NativeMethodAccessorImpl.invoke0(Native Method) ~[?:?]
	at jdk.internal.reflect.NativeMethodAccessorImpl.invoke(NativeMethodAccessorImpl.java:77) ~[?:?]
	at jdk.internal.reflect.DelegatingMethodAccessorImpl.invoke(DelegatingMethodAccessorImpl.java:43) ~[?:?]
	at java.lang.reflect.Method.invoke(Method.java:569) ~[?:?]
	at net.minecraftforge.fml.loading.targets.CommonLaunchHandler.runTarget(CommonLaunchHandler.java:111) ~[fmlloader-1.20.1-47.3.7.jar%2369!/:?]
	at net.minecraftforge.fml.loading.targets.CommonLaunchHandler.serverService(CommonLaunchHandler.java:103) ~[fmlloader-1.20.1-47.3.7.jar%2369!/:?]
	at net.minecraftforge.fml.loading.targets.CommonServerLaunchHandler.lambda$makeService$0(CommonServerLaunchHandler.java:27) ~[fmlloader-1.20.1-47.3.7.jar%2369!/:?]
	at cpw.mods.modlauncher.LaunchServiceHandlerDecorator.launch(LaunchServiceHandlerDecorator.java:30) ~[modlauncher-10.0.9.jar%2355!/:?]
	at cpw.mods.modlauncher.LaunchServiceHandler.launch(LaunchServiceHandler.java:53) ~[modlauncher-10.0.9.jar%2355!/:?]
	at cpw.mods.modlauncher.LaunchServiceHandler.launch(LaunchServiceHandler.java:71) ~[modlauncher-10.0.9.jar%2355!/:?]
	at cpw.mods.modlauncher.Launcher.run(Launcher.java:108) ~[modlauncher-10.0.9.jar%2355!/:?]
	at cpw.mods.modlauncher.Launcher.main(Launcher.java:78) ~[modlauncher-10.0.9.jar%2355!/:?]
	at cpw.mods.modlauncher.BootstrapLaunchConsumer.accept(BootstrapLaunchConsumer.java:26) ~[modlauncher-10.0.9.jar%2355!/:?]
	at cpw.mods.modlauncher.BootstrapLaunchConsumer.accept(BootstrapLaunchConsumer.java:23) ~[modlauncher-10.0.9.jar%2355!/:?]
	at cpw.mods.bootstraplauncher.BootstrapLauncher.main(BootstrapLauncher.java:141) ~[bootstraplauncher-1.1.2.jar:?]
[05Jan2026 06:00:19.325] [main/ERROR] [net.minecraft.world.item.crafting.RecipeManager/]: Parsing error loading recipe iter_rpg:smooth_ice_cut_stairs
com.google.gson.JsonSyntaxException: Unknown item 'iter_rpg:smooth_ice'
	at net.minecraft.world.item.crafting.ShapedRecipe.m_151280_(ShapedRecipe.java:292) ~[server-1.20.1-20230612.114412-srg.jar%23235!/:?]
	at java.util.Optional.orElseThrow(Optional.java:403) ~[?:?]
	at net.minecraft.world.item.crafting.ShapedRecipe.m_151278_(ShapedRecipe.java:291) ~[server-1.20.1-20230612.114412-srg.jar%23235!/:?]
	at net.minecraft.world.item.crafting.Ingredient.m_43919_(Ingredient.java:219) ~[server-1.20.1-20230612.114412-srg.jar%23235!/:?]
	at net.minecraftforge.common.crafting.VanillaIngredientSerializer.parse(VanillaIngredientSerializer.java:27) ~[forge-1.20.1-47.3.7-universal.jar%23240!/:?]
	at net.minecraftforge.common.crafting.CraftingHelper.getIngredient(CraftingHelper.java:148) ~[forge-1.20.1-47.3.7-universal.jar%23240!/:?]
	at net.minecraft.world.item.crafting.Ingredient.m_288218_(Ingredient.java:194) ~[server-1.20.1-20230612.114412-srg.jar%23235!/:?]
	at net.minecraft.world.item.crafting.SingleItemRecipe$Serializer.m_6729_(SingleItemRecipe.java:91) ~[server-1.20.1-20230612.114412-srg.jar%23235!/:?]
	at net.minecraft.world.item.crafting.SingleItemRecipe$Serializer.m_6729_(SingleItemRecipe.java:72) ~[server-1.20.1-20230612.114412-srg.jar%23235!/:?]
	at net.minecraftforge.common.extensions.IForgeRecipeSerializer.fromJson(IForgeRecipeSerializer.java:23) ~[forge-1.20.1-47.3.7-universal.jar%23240!/:?]
	at net.minecraft.world.item.crafting.RecipeManager.fromJson(RecipeManager.java:171) ~[server-1.20.1-20230612.114412-srg.jar%23235!/:?]
	at net.minecraft.world.item.crafting.RecipeManager.m_5787_(RecipeManager.java:67) ~[server-1.20.1-20230612.114412-srg.jar%23235!/:?]
	at net.minecraft.world.item.crafting.RecipeManager.m_5787_(RecipeManager.java:34) ~[server-1.20.1-20230612.114412-srg.jar%23235!/:?]
	at net.minecraft.server.packs.resources.SimplePreparableReloadListener.m_10789_(SimplePreparableReloadListener.java:13) ~[server-1.20.1-20230612.114412-srg.jar%23235!/:?]
	at java.util.concurrent.CompletableFuture$UniAccept.tryFire(CompletableFuture.java:718) ~[?:?]
	at java.util.concurrent.CompletableFuture$Completion.run(CompletableFuture.java:482) ~[?:?]
	at net.minecraft.server.packs.resources.SimpleReloadInstance.m_143940_(SimpleReloadInstance.java:69) ~[server-1.20.1-20230612.114412-srg.jar%23235!/:?]
	at net.minecraft.Util.m_214652_(Util.java:783) ~[server-1.20.1-20230612.114412-srg.jar%23235!/:?]
	at net.minecraft.Util.m_214679_(Util.java:772) ~[server-1.20.1-20230612.114412-srg.jar%23235!/:?]
	at net.minecraft.server.Main.main(Main.java:166) ~[server-1.20.1-20230612.114412-srg.jar%23235!/:?]
	at jdk.internal.reflect.NativeMethodAccessorImpl.invoke0(Native Method) ~[?:?]
	at jdk.internal.reflect.NativeMethodAccessorImpl.invoke(NativeMethodAccessorImpl.java:77) ~[?:?]
	at jdk.internal.reflect.DelegatingMethodAccessorImpl.invoke(DelegatingMethodAccessorImpl.java:43) ~[?:?]
	at java.lang.reflect.Method.invoke(Method.java:569) ~[?:?]
	at net.minecraftforge.fml.loading.targets.CommonLaunchHandler.runTarget(CommonLaunchHandler.java:111) ~[fmlloader-1.20.1-47.3.7.jar%2369!/:?]
	at net.minecraftforge.fml.loading.targets.CommonLaunchHandler.serverService(CommonLaunchHandler.java:103) ~[fmlloader-1.20.1-47.3.7.jar%2369!/:?]
	at net.minecraftforge.fml.loading.targets.CommonServerLaunchHandler.lambda$makeService$0(CommonServerLaunchHandler.java:27) ~[fmlloader-1.20.1-47.3.7.jar%2369!/:?]
	at cpw.mods.modlauncher.LaunchServiceHandlerDecorator.launch(LaunchServiceHandlerDecorator.java:30) ~[modlauncher-10.0.9.jar%2355!/:?]
	at cpw.mods.modlauncher.LaunchServiceHandler.launch(LaunchServiceHandler.java:53) ~[modlauncher-10.0.9.jar%2355!/:?]
	at cpw.mods.modlauncher.LaunchServiceHandler.launch(LaunchServiceHandler.java:71) ~[modlauncher-10.0.9.jar%2355!/:?]
	at cpw.mods.modlauncher.Launcher.run(Launcher.java:108) ~[modlauncher-10.0.9.jar%2355!/:?]
	at cpw.mods.modlauncher.Launcher.main(Launcher.java:78) ~[modlauncher-10.0.9.jar%2355!/:?]
	at cpw.mods.modlauncher.BootstrapLaunchConsumer.accept(BootstrapLaunchConsumer.java:26) ~[modlauncher-10.0.9.jar%2355!/:?]
	at cpw.mods.modlauncher.BootstrapLaunchConsumer.accept(BootstrapLaunchConsumer.java:23) ~[modlauncher-10.0.9.jar%2355!/:?]
	at cpw.mods.bootstraplauncher.BootstrapLauncher.main(BootstrapLauncher.java:141) ~[bootstraplauncher-1.1.2.jar:?]
[05Jan2026 06:00:19.796] [main/ERROR] [net.minecraft.world.item.crafting.RecipeManager/]: Parsing error loading recipe naturalist:frontier_cap_alt
com.google.gson.JsonSyntaxException: Invalid or unsupported recipe type 'forge:mod_loaded'
	at net.minecraft.world.item.crafting.RecipeManager.m_220253_(RecipeManager.java:170) ~[server-1.20.1-20230612.114412-srg.jar%23235!/:?]
	at java.util.Optional.orElseThrow(Optional.java:403) ~[?:?]
	at net.minecraft.world.item.crafting.RecipeManager.fromJson(RecipeManager.java:169) ~[server-1.20.1-20230612.114412-srg.jar%23235!/:?]
	at net.minecraft.world.item.crafting.RecipeManager.m_5787_(RecipeManager.java:67) ~[server-1.20.1-20230612.114412-srg.jar%23235!/:?]
	at net.minecraft.world.item.crafting.RecipeManager.m_5787_(RecipeManager.java:34) ~[server-1.20.1-20230612.114412-srg.jar%23235!/:?]
	at net.minecraft.server.packs.resources.SimplePreparableReloadListener.m_10789_(SimplePreparableReloadListener.java:13) ~[server-1.20.1-20230612.114412-srg.jar%23235!/:?]
	at java.util.concurrent.CompletableFuture$UniAccept.tryFire(CompletableFuture.java:718) ~[?:?]
	at java.util.concurrent.CompletableFuture$Completion.run(CompletableFuture.java:482) ~[?:?]
	at net.minecraft.server.packs.resources.SimpleReloadInstance.m_143940_(SimpleReloadInstance.java:69) ~[server-1.20.1-20230612.114412-srg.jar%23235!/:?]
	at net.minecraft.Util.m_214652_(Util.java:783) ~[server-1.20.1-20230612.114412-srg.jar%23235!/:?]
	at net.minecraft.Util.m_214679_(Util.java:772) ~[server-1.20.1-20230612.114412-srg.jar%23235!/:?]
	at net.minecraft.server.Main.main(Main.java:166) ~[server-1.20.1-20230612.114412-srg.jar%23235!/:?]
	at jdk.internal.reflect.NativeMethodAccessorImpl.invoke0(Native Method) ~[?:?]
	at jdk.internal.reflect.NativeMethodAccessorImpl.invoke(NativeMethodAccessorImpl.java:77) ~[?:?]
	at jdk.internal.reflect.DelegatingMethodAccessorImpl.invoke(DelegatingMethodAccessorImpl.java:43) ~[?:?]
	at java.lang.reflect.Method.invoke(Method.java:569) ~[?:?]
	at net.minecraftforge.fml.loading.targets.CommonLaunchHandler.runTarget(CommonLaunchHandler.java:111) ~[fmlloader-1.20.1-47.3.7.jar%2369!/:?]
	at net.minecraftforge.fml.loading.targets.CommonLaunchHandler.serverService(CommonLaunchHandler.java:103) ~[fmlloader-1.20.1-47.3.7.jar%2369!/:?]
	at net.minecraftforge.fml.loading.targets.CommonServerLaunchHandler.lambda$makeService$0(CommonServerLaunchHandler.java:27) ~[fmlloader-1.20.1-47.3.7.jar%2369!/:?]
	at cpw.mods.modlauncher.LaunchServiceHandlerDecorator.launch(LaunchServiceHandlerDecorator.java:30) ~[modlauncher-10.0.9.jar%2355!/:?]
	at cpw.mods.modlauncher.LaunchServiceHandler.launch(LaunchServiceHandler.java:53) ~[modlauncher-10.0.9.jar%2355!/:?]
	at cpw.mods.modlauncher.LaunchServiceHandler.launch(LaunchServiceHandler.java:71) ~[modlauncher-10.0.9.jar%2355!/:?]
	at cpw.mods.modlauncher.Launcher.run(Launcher.java:108) ~[modlauncher-10.0.9.jar%2355!/:?]
	at cpw.mods.modlauncher.Launcher.main(Launcher.java:78) ~[modlauncher-10.0.9.jar%2355!/:?]
	at cpw.mods.modlauncher.BootstrapLaunchConsumer.accept(BootstrapLaunchConsumer.java:26) ~[modlauncher-10.0.9.jar%2355!/:?]
	at cpw.mods.modlauncher.BootstrapLaunchConsumer.accept(BootstrapLaunchConsumer.java:23) ~[modlauncher-10.0.9.jar%2355!/:?]
	at cpw.mods.bootstraplauncher.BootstrapLauncher.main(BootstrapLauncher.java:141) ~[bootstraplauncher-1.1.2.jar:?]
[05Jan2026 06:00:19.805] [main/ERROR] [net.minecraft.world.item.crafting.RecipeManager/]: Parsing error loading recipe iter_rpg:packed_snow_cut_ornate_bricks
com.google.gson.JsonSyntaxException: Unknown item 'iter_rpg:packed_snow'
	at net.minecraft.world.item.crafting.ShapedRecipe.m_151280_(ShapedRecipe.java:292) ~[server-1.20.1-20230612.114412-srg.jar%23235!/:?]
	at java.util.Optional.orElseThrow(Optional.java:403) ~[?:?]
	at net.minecraft.world.item.crafting.ShapedRecipe.m_151278_(ShapedRecipe.java:291) ~[server-1.20.1-20230612.114412-srg.jar%23235!/:?]
	at net.minecraft.world.item.crafting.Ingredient.m_43919_(Ingredient.java:219) ~[server-1.20.1-20230612.114412-srg.jar%23235!/:?]
	at net.minecraftforge.common.crafting.VanillaIngredientSerializer.parse(VanillaIngredientSerializer.java:27) ~[forge-1.20.1-47.3.7-universal.jar%23240!/:?]
	at net.minecraftforge.common.crafting.CraftingHelper.getIngredient(CraftingHelper.java:148) ~[forge-1.20.1-47.3.7-universal.jar%23240!/:?]
	at net.minecraft.world.item.crafting.Ingredient.m_288218_(Ingredient.java:194) ~[server-1.20.1-20230612.114412-srg.jar%23235!/:?]
	at net.minecraft.world.item.crafting.SingleItemRecipe$Serializer.m_6729_(SingleItemRecipe.java:91) ~[server-1.20.1-20230612.114412-srg.jar%23235!/:?]
	at net.minecraft.world.item.crafting.SingleItemRecipe$Serializer.m_6729_(SingleItemRecipe.java:72) ~[server-1.20.1-20230612.114412-srg.jar%23235!/:?]
	at net.minecraftforge.common.extensions.IForgeRecipeSerializer.fromJson(IForgeRecipeSerializer.java:23) ~[forge-1.20.1-47.3.7-universal.jar%23240!/:?]
	at net.minecraft.world.item.crafting.RecipeManager.fromJson(RecipeManager.java:171) ~[server-1.20.1-20230612.114412-srg.jar%23235!/:?]
	at net.minecraft.world.item.crafting.RecipeManager.m_5787_(RecipeManager.java:67) ~[server-1.20.1-20230612.114412-srg.jar%23235!/:?]
	at net.minecraft.world.item.crafting.RecipeManager.m_5787_(RecipeManager.java:34) ~[server-1.20.1-20230612.114412-srg.jar%23235!/:?]
	at net.minecraft.server.packs.resources.SimplePreparableReloadListener.m_10789_(SimplePreparableReloadListener.java:13) ~[server-1.20.1-20230612.114412-srg.jar%23235!/:?]
	at java.util.concurrent.CompletableFuture$UniAccept.tryFire(CompletableFuture.java:718) ~[?:?]
	at java.util.concurrent.CompletableFuture$Completion.run(CompletableFuture.java:482) ~[?:?]
	at net.minecraft.server.packs.resources.SimpleReloadInstance.m_143940_(SimpleReloadInstance.java:69) ~[server-1.20.1-20230612.114412-srg.jar%23235!/:?]
	at net.minecraft.Util.m_214652_(Util.java:783) ~[server-1.20.1-20230612.114412-srg.jar%23235!/:?]
	at net.minecraft.Util.m_214679_(Util.java:772) ~[server-1.20.1-20230612.114412-srg.jar%23235!/:?]
	at net.minecraft.server.Main.main(Main.java:166) ~[server-1.20.1-20230612.114412-srg.jar%23235!/:?]
	at jdk.internal.reflect.NativeMethodAccessorImpl.invoke0(Native Method) ~[?:?]
	at jdk.internal.reflect.NativeMethodAccessorImpl.invoke(NativeMethodAccessorImpl.java:77) ~[?:?]
	at jdk.internal.reflect.DelegatingMethodAccessorImpl.invoke(DelegatingMethodAccessorImpl.java:43) ~[?:?]
	at java.lang.reflect.Method.invoke(Method.java:569) ~[?:?]
	at net.minecraftforge.fml.loading.targets.CommonLaunchHandler.runTarget(CommonLaunchHandler.java:111) ~[fmlloader-1.20.1-47.3.7.jar%2369!/:?]
	at net.minecraftforge.fml.loading.targets.CommonLaunchHandler.serverService(CommonLaunchHandler.java:103) ~[fmlloader-1.20.1-47.3.7.jar%2369!/:?]
	at net.minecraftforge.fml.loading.targets.CommonServerLaunchHandler.lambda$makeService$0(CommonServerLaunchHandler.java:27) ~[fmlloader-1.20.1-47.3.7.jar%2369!/:?]
	at cpw.mods.modlauncher.LaunchServiceHandlerDecorator.launch(LaunchServiceHandlerDecorator.java:30) ~[modlauncher-10.0.9.jar%2355!/:?]
	at cpw.mods.modlauncher.LaunchServiceHandler.launch(LaunchServiceHandler.java:53) ~[modlauncher-10.0.9.jar%2355!/:?]
	at cpw.mods.modlauncher.LaunchServiceHandler.launch(LaunchServiceHandler.java:71) ~[modlauncher-10.0.9.jar%2355!/:?]
	at cpw.mods.modlauncher.Launcher.run(Launcher.java:108) ~[modlauncher-10.0.9.jar%2355!/:?]
	at cpw.mods.modlauncher.Launcher.main(Launcher.java:78) ~[modlauncher-10.0.9.jar%2355!/:?]
	at cpw.mods.modlauncher.BootstrapLaunchConsumer.accept(BootstrapLaunchConsumer.java:26) ~[modlauncher-10.0.9.jar%2355!/:?]
	at cpw.mods.modlauncher.BootstrapLaunchConsumer.accept(BootstrapLaunchConsumer.java:23) ~[modlauncher-10.0.9.jar%2355!/:?]
	at cpw.mods.bootstraplauncher.BootstrapLauncher.main(BootstrapLauncher.java:141) ~[bootstraplauncher-1.1.2.jar:?]
[05Jan2026 06:00:19.811] [main/ERROR] [net.minecraft.world.item.crafting.RecipeManager/]: Parsing error loading recipe iter_rpg:packed_snow_bricks_cut_stairs
com.google.gson.JsonSyntaxException: Unknown item 'iter_rpg:packed_snow_bricks'
	at net.minecraft.world.item.crafting.ShapedRecipe.m_151280_(ShapedRecipe.java:292) ~[server-1.20.1-20230612.114412-srg.jar%23235!/:?]
	at java.util.Optional.orElseThrow(Optional.java:403) ~[?:?]
	at net.minecraft.world.item.crafting.ShapedRecipe.m_151278_(ShapedRecipe.java:291) ~[server-1.20.1-20230612.114412-srg.jar%23235!/:?]
	at net.minecraft.world.item.crafting.Ingredient.m_43919_(Ingredient.java:219) ~[server-1.20.1-20230612.114412-srg.jar%23235!/:?]
	at net.minecraftforge.common.crafting.VanillaIngredientSerializer.parse(VanillaIngredientSerializer.java:27) ~[forge-1.20.1-47.3.7-universal.jar%23240!/:?]
	at net.minecraftforge.common.crafting.CraftingHelper.getIngredient(CraftingHelper.java:148) ~[forge-1.20.1-47.3.7-universal.jar%23240!/:?]
	at net.minecraft.world.item.crafting.Ingredient.m_288218_(Ingredient.java:194) ~[server-1.20.1-20230612.114412-srg.jar%23235!/:?]
	at net.minecraft.world.item.crafting.SingleItemRecipe$Serializer.m_6729_(SingleItemRecipe.java:91) ~[server-1.20.1-20230612.114412-srg.jar%23235!/:?]
	at net.minecraft.world.item.crafting.SingleItemRecipe$Serializer.m_6729_(SingleItemRecipe.java:72) ~[server-1.20.1-20230612.114412-srg.jar%23235!/:?]
	at net.minecraftforge.common.extensions.IForgeRecipeSerializer.fromJson(IForgeRecipeSerializer.java:23) ~[forge-1.20.1-47.3.7-universal.jar%23240!/:?]
	at net.minecraft.world.item.crafting.RecipeManager.fromJson(RecipeManager.java:171) ~[server-1.20.1-20230612.114412-srg.jar%23235!/:?]
	at net.minecraft.world.item.crafting.RecipeManager.m_5787_(RecipeManager.java:67) ~[server-1.20.1-20230612.114412-srg.jar%23235!/:?]
	at net.minecraft.world.item.crafting.RecipeManager.m_5787_(RecipeManager.java:34) ~[server-1.20.1-20230612.114412-srg.jar%23235!/:?]
	at net.minecraft.server.packs.resources.SimplePreparableReloadListener.m_10789_(SimplePreparableReloadListener.java:13) ~[server-1.20.1-20230612.114412-srg.jar%23235!/:?]
	at java.util.concurrent.CompletableFuture$UniAccept.tryFire(CompletableFuture.java:718) ~[?:?]
	at java.util.concurrent.CompletableFuture$Completion.run(CompletableFuture.java:482) ~[?:?]
	at net.minecraft.server.packs.resources.SimpleReloadInstance.m_143940_(SimpleReloadInstance.java:69) ~[server-1.20.1-20230612.114412-srg.jar%23235!/:?]
	at net.minecraft.Util.m_214652_(Util.java:783) ~[server-1.20.1-20230612.114412-srg.jar%23235!/:?]
	at net.minecraft.Util.m_214679_(Util.java:772) ~[server-1.20.1-20230612.114412-srg.jar%23235!/:?]
	at net.minecraft.server.Main.main(Main.java:166) ~[server-1.20.1-20230612.114412-srg.jar%23235!/:?]
	at jdk.internal.reflect.NativeMethodAccessorImpl.invoke0(Native Method) ~[?:?]
	at jdk.internal.reflect.NativeMethodAccessorImpl.invoke(NativeMethodAccessorImpl.java:77) ~[?:?]
	at jdk.internal.reflect.DelegatingMethodAccessorImpl.invoke(DelegatingMethodAccessorImpl.java:43) ~[?:?]
	at java.lang.reflect.Method.invoke(Method.java:569) ~[?:?]
	at net.minecraftforge.fml.loading.targets.CommonLaunchHandler.runTarget(CommonLaunchHandler.java:111) ~[fmlloader-1.20.1-47.3.7.jar%2369!/:?]
	at net.minecraftforge.fml.loading.targets.CommonLaunchHandler.serverService(CommonLaunchHandler.java:103) ~[fmlloader-1.20.1-47.3.7.jar%2369!/:?]
	at net.minecraftforge.fml.loading.targets.CommonServerLaunchHandler.lambda$makeService$0(CommonServerLaunchHandler.java:27) ~[fmlloader-1.20.1-47.3.7.jar%2369!/:?]
	at cpw.mods.modlauncher.LaunchServiceHandlerDecorator.launch(LaunchServiceHandlerDecorator.java:30) ~[modlauncher-10.0.9.jar%2355!/:?]
	at cpw.mods.modlauncher.LaunchServiceHandler.launch(LaunchServiceHandler.java:53) ~[modlauncher-10.0.9.jar%2355!/:?]
	at cpw.mods.modlauncher.LaunchServiceHandler.launch(LaunchServiceHandler.java:71) ~[modlauncher-10.0.9.jar%2355!/:?]
	at cpw.mods.modlauncher.Launcher.run(Launcher.java:108) ~[modlauncher-10.0.9.jar%2355!/:?]
	at cpw.mods.modlauncher.Launcher.main(Launcher.java:78) ~[modlauncher-10.0.9.jar%2355!/:?]
	at cpw.mods.modlauncher.BootstrapLaunchConsumer.accept(BootstrapLaunchConsumer.java:26) ~[modlauncher-10.0.9.jar%2355!/:?]
	at cpw.mods.modlauncher.BootstrapLaunchConsumer.accept(BootstrapLaunchConsumer.java:23) ~[modlauncher-10.0.9.jar%2355!/:?]
	at cpw.mods.bootstraplauncher.BootstrapLauncher.main(BootstrapLauncher.java:141) ~[bootstraplauncher-1.1.2.jar:?]
[05Jan2026 06:00:19.815] [main/ERROR] [net.minecraft.world.item.crafting.RecipeManager/]: Parsing error loading recipe iter_rpg:packed_snow_cut_slab
com.google.gson.JsonSyntaxException: Unknown item 'iter_rpg:packed_snow'
	at net.minecraft.world.item.crafting.ShapedRecipe.m_151280_(ShapedRecipe.java:292) ~[server-1.20.1-20230612.114412-srg.jar%23235!/:?]
	at java.util.Optional.orElseThrow(Optional.java:403) ~[?:?]
	at net.minecraft.world.item.crafting.ShapedRecipe.m_151278_(ShapedRecipe.java:291) ~[server-1.20.1-20230612.114412-srg.jar%23235!/:?]
	at net.minecraft.world.item.crafting.Ingredient.m_43919_(Ingredient.java:219) ~[server-1.20.1-20230612.114412-srg.jar%23235!/:?]
	at net.minecraftforge.common.crafting.VanillaIngredientSerializer.parse(VanillaIngredientSerializer.java:27) ~[forge-1.20.1-47.3.7-universal.jar%23240!/:?]
	at net.minecraftforge.common.crafting.CraftingHelper.getIngredient(CraftingHelper.java:148) ~[forge-1.20.1-47.3.7-universal.jar%23240!/:?]
	at net.minecraft.world.item.crafting.Ingredient.m_288218_(Ingredient.java:194) ~[server-1.20.1-20230612.114412-srg.jar%23235!/:?]
	at net.minecraft.world.item.crafting.SingleItemRecipe$Serializer.m_6729_(SingleItemRecipe.java:91) ~[server-1.20.1-20230612.114412-srg.jar%23235!/:?]
	at net.minecraft.world.item.crafting.SingleItemRecipe$Serializer.m_6729_(SingleItemRecipe.java:72) ~[server-1.20.1-20230612.114412-srg.jar%23235!/:?]
	at net.minecraftforge.common.extensions.IForgeRecipeSerializer.fromJson(IForgeRecipeSerializer.java:23) ~[forge-1.20.1-47.3.7-universal.jar%23240!/:?]
	at net.minecraft.world.item.crafting.RecipeManager.fromJson(RecipeManager.java:171) ~[server-1.20.1-20230612.114412-srg.jar%23235!/:?]
	at net.minecraft.world.item.crafting.RecipeManager.m_5787_(RecipeManager.java:67) ~[server-1.20.1-20230612.114412-srg.jar%23235!/:?]
	at net.minecraft.world.item.crafting.RecipeManager.m_5787_(RecipeManager.java:34) ~[server-1.20.1-20230612.114412-srg.jar%23235!/:?]
	at net.minecraft.server.packs.resources.SimplePreparableReloadListener.m_10789_(SimplePreparableReloadListener.java:13) ~[server-1.20.1-20230612.114412-srg.jar%23235!/:?]
	at java.util.concurrent.CompletableFuture$UniAccept.tryFire(CompletableFuture.java:718) ~[?:?]
	at java.util.concurrent.CompletableFuture$Completion.run(CompletableFuture.java:482) ~[?:?]
	at net.minecraft.server.packs.resources.SimpleReloadInstance.m_143940_(SimpleReloadInstance.java:69) ~[server-1.20.1-20230612.114412-srg.jar%23235!/:?]
	at net.minecraft.Util.m_214652_(Util.java:783) ~[server-1.20.1-20230612.114412-srg.jar%23235!/:?]
	at net.minecraft.Util.m_214679_(Util.java:772) ~[server-1.20.1-20230612.114412-srg.jar%23235!/:?]
	at net.minecraft.server.Main.main(Main.java:166) ~[server-1.20.1-20230612.114412-srg.jar%23235!/:?]
	at jdk.internal.reflect.NativeMethodAccessorImpl.invoke0(Native Method) ~[?:?]
	at jdk.internal.reflect.NativeMethodAccessorImpl.invoke(NativeMethodAccessorImpl.java:77) ~[?:?]
	at jdk.internal.reflect.DelegatingMethodAccessorImpl.invoke(DelegatingMethodAccessorImpl.java:43) ~[?:?]
	at java.lang.reflect.Method.invoke(Method.java:569) ~[?:?]
	at net.minecraftforge.fml.loading.targets.CommonLaunchHandler.runTarget(CommonLaunchHandler.java:111) ~[fmlloader-1.20.1-47.3.7.jar%2369!/:?]
	at net.minecraftforge.fml.loading.targets.CommonLaunchHandler.serverService(CommonLaunchHandler.java:103) ~[fmlloader-1.20.1-47.3.7.jar%2369!/:?]
	at net.minecraftforge.fml.loading.targets.CommonServerLaunchHandler.lambda$makeService$0(CommonServerLaunchHandler.java:27) ~[fmlloader-1.20.1-47.3.7.jar%2369!/:?]
	at cpw.mods.modlauncher.LaunchServiceHandlerDecorator.launch(LaunchServiceHandlerDecorator.java:30) ~[modlauncher-10.0.9.jar%2355!/:?]
	at cpw.mods.modlauncher.LaunchServiceHandler.launch(LaunchServiceHandler.java:53) ~[modlauncher-10.0.9.jar%2355!/:?]
	at cpw.mods.modlauncher.LaunchServiceHandler.launch(LaunchServiceHandler.java:71) ~[modlauncher-10.0.9.jar%2355!/:?]
	at cpw.mods.modlauncher.Launcher.run(Launcher.java:108) ~[modlauncher-10.0.9.jar%2355!/:?]
	at cpw.mods.modlauncher.Launcher.main(Launcher.java:78) ~[modlauncher-10.0.9.jar%2355!/:?]
	at cpw.mods.modlauncher.BootstrapLaunchConsumer.accept(BootstrapLaunchConsumer.java:26) ~[modlauncher-10.0.9.jar%2355!/:?]
	at cpw.mods.modlauncher.BootstrapLaunchConsumer.accept(BootstrapLaunchConsumer.java:23) ~[modlauncher-10.0.9.jar%2355!/:?]
	at cpw.mods.bootstraplauncher.BootstrapLauncher.main(BootstrapLauncher.java:141) ~[bootstraplauncher-1.1.2.jar:?]
[05Jan2026 06:00:19.816] [main/ERROR] [net.minecraft.world.item.crafting.RecipeManager/]: Parsing error loading recipe forbidden_arcanus:fungyss_fence_gate
com.google.gson.JsonParseException: An ingredient entry needs either a tag or an item
	at net.minecraft.world.item.crafting.Ingredient.m_43919_(Ingredient.java:226) ~[server-1.20.1-20230612.114412-srg.jar%23235!/:?]
	at net.minecraftforge.common.crafting.VanillaIngredientSerializer.parse(VanillaIngredientSerializer.java:27) ~[forge-1.20.1-47.3.7-universal.jar%23240!/:?]
	at net.minecraftforge.common.crafting.CraftingHelper.getIngredient(CraftingHelper.java:148) ~[forge-1.20.1-47.3.7-universal.jar%23240!/:?]
	at net.minecraft.world.item.crafting.Ingredient.m_288218_(Ingredient.java:194) ~[server-1.20.1-20230612.114412-srg.jar%23235!/:?]
	at net.minecraft.world.item.crafting.ShapedRecipe.m_44210_(ShapedRecipe.java:278) ~[server-1.20.1-20230612.114412-srg.jar%23235!/:?]
	at net.minecraft.world.item.crafting.ShapedRecipe$Serializer.m_6729_(ShapedRecipe.java:306) ~[server-1.20.1-20230612.114412-srg.jar%23235!/:?]
	at net.minecraft.world.item.crafting.ShapedRecipe$Serializer.m_6729_(ShapedRecipe.java:301) ~[server-1.20.1-20230612.114412-srg.jar%23235!/:?]
	at net.minecraftforge.common.extensions.IForgeRecipeSerializer.fromJson(IForgeRecipeSerializer.java:23) ~[forge-1.20.1-47.3.7-universal.jar%23240!/:?]
	at net.minecraft.world.item.crafting.RecipeManager.fromJson(RecipeManager.java:171) ~[server-1.20.1-20230612.114412-srg.jar%23235!/:?]
	at net.minecraft.world.item.crafting.RecipeManager.m_5787_(RecipeManager.java:67) ~[server-1.20.1-20230612.114412-srg.jar%23235!/:?]
	at net.minecraft.world.item.crafting.RecipeManager.m_5787_(RecipeManager.java:34) ~[server-1.20.1-20230612.114412-srg.jar%23235!/:?]
	at net.minecraft.server.packs.resources.SimplePreparableReloadListener.m_10789_(SimplePreparableReloadListener.java:13) ~[server-1.20.1-20230612.114412-srg.jar%23235!/:?]
	at java.util.concurrent.CompletableFuture$UniAccept.tryFire(CompletableFuture.java:718) ~[?:?]
	at java.util.concurrent.CompletableFuture$Completion.run(CompletableFuture.java:482) ~[?:?]
	at net.minecraft.server.packs.resources.SimpleReloadInstance.m_143940_(SimpleReloadInstance.java:69) ~[server-1.20.1-20230612.114412-srg.jar%23235!/:?]
	at net.minecraft.Util.m_214652_(Util.java:783) ~[server-1.20.1-20230612.114412-srg.jar%23235!/:?]
	at net.minecraft.Util.m_214679_(Util.java:772) ~[server-1.20.1-20230612.114412-srg.jar%23235!/:?]
	at net.minecraft.server.Main.main(Main.java:166) ~[server-1.20.1-20230612.114412-srg.jar%23235!/:?]
	at jdk.internal.reflect.NativeMethodAccessorImpl.invoke0(Native Method) ~[?:?]
	at jdk.internal.reflect.NativeMethodAccessorImpl.invoke(NativeMethodAccessorImpl.java:77) ~[?:?]
	at jdk.internal.reflect.DelegatingMethodAccessorImpl.invoke(DelegatingMethodAccessorImpl.java:43) ~[?:?]
	at java.lang.reflect.Method.invoke(Method.java:569) ~[?:?]
	at net.minecraftforge.fml.loading.targets.CommonLaunchHandler.runTarget(CommonLaunchHandler.java:111) ~[fmlloader-1.20.1-47.3.7.jar%2369!/:?]
	at net.minecraftforge.fml.loading.targets.CommonLaunchHandler.serverService(CommonLaunchHandler.java:103) ~[fmlloader-1.20.1-47.3.7.jar%2369!/:?]
	at net.minecraftforge.fml.loading.targets.CommonServerLaunchHandler.lambda$makeService$0(CommonServerLaunchHandler.java:27) ~[fmlloader-1.20.1-47.3.7.jar%2369!/:?]
	at cpw.mods.modlauncher.LaunchServiceHandlerDecorator.launch(LaunchServiceHandlerDecorator.java:30) ~[modlauncher-10.0.9.jar%2355!/:?]
	at cpw.mods.modlauncher.LaunchServiceHandler.launch(LaunchServiceHandler.java:53) ~[modlauncher-10.0.9.jar%2355!/:?]
	at cpw.mods.modlauncher.LaunchServiceHandler.launch(LaunchServiceHandler.java:71) ~[modlauncher-10.0.9.jar%2355!/:?]
	at cpw.mods.modlauncher.Launcher.run(Launcher.java:108) ~[modlauncher-10.0.9.jar%2355!/:?]
	at cpw.mods.modlauncher.Launcher.main(Launcher.java:78) ~[modlauncher-10.0.9.jar%2355!/:?]
	at cpw.mods.modlauncher.BootstrapLaunchConsumer.accept(BootstrapLaunchConsumer.java:26) ~[modlauncher-10.0.9.jar%2355!/:?]
	at cpw.mods.modlauncher.BootstrapLaunchConsumer.accept(BootstrapLaunchConsumer.java:23) ~[modlauncher-10.0.9.jar%2355!/:?]
	at cpw.mods.bootstraplauncher.BootstrapLauncher.main(BootstrapLauncher.java:141) ~[bootstraplauncher-1.1.2.jar:?]
[05Jan2026 06:00:19.817] [main/ERROR] [net.minecraft.world.item.crafting.RecipeManager/]: Parsing error loading recipe iter_rpg:smooth_ice_bricks_cut_slab
com.google.gson.JsonSyntaxException: Unknown item 'iter_rpg:ice_bricks'
	at net.minecraft.world.item.crafting.ShapedRecipe.m_151280_(ShapedRecipe.java:292) ~[server-1.20.1-20230612.114412-srg.jar%23235!/:?]
	at java.util.Optional.orElseThrow(Optional.java:403) ~[?:?]
	at net.minecraft.world.item.crafting.ShapedRecipe.m_151278_(ShapedRecipe.java:291) ~[server-1.20.1-20230612.114412-srg.jar%23235!/:?]
	at net.minecraft.world.item.crafting.Ingredient.m_43919_(Ingredient.java:219) ~[server-1.20.1-20230612.114412-srg.jar%23235!/:?]
	at net.minecraftforge.common.crafting.VanillaIngredientSerializer.parse(VanillaIngredientSerializer.java:27) ~[forge-1.20.1-47.3.7-universal.jar%23240!/:?]
	at net.minecraftforge.common.crafting.CraftingHelper.getIngredient(CraftingHelper.java:148) ~[forge-1.20.1-47.3.7-universal.jar%23240!/:?]
	at net.minecraft.world.item.crafting.Ingredient.m_288218_(Ingredient.java:194) ~[server-1.20.1-20230612.114412-srg.jar%23235!/:?]
	at net.minecraft.world.item.crafting.SingleItemRecipe$Serializer.m_6729_(SingleItemRecipe.java:91) ~[server-1.20.1-20230612.114412-srg.jar%23235!/:?]
	at net.minecraft.world.item.crafting.SingleItemRecipe$Serializer.m_6729_(SingleItemRecipe.java:72) ~[server-1.20.1-20230612.114412-srg.jar%23235!/:?]
	at net.minecraftforge.common.extensions.IForgeRecipeSerializer.fromJson(IForgeRecipeSerializer.java:23) ~[forge-1.20.1-47.3.7-universal.jar%23240!/:?]
	at net.minecraft.world.item.crafting.RecipeManager.fromJson(RecipeManager.java:171) ~[server-1.20.1-20230612.114412-srg.jar%23235!/:?]
	at net.minecraft.world.item.crafting.RecipeManager.m_5787_(RecipeManager.java:67) ~[server-1.20.1-20230612.114412-srg.jar%23235!/:?]
	at net.minecraft.world.item.crafting.RecipeManager.m_5787_(RecipeManager.java:34) ~[server-1.20.1-20230612.114412-srg.jar%23235!/:?]
	at net.minecraft.server.packs.resources.SimplePreparableReloadListener.m_10789_(SimplePreparableReloadListener.java:13) ~[server-1.20.1-20230612.114412-srg.jar%23235!/:?]
	at java.util.concurrent.CompletableFuture$UniAccept.tryFire(CompletableFuture.java:718) ~[?:?]
	at java.util.concurrent.CompletableFuture$Completion.run(CompletableFuture.java:482) ~[?:?]
	at net.minecraft.server.packs.resources.SimpleReloadInstance.m_143940_(SimpleReloadInstance.java:69) ~[server-1.20.1-20230612.114412-srg.jar%23235!/:?]
	at net.minecraft.Util.m_214652_(Util.java:783) ~[server-1.20.1-20230612.114412-srg.jar%23235!/:?]
	at net.minecraft.Util.m_214679_(Util.java:772) ~[server-1.20.1-20230612.114412-srg.jar%23235!/:?]
	at net.minecraft.server.Main.main(Main.java:166) ~[server-1.20.1-20230612.114412-srg.jar%23235!/:?]
	at jdk.internal.reflect.NativeMethodAccessorImpl.invoke0(Native Method) ~[?:?]
	at jdk.internal.reflect.NativeMethodAccessorImpl.invoke(NativeMethodAccessorImpl.java:77) ~[?:?]
	at jdk.internal.reflect.DelegatingMethodAccessorImpl.invoke(DelegatingMethodAccessorImpl.java:43) ~[?:?]
	at java.lang.reflect.Method.invoke(Method.java:569) ~[?:?]
	at net.minecraftforge.fml.loading.targets.CommonLaunchHandler.runTarget(CommonLaunchHandler.java:111) ~[fmlloader-1.20.1-47.3.7.jar%2369!/:?]
	at net.minecraftforge.fml.loading.targets.CommonLaunchHandler.serverService(CommonLaunchHandler.java:103) ~[fmlloader-1.20.1-47.3.7.jar%2369!/:?]
	at net.minecraftforge.fml.loading.targets.CommonServerLaunchHandler.lambda$makeService$0(CommonServerLaunchHandler.java:27) ~[fmlloader-1.20.1-47.3.7.jar%2369!/:?]
	at cpw.mods.modlauncher.LaunchServiceHandlerDecorator.launch(LaunchServiceHandlerDecorator.java:30) ~[modlauncher-10.0.9.jar%2355!/:?]
	at cpw.mods.modlauncher.LaunchServiceHandler.launch(LaunchServiceHandler.java:53) ~[modlauncher-10.0.9.jar%2355!/:?]
	at cpw.mods.modlauncher.LaunchServiceHandler.launch(LaunchServiceHandler.java:71) ~[modlauncher-10.0.9.jar%2355!/:?]
	at cpw.mods.modlauncher.Launcher.run(Launcher.java:108) ~[modlauncher-10.0.9.jar%2355!/:?]
	at cpw.mods.modlauncher.Launcher.main(Launcher.java:78) ~[modlauncher-10.0.9.jar%2355!/:?]
	at cpw.mods.modlauncher.BootstrapLaunchConsumer.accept(BootstrapLaunchConsumer.java:26) ~[modlauncher-10.0.9.jar%2355!/:?]
	at cpw.mods.modlauncher.BootstrapLaunchConsumer.accept(BootstrapLaunchConsumer.java:23) ~[modlauncher-10.0.9.jar%2355!/:?]
	at cpw.mods.bootstraplauncher.BootstrapLauncher.main(BootstrapLauncher.java:141) ~[bootstraplauncher-1.1.2.jar:?]
[05Jan2026 06:00:19.823] [main/ERROR] [net.minecraft.world.item.crafting.RecipeManager/]: Parsing error loading recipe iter_rpg:smooth_ice_bricks_cut_stairs
com.google.gson.JsonSyntaxException: Unknown item 'iter_rpg:ice_bricks'
	at net.minecraft.world.item.crafting.ShapedRecipe.m_151280_(ShapedRecipe.java:292) ~[server-1.20.1-20230612.114412-srg.jar%23235!/:?]
	at java.util.Optional.orElseThrow(Optional.java:403) ~[?:?]
	at net.minecraft.world.item.crafting.ShapedRecipe.m_151278_(ShapedRecipe.java:291) ~[server-1.20.1-20230612.114412-srg.jar%23235!/:?]
	at net.minecraft.world.item.crafting.Ingredient.m_43919_(Ingredient.java:219) ~[server-1.20.1-20230612.114412-srg.jar%23235!/:?]
	at net.minecraftforge.common.crafting.VanillaIngredientSerializer.parse(VanillaIngredientSerializer.java:27) ~[forge-1.20.1-47.3.7-universal.jar%23240!/:?]
	at net.minecraftforge.common.crafting.CraftingHelper.getIngredient(CraftingHelper.java:148) ~[forge-1.20.1-47.3.7-universal.jar%23240!/:?]
	at net.minecraft.world.item.crafting.Ingredient.m_288218_(Ingredient.java:194) ~[server-1.20.1-20230612.114412-srg.jar%23235!/:?]
	at net.minecraft.world.item.crafting.SingleItemRecipe$Serializer.m_6729_(SingleItemRecipe.java:91) ~[server-1.20.1-20230612.114412-srg.jar%23235!/:?]
	at net.minecraft.world.item.crafting.SingleItemRecipe$Serializer.m_6729_(SingleItemRecipe.java:72) ~[server-1.20.1-20230612.114412-srg.jar%23235!/:?]
	at net.minecraftforge.common.extensions.IForgeRecipeSerializer.fromJson(IForgeRecipeSerializer.java:23) ~[forge-1.20.1-47.3.7-universal.jar%23240!/:?]
	at net.minecraft.world.item.crafting.RecipeManager.fromJson(RecipeManager.java:171) ~[server-1.20.1-20230612.114412-srg.jar%23235!/:?]
	at net.minecraft.world.item.crafting.RecipeManager.m_5787_(RecipeManager.java:67) ~[server-1.20.1-20230612.114412-srg.jar%23235!/:?]
	at net.minecraft.world.item.crafting.RecipeManager.m_5787_(RecipeManager.java:34) ~[server-1.20.1-20230612.114412-srg.jar%23235!/:?]
	at net.minecraft.server.packs.resources.SimplePreparableReloadListener.m_10789_(SimplePreparableReloadListener.java:13) ~[server-1.20.1-20230612.114412-srg.jar%23235!/:?]
	at java.util.concurrent.CompletableFuture$UniAccept.tryFire(CompletableFuture.java:718) ~[?:?]
	at java.util.concurrent.CompletableFuture$Completion.run(CompletableFuture.java:482) ~[?:?]
	at net.minecraft.server.packs.resources.SimpleReloadInstance.m_143940_(SimpleReloadInstance.java:69) ~[server-1.20.1-20230612.114412-srg.jar%23235!/:?]
	at net.minecraft.Util.m_214652_(Util.java:783) ~[server-1.20.1-20230612.114412-srg.jar%23235!/:?]
	at net.minecraft.Util.m_214679_(Util.java:772) ~[server-1.20.1-20230612.114412-srg.jar%23235!/:?]
	at net.minecraft.server.Main.main(Main.java:166) ~[server-1.20.1-20230612.114412-srg.jar%23235!/:?]
	at jdk.internal.reflect.NativeMethodAccessorImpl.invoke0(Native Method) ~[?:?]
	at jdk.internal.reflect.NativeMethodAccessorImpl.invoke(NativeMethodAccessorImpl.java:77) ~[?:?]
	at jdk.internal.reflect.DelegatingMethodAccessorImpl.invoke(DelegatingMethodAccessorImpl.java:43) ~[?:?]
	at java.lang.reflect.Method.invoke(Method.java:569) ~[?:?]
	at net.minecraftforge.fml.loading.targets.CommonLaunchHandler.runTarget(CommonLaunchHandler.java:111) ~[fmlloader-1.20.1-47.3.7.jar%2369!/:?]
	at net.minecraftforge.fml.loading.targets.CommonLaunchHandler.serverService(CommonLaunchHandler.java:103) ~[fmlloader-1.20.1-47.3.7.jar%2369!/:?]
	at net.minecraftforge.fml.loading.targets.CommonServerLaunchHandler.lambda$makeService$0(CommonServerLaunchHandler.java:27) ~[fmlloader-1.20.1-47.3.7.jar%2369!/:?]
	at cpw.mods.modlauncher.LaunchServiceHandlerDecorator.launch(LaunchServiceHandlerDecorator.java:30) ~[modlauncher-10.0.9.jar%2355!/:?]
	at cpw.mods.modlauncher.LaunchServiceHandler.launch(LaunchServiceHandler.java:53) ~[modlauncher-10.0.9.jar%2355!/:?]
	at cpw.mods.modlauncher.LaunchServiceHandler.launch(LaunchServiceHandler.java:71) ~[modlauncher-10.0.9.jar%2355!/:?]
	at cpw.mods.modlauncher.Launcher.run(Launcher.java:108) ~[modlauncher-10.0.9.jar%2355!/:?]
	at cpw.mods.modlauncher.Launcher.main(Launcher.java:78) ~[modlauncher-10.0.9.jar%2355!/:?]
	at cpw.mods.modlauncher.BootstrapLaunchConsumer.accept(BootstrapLaunchConsumer.java:26) ~[modlauncher-10.0.9.jar%2355!/:?]
	at cpw.mods.modlauncher.BootstrapLaunchConsumer.accept(BootstrapLaunchConsumer.java:23) ~[modlauncher-10.0.9.jar%2355!/:?]
	at cpw.mods.bootstraplauncher.BootstrapLauncher.main(BootstrapLauncher.java:141) ~[bootstraplauncher-1.1.2.jar:?]
[05Jan2026 06:00:19.825] [main/ERROR] [net.minecraft.world.item.crafting.RecipeManager/]: Parsing error loading recipe iter_rpg:smooth_ice_cut_wall
com.google.gson.JsonSyntaxException: Unknown item 'iter_rpg:smooth_ice'
	at net.minecraft.world.item.crafting.ShapedRecipe.m_151280_(ShapedRecipe.java:292) ~[server-1.20.1-20230612.114412-srg.jar%23235!/:?]
	at java.util.Optional.orElseThrow(Optional.java:403) ~[?:?]
	at net.minecraft.world.item.crafting.ShapedRecipe.m_151278_(ShapedRecipe.java:291) ~[server-1.20.1-20230612.114412-srg.jar%23235!/:?]
	at net.minecraft.world.item.crafting.Ingredient.m_43919_(Ingredient.java:219) ~[server-1.20.1-20230612.114412-srg.jar%23235!/:?]
	at net.minecraftforge.common.crafting.VanillaIngredientSerializer.parse(VanillaIngredientSerializer.java:27) ~[forge-1.20.1-47.3.7-universal.jar%23240!/:?]
	at net.minecraftforge.common.crafting.CraftingHelper.getIngredient(CraftingHelper.java:148) ~[forge-1.20.1-47.3.7-universal.jar%23240!/:?]
	at net.minecraft.world.item.crafting.Ingredient.m_288218_(Ingredient.java:194) ~[server-1.20.1-20230612.114412-srg.jar%23235!/:?]
	at net.minecraft.world.item.crafting.SingleItemRecipe$Serializer.m_6729_(SingleItemRecipe.java:91) ~[server-1.20.1-20230612.114412-srg.jar%23235!/:?]
	at net.minecraft.world.item.crafting.SingleItemRecipe$Serializer.m_6729_(SingleItemRecipe.java:72) ~[server-1.20.1-20230612.114412-srg.jar%23235!/:?]
	at net.minecraftforge.common.extensions.IForgeRecipeSerializer.fromJson(IForgeRecipeSerializer.java:23) ~[forge-1.20.1-47.3.7-universal.jar%23240!/:?]
	at net.minecraft.world.item.crafting.RecipeManager.fromJson(RecipeManager.java:171) ~[server-1.20.1-20230612.114412-srg.jar%23235!/:?]
	at net.minecraft.world.item.crafting.RecipeManager.m_5787_(RecipeManager.java:67) ~[server-1.20.1-20230612.114412-srg.jar%23235!/:?]
	at net.minecraft.world.item.crafting.RecipeManager.m_5787_(RecipeManager.java:34) ~[server-1.20.1-20230612.114412-srg.jar%23235!/:?]
	at net.minecraft.server.packs.resources.SimplePreparableReloadListener.m_10789_(SimplePreparableReloadListener.java:13) ~[server-1.20.1-20230612.114412-srg.jar%23235!/:?]
	at java.util.concurrent.CompletableFuture$UniAccept.tryFire(CompletableFuture.java:718) ~[?:?]
	at java.util.concurrent.CompletableFuture$Completion.run(CompletableFuture.java:482) ~[?:?]
	at net.minecraft.server.packs.resources.SimpleReloadInstance.m_143940_(SimpleReloadInstance.java:69) ~[server-1.20.1-20230612.114412-srg.jar%23235!/:?]
	at net.minecraft.Util.m_214652_(Util.java:783) ~[server-1.20.1-20230612.114412-srg.jar%23235!/:?]
	at net.minecraft.Util.m_214679_(Util.java:772) ~[server-1.20.1-20230612.114412-srg.jar%23235!/:?]
	at net.minecraft.server.Main.main(Main.java:166) ~[server-1.20.1-20230612.114412-srg.jar%23235!/:?]
	at jdk.internal.reflect.NativeMethodAccessorImpl.invoke0(Native Method) ~[?:?]
	at jdk.internal.reflect.NativeMethodAccessorImpl.invoke(NativeMethodAccessorImpl.java:77) ~[?:?]
	at jdk.internal.reflect.DelegatingMethodAccessorImpl.invoke(DelegatingMethodAccessorImpl.java:43) ~[?:?]
	at java.lang.reflect.Method.invoke(Method.java:569) ~[?:?]
	at net.minecraftforge.fml.loading.targets.CommonLaunchHandler.runTarget(CommonLaunchHandler.java:111) ~[fmlloader-1.20.1-47.3.7.jar%2369!/:?]
	at net.minecraftforge.fml.loading.targets.CommonLaunchHandler.serverService(CommonLaunchHandler.java:103) ~[fmlloader-1.20.1-47.3.7.jar%2369!/:?]
	at net.minecraftforge.fml.loading.targets.CommonServerLaunchHandler.lambda$makeService$0(CommonServerLaunchHandler.java:27) ~[fmlloader-1.20.1-47.3.7.jar%2369!/:?]
	at cpw.mods.modlauncher.LaunchServiceHandlerDecorator.launch(LaunchServiceHandlerDecorator.java:30) ~[modlauncher-10.0.9.jar%2355!/:?]
	at cpw.mods.modlauncher.LaunchServiceHandler.launch(LaunchServiceHandler.java:53) ~[modlauncher-10.0.9.jar%2355!/:?]
	at cpw.mods.modlauncher.LaunchServiceHandler.launch(LaunchServiceHandler.java:71) ~[modlauncher-10.0.9.jar%2355!/:?]
	at cpw.mods.modlauncher.Launcher.run(Launcher.java:108) ~[modlauncher-10.0.9.jar%2355!/:?]
	at cpw.mods.modlauncher.Launcher.main(Launcher.java:78) ~[modlauncher-10.0.9.jar%2355!/:?]
	at cpw.mods.modlauncher.BootstrapLaunchConsumer.accept(BootstrapLaunchConsumer.java:26) ~[modlauncher-10.0.9.jar%2355!/:?]
	at cpw.mods.modlauncher.BootstrapLaunchConsumer.accept(BootstrapLaunchConsumer.java:23) ~[modlauncher-10.0.9.jar%2355!/:?]
	at cpw.mods.bootstraplauncher.BootstrapLauncher.main(BootstrapLauncher.java:141) ~[bootstraplauncher-1.1.2.jar:?]
[05Jan2026 06:00:19.833] [main/INFO] [net.minecraft.world.item.crafting.RecipeManager/]: Loaded 17 recipes
[05Jan2026 06:00:19.843] [main/DEBUG] [mixin/]: Mixing DisplayInfoMixin from ftblibrary-common.mixins.json into net.minecraft.advancements.DisplayInfo
[05Jan2026 06:00:19.843] [main/DEBUG] [mixin/]: ftblibrary-common.mixins.json:DisplayInfoMixin: Class version 61 required is higher than the class version supported by the current version of Mixin (JAVA_8 supports class version 52)
[05Jan2026 06:00:19.868] [main/ERROR] [net.minecraft.server.ServerAdvancementManager/]: Parsing error loading custom advancement spartanshields:recipes/dark_steel_riot_basic_shield: Unknown item id 'enderio:octadic_capacitor'
[05Jan2026 06:00:19.939] [main/ERROR] [net.minecraft.server.ServerAdvancementManager/]: Parsing error loading custom advancement spartanshields:recipes/basic_mekanists_tower_shield: Unknown item id 'mekanism:energy_tablet'
[05Jan2026 06:00:19.980] [main/ERROR] [net.minecraft.server.ServerAdvancementManager/]: Parsing error loading custom advancement spartanshields:recipes/dark_steel_riot_tower_shield: Unknown item id 'enderio:octadic_capacitor'
[05Jan2026 06:00:19.989] [main/ERROR] [net.minecraft.server.ServerAdvancementManager/]: Parsing error loading custom advancement spartanshields:recipes/basic_mekanists_basic_shield: Unknown item id 'mekanism:energy_tablet'
[05Jan2026 06:00:19.998] [main/ERROR] [net.minecraft.server.ServerAdvancementManager/]: Parsing error loading custom advancement legendary_monsters:defeat_ambusher: Expected item to be an item, was unknown string 'legendary_monsters:ancient_dripstone_shard'
[05Jan2026 06:00:20.048] [main/INFO] [net.minecraft.advancements.AdvancementList/]: Loaded 4577 advancements
[05Jan2026 06:00:20.073] [main/WARN] [epicfight/]: Can't find particle type epicfight:entity.hit.blunt
[05Jan2026 06:00:20.115] [main/INFO] [top.theillusivec4.curios.Curios/]: Loaded 11 curio slots
[05Jan2026 06:00:20.121] [main/INFO] [top.theillusivec4.curios.Curios/]: Loaded 1 curio entities
[05Jan2026 06:00:20.140] [main/DEBUG] [io.netty.util.internal.InternalThreadLocalMap/]: -Dio.netty.threadLocalMap.stringBuilder.initialSize: 1024
[05Jan2026 06:00:20.140] [main/DEBUG] [io.netty.util.internal.InternalThreadLocalMap/]: -Dio.netty.threadLocalMap.stringBuilder.maxSize: 4096
[05Jan2026 06:00:20.141] [main/DEBUG] [io.netty.util.internal.ThreadLocalRandom/]: -Dio.netty.initialSeedUniquifier: 0x2a70ae3afb39016e
[05Jan2026 06:00:20.150] [main/INFO] [com.brutalbosses.BrutalBosses/]: Loaded boss variant for: minecraft:drowned
[05Jan2026 06:00:20.151] [main/INFO] [com.brutalbosses.BrutalBosses/]: Loaded boss variant for: minecraft:iron_golem
[05Jan2026 06:00:20.151] [main/INFO] [com.brutalbosses.BrutalBosses/]: Loaded boss variant for: minecraft:snow_golem
[05Jan2026 06:00:20.151] [main/INFO] [com.brutalbosses.BrutalBosses/]: Loaded boss variant for: minecraft:zombie
[05Jan2026 06:00:20.151] [main/INFO] [com.brutalbosses.BrutalBosses/]: Loaded boss variant for: minecraft:skeleton
[05Jan2026 06:00:20.151] [main/INFO] [com.brutalbosses.BrutalBosses/]: Loaded boss variant for: minecraft:pillager
[05Jan2026 06:00:20.151] [main/INFO] [com.brutalbosses.BrutalBosses/]: Loaded boss variant for: minecraft:vex
[05Jan2026 06:00:20.151] [main/INFO] [com.brutalbosses.BrutalBosses/]: Loaded boss variant for: minecraft:evoker
[05Jan2026 06:00:20.152] [main/INFO] [com.brutalbosses.BrutalBosses/]: Loaded boss variant for: minecraft:zombie
[05Jan2026 06:00:20.152] [main/INFO] [com.brutalbosses.BrutalBosses/]: Loaded boss variant for: minecraft:vindicator
[05Jan2026 06:00:20.152] [main/INFO] [com.brutalbosses.BrutalBosses/]: Loaded boss variant for: minecraft:wither_skeleton
[05Jan2026 06:00:20.152] [main/INFO] [com.brutalbosses.BrutalBosses/]: Loaded boss variant for: minecraft:wither_skeleton
[05Jan2026 06:00:20.152] [main/INFO] [com.brutalbosses.BrutalBosses/]: Loaded boss variant for: minecraft:cave_spider
[05Jan2026 06:00:20.152] [main/INFO] [com.brutalbosses.BrutalBosses/]: Loaded boss variant for: minecraft:zombie
[05Jan2026 06:00:20.152] [main/INFO] [com.brutalbosses.BrutalBosses/]: Loaded boss variant for: minecraft:husk
[05Jan2026 06:00:20.153] [main/INFO] [com.brutalbosses.BrutalBosses/]: Loaded boss variant for: minecraft:evoker
[05Jan2026 06:00:20.153] [main/INFO] [com.brutalbosses.BrutalBosses/]: Loaded boss variant for: minecraft:wandering_trader
[05Jan2026 06:00:20.153] [main/INFO] [com.brutalbosses.BrutalBosses/]: Loaded boss variant for: minecraft:guardian
[05Jan2026 06:00:20.153] [main/INFO] [com.brutalbosses.BrutalBosses/]: Loaded boss variant for: minecraft:vindicator
[05Jan2026 06:00:20.153] [main/INFO] [com.brutalbosses.BrutalBosses/]: Loaded boss variant for: minecraft:shulker
[05Jan2026 06:00:20.153] [main/INFO] [com.brutalbosses.BrutalBosses/]: Loaded boss variant for: minecraft:zoglin
[05Jan2026 06:00:20.153] [main/INFO] [com.brutalbosses.BrutalBosses/]: Loaded boss variant for: minecraft:chicken
[05Jan2026 06:00:20.153] [main/INFO] [com.brutalbosses.BrutalBosses/]: Loaded boss variant for: minecraft:blaze
[05Jan2026 06:00:20.153] [main/INFO] [com.brutalbosses.BrutalBosses/]: Loaded boss variant for: minecraft:witch
[05Jan2026 06:00:20.153] [main/INFO] [com.brutalbosses.BrutalBosses/]: Loaded boss variant for: minecraft:phantom
[05Jan2026 06:00:20.154] [main/INFO] [com.brutalbosses.BrutalBosses/]: Loaded boss variant for: minecraft:mooshroom
[05Jan2026 06:00:20.154] [main/INFO] [com.brutalbosses.BrutalBosses/]: Loaded boss variant for: minecraft:rabbit
[05Jan2026 06:00:20.154] [main/INFO] [com.brutalbosses.BrutalBosses/]: Loaded boss variant for: minecraft:piglin_brute
[05Jan2026 06:00:20.154] [main/INFO] [com.brutalbosses.BrutalBosses/]: Loaded boss variant for: minecraft:ghast
[05Jan2026 06:00:20.154] [main/INFO] [com.brutalbosses.BrutalBosses/]: Loaded boss variant for: minecraft:stray
[05Jan2026 06:00:20.160] [main/INFO] [Fossils Archeology/]: Loaded 723 server animations for 65 entities
[05Jan2026 06:00:20.176] [main/INFO] [Fossils Archeology/]: Loaded 1040 animation category entries for 65 entities
[05Jan2026 06:00:20.181] [main/INFO] [Fossils Archeology/]: Loaded data for 58 entities
[05Jan2026 06:00:20.182] [main/INFO] [Fossils Archeology/]: Loaded food values: (items: 51) (entities: 0, 0) (Tags: 0, 0)
[05Jan2026 06:00:20.191] [main/INFO] [Fossils Archeology/]: Loaded 10 variants
[05Jan2026 06:00:20.233] [main/WARN] [net.minecraft.core.MappedRegistry/]: Not all defined tags for registry ResourceKey[minecraft:root / minecraft:worldgen/biome] are present in data pack: forge:no_default_monsters, minecraft:is_mountains
[05Jan2026 06:00:21.994] [main/DEBUG] [Spartan Weaponry/]: Initaliasing reloadables for 479 values
[05Jan2026 06:00:21.999] [main/INFO] [Spartan Weaponry/]: Finished initialising Weapon Traits & Attributes! Took 4.300701ms
[05Jan2026 06:00:22.256] [main/DEBUG] [net.minecraftforge.common.ForgeHooks/WP]: Gathering id map for writing to world save world
[05Jan2026 06:00:22.302] [main/DEBUG] [net.minecraftforge.common.ForgeHooks/WP]: ID Map collection complete world
[05Jan2026 06:00:22.439] [Server thread/INFO] [net.minecraft.server.dedicated.DedicatedServer/]: Starting minecraft server version 1.20.1
[05Jan2026 06:00:22.440] [Server thread/INFO] [net.minecraft.server.dedicated.DedicatedServer/]: Loading properties
[05Jan2026 06:00:22.440] [Server thread/INFO] [net.minecraft.server.dedicated.DedicatedServer/]: Default game type: SURVIVAL
[05Jan2026 06:00:22.440] [Server thread/INFO] [net.minecraft.server.MinecraftServer/]: Generating keypair
[05Jan2026 06:00:22.576] [Server thread/INFO] [net.minecraft.server.dedicated.DedicatedServer/]: Starting Minecraft server on *:25565
[05Jan2026 06:00:22.577] [Server thread/DEBUG] [net.minecraftforge.network.DualStackUtils/]: Detected IPv6 address: "0:0:0:0:0:0:0:0"
[05Jan2026 06:00:22.589] [Server thread/DEBUG] [io.netty.util.internal.NativeLibraryLoader/]: -Dio.netty.native.workdir: /tmp (io.netty.tmpdir)
[05Jan2026 06:00:22.589] [Server thread/DEBUG] [io.netty.util.internal.NativeLibraryLoader/]: -Dio.netty.native.deleteLibAfterLoading: true
[05Jan2026 06:00:22.589] [Server thread/DEBUG] [io.netty.util.internal.NativeLibraryLoader/]: -Dio.netty.native.tryPatchShadedId: true
[05Jan2026 06:00:22.589] [Server thread/DEBUG] [io.netty.util.internal.NativeLibraryLoader/]: -Dio.netty.native.detectNativeLibraryDuplicates: true
[05Jan2026 06:00:22.599] [Server thread/DEBUG] [io.netty.util.internal.NativeLibraryLoader/]: Successfully loaded the library /tmp/libnetty_transport_native_epoll_x86_6415766491300224882313.so
[05Jan2026 06:00:22.604] [Server thread/DEBUG] [io.netty.util.NetUtil/]: -Djava.net.preferIPv4Stack: false
[05Jan2026 06:00:22.604] [Server thread/DEBUG] [io.netty.util.NetUtil/]: -Djava.net.preferIPv6Addresses: true
[05Jan2026 06:00:22.606] [Server thread/DEBUG] [io.netty.util.NetUtilInitializations/]: Loopback interface: lo (lo, 0:0:0:0:0:0:0:1%lo)
[05Jan2026 06:00:22.607] [Server thread/DEBUG] [io.netty.util.NetUtil/]: /proc/sys/net/core/somaxconn: 4096
[05Jan2026 06:00:22.614] [Server thread/INFO] [net.minecraft.server.network.ServerConnectionListener/]: Using epoll channel type
[05Jan2026 06:00:22.633] [Server thread/DEBUG] [io.netty.channel.MultithreadEventLoopGroup/]: -Dio.netty.eventLoopThreads: 8
[05Jan2026 06:00:22.655] [Server thread/DEBUG] [io.netty.util.internal.PlatformDependent/]: org.jctools-core.MpscChunkedArrayQueue: available
[05Jan2026 06:00:22.668] [Server thread/DEBUG] [io.netty.channel.DefaultChannelId/]: -Dio.netty.processId: 4372 (auto-detected)
[05Jan2026 06:00:22.669] [Server thread/DEBUG] [io.netty.channel.DefaultChannelId/]: -Dio.netty.machineId: 7c:1e:52:ff:fe:ae:a3:ad (auto-detected)
[05Jan2026 06:00:22.694] [Server thread/DEBUG] [io.netty.buffer.PooledByteBufAllocator/]: -Dio.netty.allocator.numHeapArenas: 8
[05Jan2026 06:00:22.695] [Server thread/DEBUG] [io.netty.buffer.PooledByteBufAllocator/]: -Dio.netty.allocator.numDirectArenas: 8
[05Jan2026 06:00:22.695] [Server thread/DEBUG] [io.netty.buffer.PooledByteBufAllocator/]: -Dio.netty.allocator.pageSize: 8192
[05Jan2026 06:00:22.695] [Server thread/DEBUG] [io.netty.buffer.PooledByteBufAllocator/]: -Dio.netty.allocator.maxOrder: 9
[05Jan2026 06:00:22.695] [Server thread/DEBUG] [io.netty.buffer.PooledByteBufAllocator/]: -Dio.netty.allocator.chunkSize: 4194304
[05Jan2026 06:00:22.695] [Server thread/DEBUG] [io.netty.buffer.PooledByteBufAllocator/]: -Dio.netty.allocator.smallCacheSize: 256
[05Jan2026 06:00:22.695] [Server thread/DEBUG] [io.netty.buffer.PooledByteBufAllocator/]: -Dio.netty.allocator.normalCacheSize: 64
[05Jan2026 06:00:22.695] [Server thread/DEBUG] [io.netty.buffer.PooledByteBufAllocator/]: -Dio.netty.allocator.maxCachedBufferCapacity: 32768
[05Jan2026 06:00:22.695] [Server thread/DEBUG] [io.netty.buffer.PooledByteBufAllocator/]: -Dio.netty.allocator.cacheTrimInterval: 8192
[05Jan2026 06:00:22.695] [Server thread/DEBUG] [io.netty.buffer.PooledByteBufAllocator/]: -Dio.netty.allocator.cacheTrimIntervalMillis: 0
[05Jan2026 06:00:22.695] [Server thread/DEBUG] [io.netty.buffer.PooledByteBufAllocator/]: -Dio.netty.allocator.useCacheForAllThreads: false
[05Jan2026 06:00:22.695] [Server thread/DEBUG] [io.netty.buffer.PooledByteBufAllocator/]: -Dio.netty.allocator.maxCachedByteBuffersPerChunk: 1023
[05Jan2026 06:00:22.704] [Server thread/DEBUG] [io.netty.buffer.ByteBufUtil/]: -Dio.netty.allocator.type: pooled
[05Jan2026 06:00:22.704] [Server thread/DEBUG] [io.netty.buffer.ByteBufUtil/]: -Dio.netty.threadLocalDirectBufferSize: 0
[05Jan2026 06:00:22.704] [Server thread/DEBUG] [io.netty.buffer.ByteBufUtil/]: -Dio.netty.maxThreadLocalCharBufferSize: 16384
[05Jan2026 06:00:22.712] [Server thread/WARN] [net.minecraft.server.dedicated.DedicatedServer/]: **** SERVER IS RUNNING IN OFFLINE/INSECURE MODE!
[05Jan2026 06:00:22.713] [Server thread/WARN] [net.minecraft.server.dedicated.DedicatedServer/]: The server will make no attempt to authenticate usernames. Beware.
[05Jan2026 06:00:22.713] [Server thread/WARN] [net.minecraft.server.dedicated.DedicatedServer/]: While this makes the game possible to play without internet access, it also opens up the ability for hackers to connect with any username they choose.
[05Jan2026 06:00:22.713] [Server thread/WARN] [net.minecraft.server.dedicated.DedicatedServer/]: To change this, set "online-mode" to "true" in the server.properties file.
[05Jan2026 06:00:22.733] [Server thread/DEBUG] [net.minecraftforge.fml.config.ConfigTracker/CONFIG]: Loading configs type SERVER
[05Jan2026 06:00:22.734] [Server thread/DEBUG] [net.minecraftforge.fml.config.ConfigFileTypeHandler/CONFIG]: Built TOML config for ./world/serverconfig/riskofrain_mobs-server.toml
[05Jan2026 06:00:22.734] [Server thread/DEBUG] [net.minecraftforge.fml.config.ConfigFileTypeHandler/CONFIG]: Loaded TOML config file ./world/serverconfig/riskofrain_mobs-server.toml
[05Jan2026 06:00:22.735] [Server thread/DEBUG] [net.minecraftforge.fml.config.ConfigFileTypeHandler/CONFIG]: Watching TOML config file ./world/serverconfig/riskofrain_mobs-server.toml for changes
[05Jan2026 06:00:22.735] [Server thread/WARN] [net.minecraftforge.common.ForgeConfigSpec/CORE]: Configuration file ./world/serverconfig/riskofrain_mobs-server.toml is not correct. Correcting
[05Jan2026 06:00:22.736] [Server thread/WARN] [net.minecraftforge.common.ForgeConfigSpec/CORE]: Incorrect key Drones was corrected from null to its default, SimpleCommentedConfig:{}. 
[05Jan2026 06:00:22.736] [Server thread/WARN] [net.minecraftforge.common.ForgeConfigSpec/CORE]: Incorrect key Drones.droneSpawnWeight was corrected from null to its default, 1. 
[05Jan2026 06:00:22.736] [Server thread/DEBUG] [net.minecraftforge.common.ForgeConfigSpec/CORE]: The comment on key Drones.droneSpawnWeight does not match the spec. This may create a backup.
[05Jan2026 06:00:22.736] [Server thread/DEBUG] [net.minecraftforge.common.ForgeConfigSpec/CORE]: The comment on key Drones does not match the spec. This may create a backup.
[05Jan2026 06:00:22.737] [Server thread/WARN] [net.minecraftforge.common.ForgeConfigSpec/CORE]: Incorrect key Lemurians was corrected from null to its default, SimpleCommentedConfig:{}. 
[05Jan2026 06:00:22.737] [Server thread/WARN] [net.minecraftforge.common.ForgeConfigSpec/CORE]: Incorrect key Lemurians.lemurianOverworldSpawnWeight was corrected from null to its default, 66. 
[05Jan2026 06:00:22.737] [Server thread/DEBUG] [net.minecraftforge.common.ForgeConfigSpec/CORE]: The comment on key Lemurians.lemurianOverworldSpawnWeight does not match the spec. This may create a backup.
[05Jan2026 06:00:22.737] [Server thread/WARN] [net.minecraftforge.common.ForgeConfigSpec/CORE]: Incorrect key Lemurians.lemurianNetherSpawnWeight was corrected from null to its default, 2. 
[05Jan2026 06:00:22.738] [Server thread/DEBUG] [net.minecraftforge.common.ForgeConfigSpec/CORE]: The comment on key Lemurians.lemurianNetherSpawnWeight does not match the spec. This may create a backup.
[05Jan2026 06:00:22.738] [Server thread/WARN] [net.minecraftforge.common.ForgeConfigSpec/CORE]: Incorrect key Lemurians.lemurianMinGroupSize was corrected from null to its default, 1. 
[05Jan2026 06:00:22.738] [Server thread/DEBUG] [net.minecraftforge.common.ForgeConfigSpec/CORE]: The comment on key Lemurians.lemurianMinGroupSize does not match the spec. This may create a backup.
[05Jan2026 06:00:22.738] [Server thread/WARN] [net.minecraftforge.common.ForgeConfigSpec/CORE]: Incorrect key Lemurians.lemurianMaxGroupSize was corrected from null to its default, 2. 
[05Jan2026 06:00:22.738] [Server thread/DEBUG] [net.minecraftforge.common.ForgeConfigSpec/CORE]: The comment on key Lemurians.lemurianMaxGroupSize does not match the spec. This may create a backup.
[05Jan2026 06:00:22.738] [Server thread/WARN] [net.minecraftforge.common.ForgeConfigSpec/CORE]: Incorrect key Lemurians.enableLemurianDespawn was corrected from null to its default, true. 
[05Jan2026 06:00:22.738] [Server thread/DEBUG] [net.minecraftforge.common.ForgeConfigSpec/CORE]: The comment on key Lemurians.enableLemurianDespawn does not match the spec. This may create a backup.
[05Jan2026 06:00:22.739] [Server thread/WARN] [net.minecraftforge.common.ForgeConfigSpec/CORE]: Incorrect key StoneGolems was corrected from null to its default, SimpleCommentedConfig:{}. 
[05Jan2026 06:00:22.739] [Server thread/WARN] [net.minecraftforge.common.ForgeConfigSpec/CORE]: Incorrect key StoneGolems.stoneGolemOverworldSpawnWeight was corrected from null to its default, 10. 
[05Jan2026 06:00:22.739] [Server thread/DEBUG] [net.minecraftforge.common.ForgeConfigSpec/CORE]: The comment on key StoneGolems.stoneGolemOverworldSpawnWeight does not match the spec. This may create a backup.
[05Jan2026 06:00:22.739] [Server thread/WARN] [net.minecraftforge.common.ForgeConfigSpec/CORE]: Incorrect key StoneGolems.stoneGolemNetherSpawnWeight was corrected from null to its default, 1. 
[05Jan2026 06:00:22.740] [Server thread/DEBUG] [net.minecraftforge.common.ForgeConfigSpec/CORE]: The comment on key StoneGolems.stoneGolemNetherSpawnWeight does not match the spec. This may create a backup.
[05Jan2026 06:00:22.740] [Server thread/WARN] [net.minecraftforge.common.ForgeConfigSpec/CORE]: Incorrect key StoneGolems.stoneGolemMinGroupSize was corrected from null to its default, 1. 
[05Jan2026 06:00:22.740] [Server thread/DEBUG] [net.minecraftforge.common.ForgeConfigSpec/CORE]: The comment on key StoneGolems.stoneGolemMinGroupSize does not match the spec. This may create a backup.
[05Jan2026 06:00:22.740] [Server thread/WARN] [net.minecraftforge.common.ForgeConfigSpec/CORE]: Incorrect key StoneGolems.stoneGolemMaxGroupSize was corrected from null to its default, 1. 
[05Jan2026 06:00:22.740] [Server thread/DEBUG] [net.minecraftforge.common.ForgeConfigSpec/CORE]: The comment on key StoneGolems.stoneGolemMaxGroupSize does not match the spec. This may create a backup.
[05Jan2026 06:00:22.740] [Server thread/WARN] [net.minecraftforge.common.ForgeConfigSpec/CORE]: Incorrect key StoneGolems.enableStoneGolemDespawn was corrected from null to its default, false. 
[05Jan2026 06:00:22.740] [Server thread/DEBUG] [net.minecraftforge.common.ForgeConfigSpec/CORE]: The comment on key StoneGolems.enableStoneGolemDespawn does not match the spec. This may create a backup.
[05Jan2026 06:00:22.741] [Server thread/WARN] [net.minecraftforge.common.ForgeConfigSpec/CORE]: Incorrect key Sounds was corrected from null to its default, SimpleCommentedConfig:{}. 
[05Jan2026 06:00:22.741] [Server thread/WARN] [net.minecraftforge.common.ForgeConfigSpec/CORE]: Incorrect key Sounds.enableDeathSound was corrected from null to its default, true. 
[05Jan2026 06:00:22.741] [Server thread/DEBUG] [net.minecraftforge.common.ForgeConfigSpec/CORE]: The comment on key Sounds.enableDeathSound does not match the spec. This may create a backup.
[05Jan2026 06:00:22.741] [Thread-1/DEBUG] [net.minecraftforge.fml.config.ConfigFileTypeHandler/CONFIG]: Config file riskofrain_mobs-server.toml changed, sending notifies
[05Jan2026 06:00:22.742] [Server thread/DEBUG] [net.minecraftforge.fml.config.ConfigFileTypeHandler/CONFIG]: Built TOML config for ./world/serverconfig/jei-server.toml
[05Jan2026 06:00:22.742] [Thread-1/DEBUG] [net.minecraftforge.fml.config.ConfigFileTypeHandler/CONFIG]: Config file riskofrain_mobs-server.toml changed, sending notifies
[05Jan2026 06:00:22.742] [Server thread/DEBUG] [net.minecraftforge.fml.config.ConfigFileTypeHandler/CONFIG]: Loaded TOML config file ./world/serverconfig/jei-server.toml
[05Jan2026 06:00:22.742] [Server thread/DEBUG] [net.minecraftforge.fml.config.ConfigFileTypeHandler/CONFIG]: Watching TOML config file ./world/serverconfig/jei-server.toml for changes
[05Jan2026 06:00:22.742] [Server thread/WARN] [net.minecraftforge.common.ForgeConfigSpec/CORE]: Configuration file ./world/serverconfig/jei-server.toml is not correct. Correcting
[05Jan2026 06:00:22.743] [Server thread/WARN] [net.minecraftforge.common.ForgeConfigSpec/CORE]: Incorrect key cheat mode was corrected from null to its default, SimpleCommentedConfig:{}. 
[05Jan2026 06:00:22.743] [Server thread/WARN] [net.minecraftforge.common.ForgeConfigSpec/CORE]: Incorrect key cheat mode.enableCheatModeForOp was corrected from null to its default, true. 
[05Jan2026 06:00:22.743] [Server thread/DEBUG] [net.minecraftforge.common.ForgeConfigSpec/CORE]: The comment on key cheat mode.enableCheatModeForOp does not match the spec. This may create a backup.
[05Jan2026 06:00:22.743] [Server thread/WARN] [net.minecraftforge.common.ForgeConfigSpec/CORE]: Incorrect key cheat mode.enableCheatModeForCreative was corrected from null to its default, true. 
[05Jan2026 06:00:22.743] [Server thread/DEBUG] [net.minecraftforge.common.ForgeConfigSpec/CORE]: The comment on key cheat mode.enableCheatModeForCreative does not match the spec. This may create a backup.
[05Jan2026 06:00:22.744] [Server thread/WARN] [net.minecraftforge.common.ForgeConfigSpec/CORE]: Incorrect key cheat mode.enableCheatModeForGive was corrected from null to its default, false. 
[05Jan2026 06:00:22.744] [Server thread/DEBUG] [net.minecraftforge.common.ForgeConfigSpec/CORE]: The comment on key cheat mode.enableCheatModeForGive does not match the spec. This may create a backup.
[05Jan2026 06:00:22.744] [Server thread/DEBUG] [net.minecraftforge.fml.config.ConfigFileTypeHandler/CONFIG]: Built TOML config for ./world/serverconfig/journeymap-server.toml
[05Jan2026 06:00:22.745] [Server thread/DEBUG] [net.minecraftforge.fml.config.ConfigFileTypeHandler/CONFIG]: Loaded TOML config file ./world/serverconfig/journeymap-server.toml
[05Jan2026 06:00:22.745] [Server thread/DEBUG] [net.minecraftforge.fml.config.ConfigFileTypeHandler/CONFIG]: Watching TOML config file ./world/serverconfig/journeymap-server.toml for changes
[05Jan2026 06:00:22.745] [Server thread/WARN] [net.minecraftforge.common.ForgeConfigSpec/CORE]: Configuration file ./world/serverconfig/journeymap-server.toml is not correct. Correcting
[05Jan2026 06:00:22.745] [Server thread/WARN] [net.minecraftforge.common.ForgeConfigSpec/CORE]: Incorrect key admins was corrected from null to its default, SimpleCommentedConfig:{}. 
[05Jan2026 06:00:22.745] [Server thread/WARN] [net.minecraftforge.common.ForgeConfigSpec/CORE]: Incorrect key admins.opAccess was corrected from null to its default, true. 
[05Jan2026 06:00:22.746] [Server thread/DEBUG] [net.minecraftforge.common.ForgeConfigSpec/CORE]: The comment on key admins.opAccess does not match the spec. This may create a backup.
[05Jan2026 06:00:22.746] [Server thread/DEBUG] [net.minecraftforge.common.ForgeConfigSpec/CORE]: List on key serverAdmins is deemed to need correction. It is null, not a list, or an empty list. Modders, consider defineListAllowEmpty?
[05Jan2026 06:00:22.746] [Server thread/WARN] [net.minecraftforge.common.ForgeConfigSpec/CORE]: Incorrect key admins.serverAdmins was corrected from null to its default, [mysticdrew, 79f597fe-2877-4ecb-acdf-8c58cc1854ca]. 
[05Jan2026 06:00:22.746] [Server thread/DEBUG] [net.minecraftforge.common.ForgeConfigSpec/CORE]: The comment on key admins.serverAdmins does not match the spec. This may create a backup.
[05Jan2026 06:00:22.749] [Thread-1/DEBUG] [net.minecraftforge.fml.config.ConfigFileTypeHandler/CONFIG]: Config file journeymap-server.toml changed, sending notifies
[05Jan2026 06:00:22.750] [Thread-1/INFO] [journeymap/]: Loading JourneyMap Forge Configs
[05Jan2026 06:00:22.751] [Server thread/INFO] [journeymap/]: Loading JourneyMap Forge Configs
[05Jan2026 06:00:22.752] [Server thread/DEBUG] [net.minecraftforge.fml.config.ConfigFileTypeHandler/CONFIG]: Built TOML config for ./world/serverconfig/morevanillashields-server.toml
[05Jan2026 06:00:22.753] [Server thread/DEBUG] [net.minecraftforge.fml.config.ConfigFileTypeHandler/CONFIG]: Loaded TOML config file ./world/serverconfig/morevanillashields-server.toml
[05Jan2026 06:00:22.753] [Server thread/DEBUG] [net.minecraftforge.fml.config.ConfigFileTypeHandler/CONFIG]: Watching TOML config file ./world/serverconfig/morevanillashields-server.toml for changes
[05Jan2026 06:00:22.753] [Server thread/WARN] [net.minecraftforge.common.ForgeConfigSpec/CORE]: Configuration file ./world/serverconfig/morevanillashields-server.toml is not correct. Correcting
[05Jan2026 06:00:22.753] [Server thread/WARN] [net.minecraftforge.common.ForgeConfigSpec/CORE]: Incorrect key Config for More Vanilla Shields! was corrected from null to its default, SimpleCommentedConfig:{}. 
[05Jan2026 06:00:22.754] [Server thread/WARN] [net.minecraftforge.common.ForgeConfigSpec/CORE]: Incorrect key Config for More Vanilla Shields!.enableTooltips was corrected from null to its default, true. 
[05Jan2026 06:00:22.754] [Server thread/DEBUG] [net.minecraftforge.common.ForgeConfigSpec/CORE]: The comment on key Config for More Vanilla Shields!.enableTooltips does not match the spec. This may create a backup.
[05Jan2026 06:00:22.754] [Server thread/WARN] [net.minecraftforge.common.ForgeConfigSpec/CORE]: Incorrect key Config for More Vanilla Shields!.leatherShieldDurability was corrected from null to its default, 196. 
[05Jan2026 06:00:22.754] [Server thread/DEBUG] [net.minecraftforge.common.ForgeConfigSpec/CORE]: The comment on key Config for More Vanilla Shields!.leatherShieldDurability does not match the spec. This may create a backup.
[05Jan2026 06:00:22.754] [Server thread/WARN] [net.minecraftforge.common.ForgeConfigSpec/CORE]: Incorrect key Config for More Vanilla Shields!.goldShieldDurability was corrected from null to its default, 322. 
[05Jan2026 06:00:22.754] [Server thread/DEBUG] [net.minecraftforge.common.ForgeConfigSpec/CORE]: The comment on key Config for More Vanilla Shields!.goldShieldDurability does not match the spec. This may create a backup.
[05Jan2026 06:00:22.754] [Server thread/WARN] [net.minecraftforge.common.ForgeConfigSpec/CORE]: Incorrect key Config for More Vanilla Shields!.diamondShieldDurability was corrected from null to its default, 512. 
[05Jan2026 06:00:22.755] [Server thread/DEBUG] [net.minecraftforge.common.ForgeConfigSpec/CORE]: The comment on key Config for More Vanilla Shields!.diamondShieldDurability does not match the spec. This may create a backup.
[05Jan2026 06:00:22.755] [Server thread/WARN] [net.minecraftforge.common.ForgeConfigSpec/CORE]: Incorrect key Config for More Vanilla Shields!.glassShieldDurability was corrected from null to its default, 300. 
[05Jan2026 06:00:22.755] [Server thread/DEBUG] [net.minecraftforge.common.ForgeConfigSpec/CORE]: The comment on key Config for More Vanilla Shields!.glassShieldDurability does not match the spec. This may create a backup.
[05Jan2026 06:00:22.755] [Server thread/WARN] [net.minecraftforge.common.ForgeConfigSpec/CORE]: Incorrect key Config for More Vanilla Shields!.tintedGlassShieldDurability was corrected from null to its default, 300. 
[05Jan2026 06:00:22.755] [Server thread/DEBUG] [net.minecraftforge.common.ForgeConfigSpec/CORE]: The comment on key Config for More Vanilla Shields!.tintedGlassShieldDurability does not match the spec. This may create a backup.
[05Jan2026 06:00:22.755] [Server thread/WARN] [net.minecraftforge.common.ForgeConfigSpec/CORE]: Incorrect key Config for More Vanilla Shields!.brownStainedGlassShieldDurability was corrected from null to its default, 300. 
[05Jan2026 06:00:22.755] [Server thread/DEBUG] [net.minecraftforge.common.ForgeConfigSpec/CORE]: The comment on key Config for More Vanilla Shields!.brownStainedGlassShieldDurability does not match the spec. This may create a backup.
[05Jan2026 06:00:22.756] [Server thread/WARN] [net.minecraftforge.common.ForgeConfigSpec/CORE]: Incorrect key Config for More Vanilla Shields!.blueStainedGlassShieldDurability was corrected from null to its default, 300. 
[05Jan2026 06:00:22.756] [Server thread/DEBUG] [net.minecraftforge.common.ForgeConfigSpec/CORE]: The comment on key Config for More Vanilla Shields!.blueStainedGlassShieldDurability does not match the spec. This may create a backup.
[05Jan2026 06:00:22.756] [Server thread/WARN] [net.minecraftforge.common.ForgeConfigSpec/CORE]: Incorrect key Config for More Vanilla Shields!.cyanStainedGlassShieldDurability was corrected from null to its default, 300. 
[05Jan2026 06:00:22.756] [Server thread/DEBUG] [net.minecraftforge.common.ForgeConfigSpec/CORE]: The comment on key Config for More Vanilla Shields!.cyanStainedGlassShieldDurability does not match the spec. This may create a backup.
[05Jan2026 06:00:22.756] [Server thread/WARN] [net.minecraftforge.common.ForgeConfigSpec/CORE]: Incorrect key Config for More Vanilla Shields!.lightBlueStainedGlassShieldDurability was corrected from null to its default, 300. 
[05Jan2026 06:00:22.756] [Server thread/DEBUG] [net.minecraftforge.common.ForgeConfigSpec/CORE]: The comment on key Config for More Vanilla Shields!.lightBlueStainedGlassShieldDurability does not match the spec. This may create a backup.
[05Jan2026 06:00:22.756] [Server thread/WARN] [net.minecraftforge.common.ForgeConfigSpec/CORE]: Incorrect key Config for More Vanilla Shields!.greenStainedGlassShieldDurability was corrected from null to its default, 300. 
[05Jan2026 06:00:22.756] [Server thread/DEBUG] [net.minecraftforge.common.ForgeConfigSpec/CORE]: The comment on key Config for More Vanilla Shields!.greenStainedGlassShieldDurability does not match the spec. This may create a backup.
[05Jan2026 06:00:22.756] [Server thread/WARN] [net.minecraftforge.common.ForgeConfigSpec/CORE]: Incorrect key Config for More Vanilla Shields!.limeStainedGlassShieldDurability was corrected from null to its default, 300. 
[05Jan2026 06:00:22.757] [Server thread/DEBUG] [net.minecraftforge.common.ForgeConfigSpec/CORE]: The comment on key Config for More Vanilla Shields!.limeStainedGlassShieldDurability does not match the spec. This may create a backup.
[05Jan2026 06:00:22.757] [Server thread/WARN] [net.minecraftforge.common.ForgeConfigSpec/CORE]: Incorrect key Config for More Vanilla Shields!.yellowStainedGlassShieldDurability was corrected from null to its default, 300. 
[05Jan2026 06:00:22.757] [Server thread/DEBUG] [net.minecraftforge.common.ForgeConfigSpec/CORE]: The comment on key Config for More Vanilla Shields!.yellowStainedGlassShieldDurability does not match the spec. This may create a backup.
[05Jan2026 06:00:22.757] [Server thread/WARN] [net.minecraftforge.common.ForgeConfigSpec/CORE]: Incorrect key Config for More Vanilla Shields!.pinkStainedGlassShieldDurability was corrected from null to its default, 300. 
[05Jan2026 06:00:22.757] [Server thread/DEBUG] [net.minecraftforge.common.ForgeConfigSpec/CORE]: The comment on key Config for More Vanilla Shields!.pinkStainedGlassShieldDurability does not match the spec. This may create a backup.
[05Jan2026 06:00:22.757] [Server thread/WARN] [net.minecraftforge.common.ForgeConfigSpec/CORE]: Incorrect key Config for More Vanilla Shields!.orangeStainedGlassShieldDurability was corrected from null to its default, 300. 
[05Jan2026 06:00:22.757] [Server thread/DEBUG] [net.minecraftforge.common.ForgeConfigSpec/CORE]: The comment on key Config for More Vanilla Shields!.orangeStainedGlassShieldDurability does not match the spec. This may create a backup.
[05Jan2026 06:00:22.757] [Server thread/WARN] [net.minecraftforge.common.ForgeConfigSpec/CORE]: Incorrect key Config for More Vanilla Shields!.redStainedGlassShieldDurability was corrected from null to its default, 300. 
[05Jan2026 06:00:22.758] [Server thread/DEBUG] [net.minecraftforge.common.ForgeConfigSpec/CORE]: The comment on key Config for More Vanilla Shields!.redStainedGlassShieldDurability does not match the spec. This may create a backup.
[05Jan2026 06:00:22.758] [Server thread/WARN] [net.minecraftforge.common.ForgeConfigSpec/CORE]: Incorrect key Config for More Vanilla Shields!.netheriteShieldDurability was corrected from null to its default, 2042. 
[05Jan2026 06:00:22.758] [Server thread/DEBUG] [net.minecraftforge.common.ForgeConfigSpec/CORE]: The comment on key Config for More Vanilla Shields!.netheriteShieldDurability does not match the spec. This may create a backup.
[05Jan2026 06:00:22.758] [Server thread/WARN] [net.minecraftforge.common.ForgeConfigSpec/CORE]: Incorrect key Config for More Vanilla Shields!.emeraldShieldDurability was corrected from null to its default, 512. 
[05Jan2026 06:00:22.758] [Server thread/DEBUG] [net.minecraftforge.common.ForgeConfigSpec/CORE]: The comment on key Config for More Vanilla Shields!.emeraldShieldDurability does not match the spec. This may create a backup.
[05Jan2026 06:00:22.758] [Server thread/WARN] [net.minecraftforge.common.ForgeConfigSpec/CORE]: Incorrect key Config for More Vanilla Shields!.amethystShieldDurability was corrected from null to its default, 432. 
[05Jan2026 06:00:22.758] [Server thread/DEBUG] [net.minecraftforge.common.ForgeConfigSpec/CORE]: The comment on key Config for More Vanilla Shields!.amethystShieldDurability does not match the spec. This may create a backup.
[05Jan2026 06:00:22.758] [Server thread/WARN] [net.minecraftforge.common.ForgeConfigSpec/CORE]: Incorrect key Config for More Vanilla Shields!.obsidianShieldDurability was corrected from null to its default, 610. 
[05Jan2026 06:00:22.758] [Server thread/DEBUG] [net.minecraftforge.common.ForgeConfigSpec/CORE]: The comment on key Config for More Vanilla Shields!.obsidianShieldDurability does not match the spec. This may create a backup.
[05Jan2026 06:00:22.758] [Server thread/WARN] [net.minecraftforge.common.ForgeConfigSpec/CORE]: Incorrect key Config for More Vanilla Shields!.coalShieldDurability was corrected from null to its default, 268. 
[05Jan2026 06:00:22.759] [Server thread/DEBUG] [net.minecraftforge.common.ForgeConfigSpec/CORE]: The comment on key Config for More Vanilla Shields!.coalShieldDurability does not match the spec. This may create a backup.
[05Jan2026 06:00:22.759] [Server thread/WARN] [net.minecraftforge.common.ForgeConfigSpec/CORE]: Incorrect key Config for More Vanilla Shields!.endCrystalShieldDurability was corrected from null to its default, 750. 
[05Jan2026 06:00:22.759] [Server thread/DEBUG] [net.minecraftforge.common.ForgeConfigSpec/CORE]: The comment on key Config for More Vanilla Shields!.endCrystalShieldDurability does not match the spec. This may create a backup.
[05Jan2026 06:00:22.759] [Thread-1/DEBUG] [net.minecraftforge.fml.config.ConfigFileTypeHandler/CONFIG]: Config file morevanillashields-server.toml changed, sending notifies
[05Jan2026 06:00:22.759] [Thread-1/DEBUG] [net.minecraftforge.fml.config.ConfigFileTypeHandler/CONFIG]: Config file morevanillashields-server.toml changed, sending notifies
[05Jan2026 06:00:22.759] [Thread-1/DEBUG] [net.minecraftforge.fml.config.ConfigFileTypeHandler/CONFIG]: Config file morevanillashields-server.toml changed, sending notifies
[05Jan2026 06:00:22.760] [Server thread/DEBUG] [net.minecraftforge.fml.config.ConfigFileTypeHandler/CONFIG]: Built TOML config for ./world/serverconfig/dungeonnowloading-server.toml
[05Jan2026 06:00:22.760] [Server thread/DEBUG] [net.minecraftforge.fml.config.ConfigFileTypeHandler/CONFIG]: Loaded TOML config file ./world/serverconfig/dungeonnowloading-server.toml
[05Jan2026 06:00:22.760] [Server thread/DEBUG] [net.minecraftforge.fml.config.ConfigFileTypeHandler/CONFIG]: Watching TOML config file ./world/serverconfig/dungeonnowloading-server.toml for changes
[05Jan2026 06:00:22.760] [Server thread/WARN] [net.minecraftforge.common.ForgeConfigSpec/CORE]: Configuration file ./world/serverconfig/dungeonnowloading-server.toml is not correct. Correcting
[05Jan2026 06:00:22.760] [Server thread/WARN] [net.minecraftforge.common.ForgeConfigSpec/CORE]: Incorrect key general-settings was corrected from null to its default, SimpleCommentedConfig:{}. 
[05Jan2026 06:00:22.761] [Server thread/WARN] [net.minecraftforge.common.ForgeConfigSpec/CORE]: Incorrect key general-settings.toggle_helpful_tooltip was corrected from null to its default, true. 
[05Jan2026 06:00:22.761] [Server thread/DEBUG] [net.minecraftforge.common.ForgeConfigSpec/CORE]: The comment on key general-settings.toggle_helpful_tooltip does not match the spec. This may create a backup.
[05Jan2026 06:00:22.761] [Server thread/WARN] [net.minecraftforge.common.ForgeConfigSpec/CORE]: Incorrect key general-settings.toggle_destructive_blocks was corrected from null to its default, false. 
[05Jan2026 06:00:22.761] [Server thread/DEBUG] [net.minecraftforge.common.ForgeConfigSpec/CORE]: The comment on key general-settings.toggle_destructive_blocks does not match the spec. This may create a backup.
[05Jan2026 06:00:22.761] [Server thread/WARN] [net.minecraftforge.common.ForgeConfigSpec/CORE]: Incorrect key multiplayer-boss-scaling was corrected from null to its default, SimpleCommentedConfig:{}. 
[05Jan2026 06:00:22.762] [Server thread/WARN] [net.minecraftforge.common.ForgeConfigSpec/CORE]: Incorrect key multiplayer-boss-scaling.toggle_multiplayer_scaling was corrected from null to its default, true. 
[05Jan2026 06:00:22.762] [Server thread/DEBUG] [net.minecraftforge.common.ForgeConfigSpec/CORE]: The comment on key multiplayer-boss-scaling.toggle_multiplayer_scaling does not match the spec. This may create a backup.
[05Jan2026 06:00:22.762] [Server thread/WARN] [net.minecraftforge.common.ForgeConfigSpec/CORE]: Incorrect key multiplayer-boss-scaling.multiplayer_boss_health_scale was corrected from null to its default, 0.5. 
[05Jan2026 06:00:22.763] [Server thread/DEBUG] [net.minecraftforge.common.ForgeConfigSpec/CORE]: The comment on key multiplayer-boss-scaling.multiplayer_boss_health_scale does not match the spec. This may create a backup.
[05Jan2026 06:00:22.763] [Server thread/WARN] [net.minecraftforge.common.ForgeConfigSpec/CORE]: Incorrect key multiplayer-boss-scaling.multiplayer_boss_attack_scale was corrected from null to its default, 0.0. 
[05Jan2026 06:00:22.763] [Server thread/DEBUG] [net.minecraftforge.common.ForgeConfigSpec/CORE]: The comment on key multiplayer-boss-scaling.multiplayer_boss_attack_scale does not match the spec. This may create a backup.
[05Jan2026 06:00:22.763] [Thread-1/DEBUG] [net.minecraftforge.fml.config.ConfigFileTypeHandler/CONFIG]: Config file morevanillashields-server.toml changed, sending notifies
[05Jan2026 06:00:22.763] [Server thread/WARN] [net.minecraftforge.common.ForgeConfigSpec/CORE]: Incorrect key multiplayer-boss-scaling.multiplayer_boss_exhaustion_scale was corrected from null to its default, 0.5. 
[05Jan2026 06:00:22.763] [Server thread/DEBUG] [net.minecraftforge.common.ForgeConfigSpec/CORE]: The comment on key multiplayer-boss-scaling.multiplayer_boss_exhaustion_scale does not match the spec. This may create a backup.
[05Jan2026 06:00:22.764] [Server thread/WARN] [net.minecraftforge.common.ForgeConfigSpec/CORE]: Incorrect key multiplayer-boss-scaling.toggle_multiplayer_boss_loot was corrected from null to its default, true. 
[05Jan2026 06:00:22.764] [Server thread/DEBUG] [net.minecraftforge.common.ForgeConfigSpec/CORE]: The comment on key multiplayer-boss-scaling.toggle_multiplayer_boss_loot does not match the spec. This may create a backup.
[05Jan2026 06:00:22.764] [Server thread/WARN] [net.minecraftforge.common.ForgeConfigSpec/CORE]: Incorrect key boss-scaling was corrected from null to its default, SimpleCommentedConfig:{}. 
[05Jan2026 06:00:22.764] [Server thread/WARN] [net.minecraftforge.common.ForgeConfigSpec/CORE]: Incorrect key boss-scaling.boss_health_scale was corrected from null to its default, 1.0. 
[05Jan2026 06:00:22.765] [Server thread/DEBUG] [net.minecraftforge.common.ForgeConfigSpec/CORE]: The comment on key boss-scaling.boss_health_scale does not match the spec. This may create a backup.
[05Jan2026 06:00:22.765] [Server thread/WARN] [net.minecraftforge.common.ForgeConfigSpec/CORE]: Incorrect key boss-scaling.boss_damage_scale was corrected from null to its default, 1.0. 
[05Jan2026 06:00:22.765] [Server thread/DEBUG] [net.minecraftforge.common.ForgeConfigSpec/CORE]: The comment on key boss-scaling.boss_damage_scale does not match the spec. This may create a backup.
[05Jan2026 06:00:22.765] [Server thread/WARN] [net.minecraftforge.common.ForgeConfigSpec/CORE]: Incorrect key boss-scaling.toggle_boss_reset was corrected from null to its default, true. 
[05Jan2026 06:00:22.765] [Server thread/DEBUG] [net.minecraftforge.common.ForgeConfigSpec/CORE]: The comment on key boss-scaling.toggle_boss_reset does not match the spec. This may create a backup.
[05Jan2026 06:00:22.766] [Server thread/WARN] [net.minecraftforge.common.ForgeConfigSpec/CORE]: Incorrect key mob-scaling-config was corrected from null to its default, SimpleCommentedConfig:{}. 
[05Jan2026 06:00:22.766] [Server thread/WARN] [net.minecraftforge.common.ForgeConfigSpec/CORE]: Incorrect key mob-scaling-config.dungeon_mob_health_scale was corrected from null to its default, 1.0. 
[05Jan2026 06:00:22.767] [Server thread/DEBUG] [net.minecraftforge.common.ForgeConfigSpec/CORE]: The comment on key mob-scaling-config.dungeon_mob_health_scale does not match the spec. This may create a backup.
[05Jan2026 06:00:22.767] [Server thread/WARN] [net.minecraftforge.common.ForgeConfigSpec/CORE]: Incorrect key mob-scaling-config.dungeon_mob_attack_scale was corrected from null to its default, 1.0. 
[05Jan2026 06:00:22.767] [Server thread/DEBUG] [net.minecraftforge.common.ForgeConfigSpec/CORE]: The comment on key mob-scaling-config.dungeon_mob_attack_scale does not match the spec. This may create a backup.
[05Jan2026 06:00:22.768] [Server thread/WARN] [net.minecraftforge.common.ForgeConfigSpec/CORE]: Incorrect key pvp-settings was corrected from null to its default, SimpleCommentedConfig:{}. 
[05Jan2026 06:00:22.768] [Server thread/WARN] [net.minecraftforge.common.ForgeConfigSpec/CORE]: Incorrect key pvp-settings.toggle_pvp was corrected from null to its default, false. 
[05Jan2026 06:00:22.768] [Server thread/DEBUG] [net.minecraftforge.common.ForgeConfigSpec/CORE]: The comment on key pvp-settings.toggle_pvp does not match the spec. This may create a backup.
[05Jan2026 06:00:22.768] [Thread-1/DEBUG] [net.minecraftforge.fml.config.ConfigFileTypeHandler/CONFIG]: Config file dungeonnowloading-server.toml changed, sending notifies
[05Jan2026 06:00:22.769] [Thread-1/DEBUG] [net.minecraftforge.fml.config.ConfigFileTypeHandler/CONFIG]: Config file dungeonnowloading-server.toml changed, sending notifies
[05Jan2026 06:00:22.769] [Thread-1/DEBUG] [net.minecraftforge.fml.config.ConfigFileTypeHandler/CONFIG]: Config file dungeonnowloading-server.toml changed, sending notifies
[05Jan2026 06:00:22.769] [Server thread/DEBUG] [net.minecraftforge.fml.config.ConfigFileTypeHandler/CONFIG]: Built TOML config for ./world/serverconfig/forge-server.toml
[05Jan2026 06:00:22.769] [Server thread/DEBUG] [net.minecraftforge.fml.config.ConfigFileTypeHandler/CONFIG]: Loaded TOML config file ./world/serverconfig/forge-server.toml
[05Jan2026 06:00:22.769] [Server thread/DEBUG] [net.minecraftforge.fml.config.ConfigFileTypeHandler/CONFIG]: Watching TOML config file ./world/serverconfig/forge-server.toml for changes
[05Jan2026 06:00:22.769] [Server thread/WARN] [net.minecraftforge.common.ForgeConfigSpec/CORE]: Configuration file ./world/serverconfig/forge-server.toml is not correct. Correcting
[05Jan2026 06:00:22.770] [Server thread/WARN] [net.minecraftforge.common.ForgeConfigSpec/CORE]: Incorrect key server was corrected from null to its default, SimpleCommentedConfig:{}. 
[05Jan2026 06:00:22.770] [Server thread/WARN] [net.minecraftforge.common.ForgeConfigSpec/CORE]: Incorrect key server.removeErroringBlockEntities was corrected from null to its default, false. 
[05Jan2026 06:00:22.770] [Server thread/DEBUG] [net.minecraftforge.common.ForgeConfigSpec/CORE]: The comment on key server.removeErroringBlockEntities does not match the spec. This may create a backup.
[05Jan2026 06:00:22.770] [Server thread/WARN] [net.minecraftforge.common.ForgeConfigSpec/CORE]: Incorrect key server.removeErroringEntities was corrected from null to its default, false. 
[05Jan2026 06:00:22.771] [Server thread/DEBUG] [net.minecraftforge.common.ForgeConfigSpec/CORE]: The comment on key server.removeErroringEntities does not match the spec. This may create a backup.
[05Jan2026 06:00:22.771] [Server thread/WARN] [net.minecraftforge.common.ForgeConfigSpec/CORE]: Incorrect key server.fullBoundingBoxLadders was corrected from null to its default, false. 
[05Jan2026 06:00:22.771] [Server thread/DEBUG] [net.minecraftforge.common.ForgeConfigSpec/CORE]: The comment on key server.fullBoundingBoxLadders does not match the spec. This may create a backup.
[05Jan2026 06:00:22.771] [Server thread/WARN] [net.minecraftforge.common.ForgeConfigSpec/CORE]: Incorrect key server.zombieBaseSummonChance was corrected from null to its default, 0.1. 
[05Jan2026 06:00:22.771] [Server thread/DEBUG] [net.minecraftforge.common.ForgeConfigSpec/CORE]: The comment on key server.zombieBaseSummonChance does not match the spec. This may create a backup.
[05Jan2026 06:00:22.771] [Thread-1/DEBUG] [net.minecraftforge.fml.config.ConfigFileTypeHandler/CONFIG]: Config file dungeonnowloading-server.toml changed, sending notifies
[05Jan2026 06:00:22.771] [Server thread/WARN] [net.minecraftforge.common.ForgeConfigSpec/CORE]: Incorrect key server.zombieBabyChance was corrected from null to its default, 0.05. 
[05Jan2026 06:00:22.773] [Server thread/DEBUG] [net.minecraftforge.common.ForgeConfigSpec/CORE]: The comment on key server.zombieBabyChance does not match the spec. This may create a backup.
[05Jan2026 06:00:22.773] [Server thread/WARN] [net.minecraftforge.common.ForgeConfigSpec/CORE]: Incorrect key server.permissionHandler was corrected from null to its default, forge:default_handler. 
[05Jan2026 06:00:22.773] [Server thread/DEBUG] [net.minecraftforge.common.ForgeConfigSpec/CORE]: The comment on key server.permissionHandler does not match the spec. This may create a backup.
[05Jan2026 06:00:22.773] [Server thread/WARN] [net.minecraftforge.common.ForgeConfigSpec/CORE]: Incorrect key server.advertiseDedicatedServerToLan was corrected from null to its default, true. 
[05Jan2026 06:00:22.774] [Server thread/DEBUG] [net.minecraftforge.common.ForgeConfigSpec/CORE]: The comment on key server.advertiseDedicatedServerToLan does not match the spec. This may create a backup.
[05Jan2026 06:00:22.774] [Server thread/DEBUG] [net.minecraftforge.common.ForgeConfigSpec/CORE]: The comment on key server does not match the spec. This may create a backup.
[05Jan2026 06:00:22.774] [Thread-1/DEBUG] [net.minecraftforge.fml.config.ConfigFileTypeHandler/CONFIG]: Config file forge-server.toml changed, sending notifies
[05Jan2026 06:00:22.775] [Server thread/DEBUG] [net.minecraftforge.common.ForgeConfig/FORGEMOD]: Loaded forge config file forge-server.toml
[05Jan2026 06:00:22.775] [Server thread/DEBUG] [net.minecraftforge.fml.config.ConfigFileTypeHandler/CONFIG]: Built TOML config for ./world/serverconfig/curios-server.toml
[05Jan2026 06:00:22.775] [Thread-1/DEBUG] [net.minecraftforge.common.ForgeConfig/FORGEMOD]: Forge config just got changed on the file system!
[05Jan2026 06:00:22.776] [Server thread/DEBUG] [net.minecraftforge.fml.config.ConfigFileTypeHandler/CONFIG]: Loaded TOML config file ./world/serverconfig/curios-server.toml
[05Jan2026 06:00:22.776] [Server thread/DEBUG] [net.minecraftforge.fml.config.ConfigFileTypeHandler/CONFIG]: Watching TOML config file ./world/serverconfig/curios-server.toml for changes
[05Jan2026 06:00:22.776] [Server thread/WARN] [net.minecraftforge.common.ForgeConfigSpec/CORE]: Configuration file ./world/serverconfig/curios-server.toml is not correct. Correcting
[05Jan2026 06:00:22.777] [Server thread/WARN] [net.minecraftforge.common.ForgeConfigSpec/CORE]: Incorrect key keepCurios was corrected from null to its default, DEFAULT. 
[05Jan2026 06:00:22.778] [Server thread/DEBUG] [net.minecraftforge.common.ForgeConfigSpec/CORE]: The comment on key keepCurios does not match the spec. This may create a backup.
[05Jan2026 06:00:22.780] [Server thread/WARN] [net.minecraftforge.common.ForgeConfigSpec/CORE]: Incorrect key menu was corrected from null to its default, SimpleCommentedConfig:{}. 
[05Jan2026 06:00:22.780] [Server thread/WARN] [net.minecraftforge.common.ForgeConfigSpec/CORE]: Incorrect key menu.enableLegacyMenu was corrected from null to its default, false. 
[05Jan2026 06:00:22.781] [Server thread/DEBUG] [net.minecraftforge.common.ForgeConfigSpec/CORE]: The comment on key menu.enableLegacyMenu does not match the spec. This may create a backup.
[05Jan2026 06:00:22.781] [Server thread/WARN] [net.minecraftforge.common.ForgeConfigSpec/CORE]: Incorrect key menu.experimental was corrected from null to its default, SimpleCommentedConfig:{}. 
[05Jan2026 06:00:22.781] [Server thread/WARN] [net.minecraftforge.common.ForgeConfigSpec/CORE]: Incorrect key menu.experimental.minimumColumns was corrected from null to its default, 1. 
[05Jan2026 06:00:22.784] [Server thread/DEBUG] [net.minecraftforge.common.ForgeConfigSpec/CORE]: The comment on key menu.experimental.minimumColumns does not match the spec. This may create a backup.
[05Jan2026 06:00:22.784] [Server thread/WARN] [net.minecraftforge.common.ForgeConfigSpec/CORE]: Incorrect key menu.experimental.maxSlotsPerPage was corrected from null to its default, 48. 
[05Jan2026 06:00:22.785] [Server thread/DEBUG] [net.minecraftforge.common.ForgeConfigSpec/CORE]: The comment on key menu.experimental.maxSlotsPerPage does not match the spec. This may create a backup.
[05Jan2026 06:00:22.785] [Thread-1/DEBUG] [net.minecraftforge.fml.config.ConfigFileTypeHandler/CONFIG]: Config file curios-server.toml changed, sending notifies
[05Jan2026 06:00:22.785] [Thread-1/DEBUG] [net.minecraftforge.fml.config.ConfigFileTypeHandler/CONFIG]: Config file curios-server.toml changed, sending notifies
[05Jan2026 06:00:22.786] [Thread-1/DEBUG] [net.minecraftforge.fml.config.ConfigFileTypeHandler/CONFIG]: Config file curios-server.toml changed, sending notifies
[05Jan2026 06:00:22.786] [Thread-1/DEBUG] [net.minecraftforge.fml.config.ConfigFileTypeHandler/CONFIG]: Config file curios-server.toml changed, sending notifies
[05Jan2026 06:00:22.786] [Server thread/DEBUG] [net.minecraftforge.fml.config.ConfigFileTypeHandler/CONFIG]: Built TOML config for ./world/serverconfig/gravestone-server.toml
[05Jan2026 06:00:22.786] [Server thread/DEBUG] [net.minecraftforge.fml.config.ConfigFileTypeHandler/CONFIG]: Loaded TOML config file ./world/serverconfig/gravestone-server.toml
[05Jan2026 06:00:22.787] [Server thread/DEBUG] [net.minecraftforge.fml.config.ConfigFileTypeHandler/CONFIG]: Watching TOML config file ./world/serverconfig/gravestone-server.toml for changes
[05Jan2026 06:00:22.787] [Server thread/WARN] [net.minecraftforge.common.ForgeConfigSpec/CORE]: Configuration file ./world/serverconfig/gravestone-server.toml is not correct. Correcting
[05Jan2026 06:00:22.787] [Server thread/WARN] [net.minecraftforge.common.ForgeConfigSpec/CORE]: Incorrect key enable_obituary was corrected from null to its default, true. 
[05Jan2026 06:00:22.788] [Server thread/DEBUG] [net.minecraftforge.common.ForgeConfigSpec/CORE]: The comment on key enable_obituary does not match the spec. This may create a backup.
[05Jan2026 06:00:22.788] [Server thread/DEBUG] [net.minecraftforge.common.ForgeConfigSpec/CORE]: List on key replaceable_blocks is deemed to need correction. It is null, not a list, or an empty list. Modders, consider defineListAllowEmpty?
[05Jan2026 06:00:22.789] [Server thread/WARN] [net.minecraftforge.common.ForgeConfigSpec/CORE]: Incorrect key replaceable_blocks was corrected from null to its default, [#gravestone:grave_replaceable]. 
[05Jan2026 06:00:22.789] [Server thread/DEBUG] [net.minecraftforge.common.ForgeConfigSpec/CORE]: The comment on key replaceable_blocks does not match the spec. This may create a backup.
[05Jan2026 06:00:22.790] [Server thread/WARN] [net.minecraftforge.common.ForgeConfigSpec/CORE]: Incorrect key remove_obituary was corrected from null to its default, false. 
[05Jan2026 06:00:22.791] [Server thread/DEBUG] [net.minecraftforge.common.ForgeConfigSpec/CORE]: The comment on key remove_obituary does not match the spec. This may create a backup.
[05Jan2026 06:00:22.791] [Server thread/WARN] [net.minecraftforge.common.ForgeConfigSpec/CORE]: Incorrect key only_owners_can_break was corrected from null to its default, false. 
[05Jan2026 06:00:22.792] [Server thread/DEBUG] [net.minecraftforge.common.ForgeConfigSpec/CORE]: The comment on key only_owners_can_break does not match the spec. This may create a backup.
[05Jan2026 06:00:22.792] [Server thread/WARN] [net.minecraftforge.common.ForgeConfigSpec/CORE]: Incorrect key spawn_ghost was corrected from null to its default, false. 
[05Jan2026 06:00:22.793] [Server thread/DEBUG] [net.minecraftforge.common.ForgeConfigSpec/CORE]: The comment on key spawn_ghost does not match the spec. This may create a backup.
[05Jan2026 06:00:22.794] [Server thread/WARN] [net.minecraftforge.common.ForgeConfigSpec/CORE]: Incorrect key friendly_ghost was corrected from null to its default, true. 
[05Jan2026 06:00:22.795] [Server thread/DEBUG] [net.minecraftforge.common.ForgeConfigSpec/CORE]: The comment on key friendly_ghost does not match the spec. This may create a backup.
[05Jan2026 06:00:22.797] [Server thread/WARN] [net.minecraftforge.common.ForgeConfigSpec/CORE]: Incorrect key sneak_pickup was corrected from null to its default, false. 
[05Jan2026 06:00:22.797] [Server thread/DEBUG] [net.minecraftforge.common.ForgeConfigSpec/CORE]: The comment on key sneak_pickup does not match the spec. This may create a backup.
[05Jan2026 06:00:22.797] [Server thread/WARN] [net.minecraftforge.common.ForgeConfigSpec/CORE]: Incorrect key break_pickup was corrected from null to its default, true. 
[05Jan2026 06:00:22.798] [Server thread/DEBUG] [net.minecraftforge.common.ForgeConfigSpec/CORE]: The comment on key break_pickup does not match the spec. This may create a backup.
[05Jan2026 06:00:22.800] [Thread-1/DEBUG] [net.minecraftforge.fml.config.ConfigFileTypeHandler/CONFIG]: Config file gravestone-server.toml changed, sending notifies
[05Jan2026 06:00:22.805] [Server thread/DEBUG] [mixin/]: Mixing accessor.BiomeSpecialEffectsBuilderForgeAccessor from puzzleslib.forge.mixins.json into net.minecraft.world.level.biome.BiomeSpecialEffects$Builder
[05Jan2026 06:00:22.838] [Server thread/DEBUG] [com.github.alexthe666.iceandfire.IceAndFire/]: Added the following features to the biome [biomesoplenty:auroral_garden]: 
	- iceandfire:frost_lily
	- iceandfire:silver_ore
	- iceandfire:sapphire_ore
	- iceandfire:ice_dragon_roost
	- iceandfire:ice_dragon_cave
	- iceandfire:spawn_dragon_skeleton_ice
[05Jan2026 06:00:22.843] [Server thread/DEBUG] [com.github.alexthe666.iceandfire.IceAndFire/]: Added the following features to the biome [minecraft:badlands]: 
	- iceandfire:silver_ore
	- iceandfire:lightning_dragon_roost
	- iceandfire:lightning_dragon_cave
[05Jan2026 06:00:22.849] [Server thread/DEBUG] [com.github.alexthe666.iceandfire.IceAndFire/]: Added the following features to the biome [minecraft:bamboo_jungle]: 
	- iceandfire:fire_lily
	- iceandfire:silver_ore
	- iceandfire:lightning_dragon_roost
	- iceandfire:lightning_dragon_cave
	- iceandfire:myrmex_hive_jungle
[05Jan2026 06:00:22.857] [Server thread/DEBUG] [com.github.alexthe666.iceandfire.IceAndFire/]: Added the following features to the biome [biomesoplenty:bayou]: 
	- iceandfire:fire_lily
	- iceandfire:silver_ore
	- iceandfire:fire_dragon_roost
	- iceandfire:fire_dragon_cave
	- iceandfire:hydra_cave
	- iceandfire:spawn_stymphalian_bird
[05Jan2026 06:00:22.862] [Server thread/DEBUG] [com.github.alexthe666.iceandfire.IceAndFire/]: Added the following features to the biome [minecraft:beach]: 
	- iceandfire:silver_ore
	- iceandfire:cyclops_cave
[05Jan2026 06:00:22.867] [Server thread/DEBUG] [com.github.alexthe666.iceandfire.IceAndFire/]: Added the following features to the biome [minecraft:birch_forest]: 
	- iceandfire:silver_ore
[05Jan2026 06:00:22.873] [Server thread/DEBUG] [com.github.alexthe666.iceandfire.IceAndFire/]: Added the following features to the biome [biomesoplenty:bog]: 
	- iceandfire:silver_ore
	- iceandfire:ice_dragon_roost
	- iceandfire:ice_dragon_cave
	- iceandfire:hydra_cave
	- iceandfire:spawn_stymphalian_bird
[05Jan2026 06:00:22.878] [Server thread/DEBUG] [com.github.alexthe666.iceandfire.IceAndFire/]: Added the following features to the biome [minecraft:cherry_grove]: 
	- iceandfire:silver_ore
[05Jan2026 06:00:22.882] [Server thread/DEBUG] [com.github.alexthe666.iceandfire.IceAndFire/]: Added the following features to the biome [biomesoplenty:clover_patch]: 
	- iceandfire:silver_ore
	- iceandfire:spawn_wandering_cyclops
[05Jan2026 06:00:22.884] [Server thread/DEBUG] [com.github.alexthe666.iceandfire.IceAndFire/]: Added the following features to the biome [biomesoplenty:cold_desert]: 
	- iceandfire:frost_lily
	- iceandfire:silver_ore
	- iceandfire:sapphire_ore
	- iceandfire:ice_dragon_roost
	- iceandfire:ice_dragon_cave
	- iceandfire:spawn_dragon_skeleton_ice
[05Jan2026 06:00:22.887] [Server thread/DEBUG] [com.github.alexthe666.iceandfire.IceAndFire/]: Added the following features to the biome [minecraft:cold_ocean]: 
	- iceandfire:silver_ore
	- iceandfire:ice_dragon_roost
	- iceandfire:ice_dragon_cave
	- iceandfire:siren_island
	- iceandfire:spawn_hippocampus
	- iceandfire:spawn_sea_serpent
[05Jan2026 06:00:22.889] [Server thread/DEBUG] [com.github.alexthe666.iceandfire.IceAndFire/]: Added the following features to the biome [biomesoplenty:coniferous_forest]: 
	- iceandfire:silver_ore
[05Jan2026 06:00:22.892] [Server thread/DEBUG] [com.github.alexthe666.iceandfire.IceAndFire/]: Added the following features to the biome [biomesoplenty:crag]: 
	- iceandfire:silver_ore
[05Jan2026 06:00:22.897] [Server thread/DEBUG] [com.github.alexthe666.iceandfire.IceAndFire/]: Added the following features to the biome [minecraft:dark_forest]: 
	- iceandfire:silver_ore
	- iceandfire:pixie_village
[05Jan2026 06:00:22.899] [Server thread/DEBUG] [com.github.alexthe666.iceandfire.IceAndFire/]: Added the following features to the biome [biomesoplenty:dead_forest]: 
	- iceandfire:silver_ore
	- iceandfire:ice_dragon_roost
	- iceandfire:ice_dragon_cave
[05Jan2026 06:00:22.901] [Server thread/DEBUG] [com.github.alexthe666.iceandfire.IceAndFire/]: Added the following features to the biome [minecraft:deep_cold_ocean]: 
	- iceandfire:silver_ore
	- iceandfire:ice_dragon_roost
	- iceandfire:ice_dragon_cave
	- iceandfire:siren_island
	- iceandfire:spawn_hippocampus
	- iceandfire:spawn_sea_serpent
[05Jan2026 06:00:22.903] [Server thread/DEBUG] [com.github.alexthe666.iceandfire.IceAndFire/]: Added the following features to the biome [minecraft:deep_dark]: 
	- iceandfire:silver_ore
[05Jan2026 06:00:22.904] [Server thread/DEBUG] [com.github.alexthe666.iceandfire.IceAndFire/]: Added the following features to the biome [minecraft:deep_frozen_ocean]: 
	- iceandfire:silver_ore
	- iceandfire:ice_dragon_roost
	- iceandfire:ice_dragon_cave
	- iceandfire:siren_island
	- iceandfire:spawn_hippocampus
	- iceandfire:spawn_sea_serpent
[05Jan2026 06:00:22.905] [Server thread/DEBUG] [com.github.alexthe666.iceandfire.IceAndFire/]: Added the following features to the biome [minecraft:deep_lukewarm_ocean]: 
	- iceandfire:silver_ore
	- iceandfire:siren_island
	- iceandfire:spawn_hippocampus
	- iceandfire:spawn_sea_serpent
[05Jan2026 06:00:22.907] [Server thread/DEBUG] [com.github.alexthe666.iceandfire.IceAndFire/]: Added the following features to the biome [minecraft:deep_ocean]: 
	- iceandfire:silver_ore
	- iceandfire:siren_island
	- iceandfire:spawn_hippocampus
	- iceandfire:spawn_sea_serpent
[05Jan2026 06:00:22.909] [Server thread/DEBUG] [com.github.alexthe666.iceandfire.IceAndFire/]: Added the following features to the biome [minecraft:desert]: 
	- iceandfire:fire_lily
	- iceandfire:silver_ore
	- iceandfire:fire_dragon_roost
	- iceandfire:fire_dragon_cave
	- iceandfire:myrmex_hive_desert
	- iceandfire:spawn_death_worm
	- iceandfire:spawn_dragon_skeleton_fire
[05Jan2026 06:00:22.910] [Server thread/DEBUG] [com.github.alexthe666.iceandfire.IceAndFire/]: Added the following features to the biome [minecraft:dripstone_caves]: 
	- iceandfire:silver_ore
[05Jan2026 06:00:22.912] [Server thread/DEBUG] [com.github.alexthe666.iceandfire.IceAndFire/]: Added the following features to the biome [biomesoplenty:dryland]: 
	- iceandfire:fire_lily
	- iceandfire:silver_ore
	- iceandfire:fire_dragon_roost
	- iceandfire:fire_dragon_cave
	- iceandfire:myrmex_hive_desert
	- iceandfire:spawn_death_worm
	- iceandfire:spawn_dragon_skeleton_fire
[05Jan2026 06:00:22.913] [Server thread/DEBUG] [com.github.alexthe666.iceandfire.IceAndFire/]: Added the following features to the biome [biomesoplenty:dune_beach]: 
	- iceandfire:silver_ore
	- iceandfire:cyclops_cave
[05Jan2026 06:00:22.917] [Server thread/DEBUG] [com.github.alexthe666.iceandfire.IceAndFire/]: Added the following features to the biome [minecraft:eroded_badlands]: 
	- iceandfire:fire_lily
	- iceandfire:silver_ore
	- iceandfire:lightning_dragon_roost
	- iceandfire:lightning_dragon_cave
[05Jan2026 06:00:22.920] [Server thread/DEBUG] [com.github.alexthe666.iceandfire.IceAndFire/]: Added the following features to the biome [biomesoplenty:field]: 
	- iceandfire:silver_ore
[05Jan2026 06:00:22.921] [Server thread/DEBUG] [com.github.alexthe666.iceandfire.IceAndFire/]: Added the following features to the biome [biomesoplenty:fir_clearing]: 
	- iceandfire:silver_ore
[05Jan2026 06:00:22.923] [Server thread/DEBUG] [com.github.alexthe666.iceandfire.IceAndFire/]: Added the following features to the biome [biomesoplenty:floodplain]: 
	- iceandfire:fire_lily
	- iceandfire:silver_ore
	- iceandfire:lightning_dragon_roost
	- iceandfire:lightning_dragon_cave
	- iceandfire:hydra_cave
	- iceandfire:myrmex_hive_jungle
	- iceandfire:spawn_stymphalian_bird
[05Jan2026 06:00:22.925] [Server thread/DEBUG] [com.github.alexthe666.iceandfire.IceAndFire/]: Added the following features to the biome [minecraft:flower_forest]: 
	- iceandfire:silver_ore
[05Jan2026 06:00:22.926] [Server thread/DEBUG] [com.github.alexthe666.iceandfire.IceAndFire/]: Added the following features to the biome [minecraft:forest]: 
	- iceandfire:silver_ore
[05Jan2026 06:00:22.928] [Server thread/DEBUG] [com.github.alexthe666.iceandfire.IceAndFire/]: Added the following features to the biome [biomesoplenty:forested_field]: 
	- iceandfire:silver_ore
[05Jan2026 06:00:22.929] [Server thread/DEBUG] [com.github.alexthe666.iceandfire.IceAndFire/]: Added the following features to the biome [minecraft:frozen_ocean]: 
	- iceandfire:frost_lily
	- iceandfire:silver_ore
	- iceandfire:sapphire_ore
	- iceandfire:ice_dragon_roost
	- iceandfire:ice_dragon_cave
	- iceandfire:siren_island
	- iceandfire:spawn_dragon_skeleton_ice
	- iceandfire:spawn_hippocampus
	- iceandfire:spawn_sea_serpent
[05Jan2026 06:00:22.931] [Server thread/DEBUG] [com.github.alexthe666.iceandfire.IceAndFire/]: Added the following features to the biome [minecraft:frozen_peaks]: 
	- iceandfire:frost_lily
	- iceandfire:silver_ore
	- iceandfire:sapphire_ore
	- iceandfire:ice_dragon_roost
	- iceandfire:ice_dragon_cave
	- iceandfire:spawn_dragon_skeleton_ice
[05Jan2026 06:00:22.932] [Server thread/DEBUG] [com.github.alexthe666.iceandfire.IceAndFire/]: Added the following features to the biome [minecraft:frozen_river]: 
	- iceandfire:frost_lily
	- iceandfire:silver_ore
	- iceandfire:sapphire_ore
	- iceandfire:ice_dragon_roost
	- iceandfire:ice_dragon_cave
	- iceandfire:spawn_dragon_skeleton_ice
[05Jan2026 06:00:22.934] [Server thread/DEBUG] [com.github.alexthe666.iceandfire.IceAndFire/]: Added the following features to the biome [biomesoplenty:fungal_jungle]: 
	- iceandfire:fire_lily
	- iceandfire:silver_ore
	- iceandfire:lightning_dragon_roost
	- iceandfire:lightning_dragon_cave
	- iceandfire:pixie_village
	- iceandfire:myrmex_hive_jungle
[05Jan2026 06:00:22.935] [Server thread/DEBUG] [com.github.alexthe666.iceandfire.IceAndFire/]: Added the following features to the biome [biomesoplenty:glowing_grotto]: 
	- iceandfire:silver_ore
[05Jan2026 06:00:22.937] [Server thread/DEBUG] [com.github.alexthe666.iceandfire.IceAndFire/]: Added the following features to the biome [biomesoplenty:grassland]: 
	- iceandfire:silver_ore
	- iceandfire:spawn_wandering_cyclops
[05Jan2026 06:00:22.939] [Server thread/DEBUG] [com.github.alexthe666.iceandfire.IceAndFire/]: Added the following features to the biome [minecraft:grove]: 
	- iceandfire:frost_lily
	- iceandfire:silver_ore
	- iceandfire:sapphire_ore
	- iceandfire:ice_dragon_roost
	- iceandfire:ice_dragon_cave
	- iceandfire:spawn_dragon_skeleton_ice
[05Jan2026 06:00:22.940] [Server thread/DEBUG] [com.github.alexthe666.iceandfire.IceAndFire/]: Added the following features to the biome [biomesoplenty:highland]: 
	- iceandfire:silver_ore
	- iceandfire:fire_dragon_roost
	- iceandfire:fire_dragon_cave
	- iceandfire:spawn_wandering_cyclops
[05Jan2026 06:00:22.941] [Server thread/DEBUG] [com.github.alexthe666.iceandfire.IceAndFire/]: Added the following features to the biome [minecraft:ice_spikes]: 
	- iceandfire:frost_lily
	- iceandfire:silver_ore
	- iceandfire:sapphire_ore
	- iceandfire:ice_dragon_roost
	- iceandfire:ice_dragon_cave
	- iceandfire:spawn_dragon_skeleton_ice
[05Jan2026 06:00:22.942] [Server thread/DEBUG] [com.github.alexthe666.iceandfire.IceAndFire/]: Added the following features to the biome [biomesoplenty:jade_cliffs]: 
	- iceandfire:silver_ore
	- iceandfire:pixie_village
[05Jan2026 06:00:22.944] [Server thread/DEBUG] [com.github.alexthe666.iceandfire.IceAndFire/]: Added the following features to the biome [minecraft:jagged_peaks]: 
	- iceandfire:frost_lily
	- iceandfire:silver_ore
	- iceandfire:sapphire_ore
	- iceandfire:ice_dragon_roost
	- iceandfire:ice_dragon_cave
	- iceandfire:spawn_dragon_skeleton_ice
[05Jan2026 06:00:22.946] [Server thread/DEBUG] [com.github.alexthe666.iceandfire.IceAndFire/]: Added the following features to the biome [minecraft:jungle]: 
	- iceandfire:fire_lily
	- iceandfire:silver_ore
	- iceandfire:lightning_dragon_roost
	- iceandfire:lightning_dragon_cave
	- iceandfire:myrmex_hive_jungle
[05Jan2026 06:00:22.948] [Server thread/DEBUG] [com.github.alexthe666.iceandfire.IceAndFire/]: Added the following features to the biome [biomesoplenty:lavender_field]: 
	- iceandfire:silver_ore
	- iceandfire:fire_dragon_roost
	- iceandfire:fire_dragon_cave
	- iceandfire:spawn_wandering_cyclops
[05Jan2026 06:00:22.949] [Server thread/DEBUG] [com.github.alexthe666.iceandfire.IceAndFire/]: Added the following features to the biome [biomesoplenty:lavender_forest]: 
	- iceandfire:silver_ore
[05Jan2026 06:00:22.951] [Server thread/DEBUG] [com.github.alexthe666.iceandfire.IceAndFire/]: Added the following features to the biome [minecraft:lukewarm_ocean]: 
	- iceandfire:silver_ore
	- iceandfire:siren_island
	- iceandfire:spawn_hippocampus
	- iceandfire:spawn_sea_serpent
[05Jan2026 06:00:22.953] [Server thread/DEBUG] [com.github.alexthe666.iceandfire.IceAndFire/]: Added the following features to the biome [minecraft:lush_caves]: 
	- iceandfire:silver_ore
[05Jan2026 06:00:22.955] [Server thread/DEBUG] [com.github.alexthe666.iceandfire.IceAndFire/]: Added the following features to the biome [biomesoplenty:lush_desert]: 
	- iceandfire:fire_lily
	- iceandfire:silver_ore
	- iceandfire:fire_dragon_roost
	- iceandfire:fire_dragon_cave
[05Jan2026 06:00:22.959] [Server thread/DEBUG] [com.github.alexthe666.iceandfire.IceAndFire/]: Added the following features to the biome [biomesoplenty:lush_savanna]: 
	- iceandfire:fire_lily
	- iceandfire:lightning_lily
	- iceandfire:silver_ore
	- iceandfire:lightning_dragon_roost
	- iceandfire:lightning_dragon_cave
	- iceandfire:spawn_wandering_cyclops
	- iceandfire:spawn_dragon_skeleton_lightning
[05Jan2026 06:00:22.961] [Server thread/DEBUG] [com.github.alexthe666.iceandfire.IceAndFire/]: Added the following features to the biome [minecraft:mangrove_swamp]: 
	- iceandfire:fire_lily
	- iceandfire:silver_ore
	- iceandfire:fire_dragon_roost
	- iceandfire:fire_dragon_cave
	- iceandfire:hydra_cave
	- iceandfire:spawn_stymphalian_bird
[05Jan2026 06:00:22.962] [Server thread/DEBUG] [com.github.alexthe666.iceandfire.IceAndFire/]: Added the following features to the biome [biomesoplenty:maple_woods]: 
	- iceandfire:silver_ore
	- iceandfire:ice_dragon_roost
	- iceandfire:ice_dragon_cave
[05Jan2026 06:00:22.963] [Server thread/DEBUG] [com.github.alexthe666.iceandfire.IceAndFire/]: Added the following features to the biome [biomesoplenty:marsh]: 
	- iceandfire:silver_ore
	- iceandfire:hydra_cave
	- iceandfire:spawn_stymphalian_bird
[05Jan2026 06:00:22.965] [Server thread/DEBUG] [com.github.alexthe666.iceandfire.IceAndFire/]: Added the following features to the biome [minecraft:meadow]: 
	- iceandfire:silver_ore
	- iceandfire:fire_dragon_roost
	- iceandfire:fire_dragon_cave
	- iceandfire:spawn_wandering_cyclops
[05Jan2026 06:00:22.966] [Server thread/DEBUG] [com.github.alexthe666.iceandfire.IceAndFire/]: Added the following features to the biome [biomesoplenty:mediterranean_forest]: 
	- iceandfire:silver_ore
[05Jan2026 06:00:22.968] [Server thread/DEBUG] [com.github.alexthe666.iceandfire.IceAndFire/]: Added the following features to the biome [biomesoplenty:moor]: 
	- iceandfire:silver_ore
	- iceandfire:hydra_cave
	- iceandfire:spawn_stymphalian_bird
[05Jan2026 06:00:22.970] [Server thread/DEBUG] [com.github.alexthe666.iceandfire.IceAndFire/]: Added the following features to the biome [minecraft:mushroom_fields]: 
	- iceandfire:silver_ore
[05Jan2026 06:00:22.971] [Server thread/DEBUG] [com.github.alexthe666.iceandfire.IceAndFire/]: Added the following features to the biome [biomesoplenty:muskeg]: 
	- iceandfire:silver_ore
	- iceandfire:ice_dragon_roost
	- iceandfire:ice_dragon_cave
	- iceandfire:hydra_cave
	- iceandfire:spawn_stymphalian_bird
[05Jan2026 06:00:22.973] [Server thread/DEBUG] [com.github.alexthe666.iceandfire.IceAndFire/]: Added the following features to the biome [biomesoplenty:mystic_grove]: 
	- iceandfire:silver_ore
	- iceandfire:pixie_village
[05Jan2026 06:00:22.976] [Server thread/DEBUG] [com.github.alexthe666.iceandfire.IceAndFire/]: Added the following features to the biome [minecraft:ocean]: 
	- iceandfire:silver_ore
	- iceandfire:siren_island
	- iceandfire:spawn_hippocampus
	- iceandfire:spawn_sea_serpent
[05Jan2026 06:00:22.977] [Server thread/DEBUG] [com.github.alexthe666.iceandfire.IceAndFire/]: Added the following features to the biome [minecraft:old_growth_birch_forest]: 
	- iceandfire:silver_ore
	- iceandfire:pixie_village
[05Jan2026 06:00:22.978] [Server thread/DEBUG] [com.github.alexthe666.iceandfire.IceAndFire/]: Added the following features to the biome [biomesoplenty:old_growth_dead_forest]: 
	- iceandfire:silver_ore
	- iceandfire:ice_dragon_roost
	- iceandfire:ice_dragon_cave
[05Jan2026 06:00:22.980] [Server thread/DEBUG] [com.github.alexthe666.iceandfire.IceAndFire/]: Added the following features to the biome [minecraft:old_growth_pine_taiga]: 
	- iceandfire:silver_ore
	- iceandfire:ice_dragon_roost
	- iceandfire:ice_dragon_cave
[05Jan2026 06:00:22.981] [Server thread/DEBUG] [com.github.alexthe666.iceandfire.IceAndFire/]: Added the following features to the biome [minecraft:old_growth_spruce_taiga]: 
	- iceandfire:silver_ore
[05Jan2026 06:00:22.983] [Server thread/DEBUG] [com.github.alexthe666.iceandfire.IceAndFire/]: Added the following features to the biome [biomesoplenty:old_growth_woodland]: 
	- iceandfire:silver_ore
[05Jan2026 06:00:22.984] [Server thread/DEBUG] [com.github.alexthe666.iceandfire.IceAndFire/]: Added the following features to the biome [biomesoplenty:ominous_woods]: 
	- iceandfire:silver_ore
	- iceandfire:ice_dragon_roost
	- iceandfire:ice_dragon_cave
[05Jan2026 06:00:22.985] [Server thread/DEBUG] [com.github.alexthe666.iceandfire.IceAndFire/]: Added the following features to the biome [biomesoplenty:orchard]: 
	- iceandfire:silver_ore
	- iceandfire:spawn_wandering_cyclops
[05Jan2026 06:00:22.986] [Server thread/DEBUG] [com.github.alexthe666.iceandfire.IceAndFire/]: Added the following features to the biome [biomesoplenty:origin_valley]: 
	- iceandfire:silver_ore
[05Jan2026 06:00:22.987] [Server thread/DEBUG] [com.github.alexthe666.iceandfire.IceAndFire/]: Added the following features to the biome [biomesoplenty:pasture]: 
	- iceandfire:silver_ore
	- iceandfire:fire_dragon_roost
	- iceandfire:fire_dragon_cave
	- iceandfire:spawn_wandering_cyclops
[05Jan2026 06:00:22.989] [Server thread/DEBUG] [com.github.alexthe666.iceandfire.IceAndFire/]: Added the following features to the biome [minecraft:plains]: 
	- iceandfire:silver_ore
	- iceandfire:fire_dragon_roost
	- iceandfire:fire_dragon_cave
	- iceandfire:spawn_wandering_cyclops
[05Jan2026 06:00:22.990] [Server thread/DEBUG] [com.github.alexthe666.iceandfire.IceAndFire/]: Added the following features to the biome [biomesoplenty:prairie]: 
	- iceandfire:silver_ore
	- iceandfire:fire_dragon_roost
	- iceandfire:fire_dragon_cave
	- iceandfire:spawn_wandering_cyclops
[05Jan2026 06:00:22.992] [Server thread/DEBUG] [com.github.alexthe666.iceandfire.IceAndFire/]: Added the following features to the biome [biomesoplenty:pumpkin_patch]: 
	- iceandfire:silver_ore
[05Jan2026 06:00:22.993] [Server thread/DEBUG] [com.github.alexthe666.iceandfire.IceAndFire/]: Added the following features to the biome [biomesoplenty:rainforest]: 
	- iceandfire:fire_lily
	- iceandfire:silver_ore
	- iceandfire:lightning_dragon_roost
	- iceandfire:lightning_dragon_cave
	- iceandfire:myrmex_hive_jungle
[05Jan2026 06:00:22.995] [Server thread/DEBUG] [com.github.alexthe666.iceandfire.IceAndFire/]: Added the following features to the biome [biomesoplenty:redwood_forest]: 
	- iceandfire:silver_ore
	- iceandfire:pixie_village
[05Jan2026 06:00:22.996] [Server thread/DEBUG] [com.github.alexthe666.iceandfire.IceAndFire/]: Added the following features to the biome [minecraft:river]: 
	- iceandfire:silver_ore
[05Jan2026 06:00:22.997] [Server thread/DEBUG] [com.github.alexthe666.iceandfire.IceAndFire/]: Added the following features to the biome [biomesoplenty:rocky_rainforest]: 
	- iceandfire:fire_lily
	- iceandfire:silver_ore
	- iceandfire:lightning_dragon_roost
	- iceandfire:lightning_dragon_cave
	- iceandfire:myrmex_hive_jungle
[05Jan2026 06:00:22.998] [Server thread/DEBUG] [com.github.alexthe666.iceandfire.IceAndFire/]: Added the following features to the biome [biomesoplenty:rocky_shrubland]: 
	- iceandfire:silver_ore
	- iceandfire:fire_dragon_roost
	- iceandfire:fire_dragon_cave
	- iceandfire:spawn_wandering_cyclops
[05Jan2026 06:00:22.999] [Server thread/DEBUG] [com.github.alexthe666.iceandfire.IceAndFire/]: Added the following features to the biome [minecraft:savanna]: 
	- iceandfire:fire_lily
	- iceandfire:lightning_lily
	- iceandfire:silver_ore
	- iceandfire:lightning_dragon_roost
	- iceandfire:lightning_dragon_cave
	- iceandfire:spawn_dragon_skeleton_lightning
[05Jan2026 06:00:23.001] [Server thread/DEBUG] [com.github.alexthe666.iceandfire.IceAndFire/]: Added the following features to the biome [minecraft:savanna_plateau]: 
	- iceandfire:fire_lily
	- iceandfire:lightning_lily
	- iceandfire:silver_ore
	- iceandfire:lightning_dragon_roost
	- iceandfire:lightning_dragon_cave
	- iceandfire:spawn_dragon_skeleton_lightning
[05Jan2026 06:00:23.002] [Server thread/DEBUG] [com.github.alexthe666.iceandfire.IceAndFire/]: Added the following features to the biome [biomesoplenty:scrubland]: 
	- iceandfire:lightning_lily
	- iceandfire:silver_ore
	- iceandfire:lightning_dragon_roost
	- iceandfire:lightning_dragon_cave
	- iceandfire:spawn_dragon_skeleton_lightning
[05Jan2026 06:00:23.003] [Server thread/DEBUG] [com.github.alexthe666.iceandfire.IceAndFire/]: Added the following features to the biome [biomesoplenty:seasonal_forest]: 
	- iceandfire:silver_ore
[05Jan2026 06:00:23.004] [Server thread/DEBUG] [com.github.alexthe666.iceandfire.IceAndFire/]: Added the following features to the biome [biomesoplenty:seasonal_orchard]: 
	- iceandfire:silver_ore
[05Jan2026 06:00:23.005] [Server thread/DEBUG] [com.github.alexthe666.iceandfire.IceAndFire/]: Added the following features to the biome [biomesoplenty:shrubland]: 
	- iceandfire:fire_lily
	- iceandfire:silver_ore
	- iceandfire:fire_dragon_roost
	- iceandfire:fire_dragon_cave
	- iceandfire:spawn_wandering_cyclops
[05Jan2026 06:00:23.007] [Server thread/DEBUG] [com.github.alexthe666.iceandfire.IceAndFire/]: Added the following features to the biome [biomesoplenty:snowblossom_grove]: 
	- iceandfire:frost_lily
	- iceandfire:silver_ore
	- iceandfire:sapphire_ore
	- iceandfire:ice_dragon_roost
	- iceandfire:ice_dragon_cave
	- iceandfire:pixie_village
	- iceandfire:spawn_dragon_skeleton_ice
[05Jan2026 06:00:23.008] [Server thread/DEBUG] [com.github.alexthe666.iceandfire.IceAndFire/]: Added the following features to the biome [minecraft:snowy_beach]: 
	- iceandfire:frost_lily
	- iceandfire:silver_ore
	- iceandfire:sapphire_ore
	- iceandfire:ice_dragon_roost
	- iceandfire:ice_dragon_cave
	- iceandfire:cyclops_cave
	- iceandfire:spawn_dragon_skeleton_ice
[05Jan2026 06:00:23.009] [Server thread/DEBUG] [com.github.alexthe666.iceandfire.IceAndFire/]: Added the following features to the biome [biomesoplenty:snowy_coniferous_forest]: 
	- iceandfire:frost_lily
	- iceandfire:silver_ore
	- iceandfire:sapphire_ore
	- iceandfire:ice_dragon_roost
	- iceandfire:ice_dragon_cave
	- iceandfire:spawn_dragon_skeleton_ice
[05Jan2026 06:00:23.010] [Server thread/DEBUG] [com.github.alexthe666.iceandfire.IceAndFire/]: Added the following features to the biome [biomesoplenty:snowy_fir_clearing]: 
	- iceandfire:frost_lily
	- iceandfire:silver_ore
	- iceandfire:sapphire_ore
	- iceandfire:ice_dragon_roost
	- iceandfire:ice_dragon_cave
	- iceandfire:spawn_dragon_skeleton_ice
[05Jan2026 06:00:23.011] [Server thread/DEBUG] [com.github.alexthe666.iceandfire.IceAndFire/]: Added the following features to the biome [biomesoplenty:snowy_maple_woods]: 
	- iceandfire:frost_lily
	- iceandfire:silver_ore
	- iceandfire:sapphire_ore
	- iceandfire:ice_dragon_roost
	- iceandfire:ice_dragon_cave
	- iceandfire:spawn_dragon_skeleton_ice
[05Jan2026 06:00:23.012] [Server thread/DEBUG] [com.github.alexthe666.iceandfire.IceAndFire/]: Added the following features to the biome [minecraft:snowy_plains]: 
	- iceandfire:frost_lily
	- iceandfire:silver_ore
	- iceandfire:sapphire_ore
	- iceandfire:ice_dragon_roost
	- iceandfire:ice_dragon_cave
	- iceandfire:spawn_wandering_cyclops
	- iceandfire:spawn_dragon_skeleton_ice
[05Jan2026 06:00:23.014] [Server thread/DEBUG] [com.github.alexthe666.iceandfire.IceAndFire/]: Added the following features to the biome [minecraft:snowy_slopes]: 
	- iceandfire:frost_lily
	- iceandfire:silver_ore
	- iceandfire:sapphire_ore
	- iceandfire:ice_dragon_roost
	- iceandfire:ice_dragon_cave
	- iceandfire:spawn_dragon_skeleton_ice
[05Jan2026 06:00:23.015] [Server thread/DEBUG] [com.github.alexthe666.iceandfire.IceAndFire/]: Added the following features to the biome [minecraft:snowy_taiga]: 
	- iceandfire:frost_lily
	- iceandfire:silver_ore
	- iceandfire:sapphire_ore
	- iceandfire:ice_dragon_roost
	- iceandfire:ice_dragon_cave
	- iceandfire:spawn_dragon_skeleton_ice
[05Jan2026 06:00:23.017] [Server thread/DEBUG] [com.github.alexthe666.iceandfire.IceAndFire/]: Added the following features to the biome [minecraft:sparse_jungle]: 
	- iceandfire:fire_lily
	- iceandfire:silver_ore
	- iceandfire:lightning_dragon_roost
	- iceandfire:lightning_dragon_cave
	- iceandfire:myrmex_hive_jungle
[05Jan2026 06:00:23.018] [Server thread/DEBUG] [com.github.alexthe666.iceandfire.IceAndFire/]: Added the following features to the biome [biomesoplenty:spider_nest]: 
	- iceandfire:silver_ore
[05Jan2026 06:00:23.019] [Server thread/DEBUG] [com.github.alexthe666.iceandfire.IceAndFire/]: Added the following features to the biome [minecraft:stony_peaks]: 
	- iceandfire:fire_lily
	- iceandfire:silver_ore
	- iceandfire:fire_dragon_roost
	- iceandfire:fire_dragon_cave
[05Jan2026 06:00:23.020] [Server thread/DEBUG] [com.github.alexthe666.iceandfire.IceAndFire/]: Added the following features to the biome [minecraft:stony_shore]: 
	- iceandfire:silver_ore
[05Jan2026 06:00:23.021] [Server thread/DEBUG] [com.github.alexthe666.iceandfire.IceAndFire/]: Added the following features to the biome [minecraft:sunflower_plains]: 
	- iceandfire:silver_ore
	- iceandfire:fire_dragon_roost
	- iceandfire:fire_dragon_cave
	- iceandfire:spawn_wandering_cyclops
[05Jan2026 06:00:23.023] [Server thread/DEBUG] [com.github.alexthe666.iceandfire.IceAndFire/]: Added the following features to the biome [minecraft:swamp]: 
	- iceandfire:silver_ore
	- iceandfire:hydra_cave
	- iceandfire:spawn_stymphalian_bird
[05Jan2026 06:00:23.024] [Server thread/DEBUG] [com.github.alexthe666.iceandfire.IceAndFire/]: Added the following features to the biome [minecraft:taiga]: 
	- iceandfire:silver_ore
	- iceandfire:ice_dragon_roost
	- iceandfire:ice_dragon_cave
[05Jan2026 06:00:23.026] [Server thread/DEBUG] [com.github.alexthe666.iceandfire.IceAndFire/]: Added the following features to the biome [biomesoplenty:tropics]: 
	- iceandfire:fire_lily
	- iceandfire:silver_ore
	- iceandfire:fire_dragon_roost
	- iceandfire:fire_dragon_cave
[05Jan2026 06:00:23.027] [Server thread/DEBUG] [com.github.alexthe666.iceandfire.IceAndFire/]: Added the following features to the biome [biomesoplenty:tundra]: 
	- iceandfire:silver_ore
	- iceandfire:ice_dragon_roost
	- iceandfire:ice_dragon_cave
	- iceandfire:spawn_wandering_cyclops
[05Jan2026 06:00:23.030] [Server thread/DEBUG] [com.github.alexthe666.iceandfire.IceAndFire/]: Added the following features to the biome [biomesoplenty:volcanic_plains]: 
	- iceandfire:fire_lily
	- iceandfire:silver_ore
	- iceandfire:fire_dragon_roost
	- iceandfire:fire_dragon_cave
[05Jan2026 06:00:23.032] [Server thread/DEBUG] [com.github.alexthe666.iceandfire.IceAndFire/]: Added the following features to the biome [biomesoplenty:volcano]: 
	- iceandfire:fire_lily
	- iceandfire:silver_ore
	- iceandfire:fire_dragon_roost
	- iceandfire:fire_dragon_cave
[05Jan2026 06:00:23.033] [Server thread/DEBUG] [com.github.alexthe666.iceandfire.IceAndFire/]: Added the following features to the biome [minecraft:warm_ocean]: 
	- iceandfire:fire_lily
	- iceandfire:silver_ore
	- iceandfire:fire_dragon_roost
	- iceandfire:fire_dragon_cave
	- iceandfire:siren_island
	- iceandfire:spawn_hippocampus
	- iceandfire:spawn_sea_serpent
[05Jan2026 06:00:23.035] [Server thread/DEBUG] [com.github.alexthe666.iceandfire.IceAndFire/]: Added the following features to the biome [biomesoplenty:wasteland]: 
	- iceandfire:fire_lily
	- iceandfire:silver_ore
	- iceandfire:fire_dragon_roost
	- iceandfire:fire_dragon_cave
[05Jan2026 06:00:23.036] [Server thread/DEBUG] [com.github.alexthe666.iceandfire.IceAndFire/]: Added the following features to the biome [biomesoplenty:wasteland_steppe]: 
	- iceandfire:fire_lily
	- iceandfire:silver_ore
	- iceandfire:fire_dragon_roost
	- iceandfire:fire_dragon_cave
[05Jan2026 06:00:23.038] [Server thread/DEBUG] [com.github.alexthe666.iceandfire.IceAndFire/]: Added the following features to the biome [biomesoplenty:wetland]: 
	- iceandfire:silver_ore
	- iceandfire:hydra_cave
	- iceandfire:spawn_stymphalian_bird
[05Jan2026 06:00:23.039] [Server thread/DEBUG] [com.github.alexthe666.iceandfire.IceAndFire/]: Added the following features to the biome [minecraft:windswept_forest]: 
	- iceandfire:silver_ore
[05Jan2026 06:00:23.040] [Server thread/DEBUG] [com.github.alexthe666.iceandfire.IceAndFire/]: Added the following features to the biome [minecraft:windswept_gravelly_hills]: 
	- iceandfire:silver_ore
[05Jan2026 06:00:23.041] [Server thread/DEBUG] [com.github.alexthe666.iceandfire.IceAndFire/]: Added the following features to the biome [minecraft:windswept_hills]: 
	- iceandfire:silver_ore
[05Jan2026 06:00:23.042] [Server thread/DEBUG] [com.github.alexthe666.iceandfire.IceAndFire/]: Added the following features to the biome [minecraft:windswept_savanna]: 
	- iceandfire:fire_lily
	- iceandfire:lightning_lily
	- iceandfire:silver_ore
	- iceandfire:lightning_dragon_roost
	- iceandfire:lightning_dragon_cave
	- iceandfire:spawn_dragon_skeleton_lightning
[05Jan2026 06:00:23.044] [Server thread/DEBUG] [com.github.alexthe666.iceandfire.IceAndFire/]: Added the following features to the biome [minecraft:wooded_badlands]: 
	- iceandfire:silver_ore
	- iceandfire:lightning_dragon_roost
	- iceandfire:lightning_dragon_cave
[05Jan2026 06:00:23.046] [Server thread/DEBUG] [com.github.alexthe666.iceandfire.IceAndFire/]: Added the following features to the biome [biomesoplenty:woodland]: 
	- iceandfire:silver_ore
[05Jan2026 06:00:23.152] [Server thread/DEBUG] [mixin/]: Mixing entities.MerchantOfferAccessor from integrated_api-common.mixins.json into net.minecraft.world.item.trading.MerchantOffer
[05Jan2026 06:00:23.689] [Server thread/INFO] [terrablender/]: Initialized TerraBlender biomes for level stem minecraft:overworld
[05Jan2026 06:00:23.690] [Server thread/INFO] [terrablender/]: Initialized TerraBlender biomes for level stem minecraft:the_nether
[05Jan2026 06:00:23.690] [Server thread/INFO] [net.minecraft.server.dedicated.DedicatedServer/]: Preparing level "world"
[05Jan2026 06:00:23.696] [Server thread/DEBUG] [net.minecraftforge.coremod.transformer.CoreModBaseTransformer/COREMOD]: Transforming net/minecraft/world/level/levelgen/PhantomSpawner
[05Jan2026 06:00:23.704] [Server thread/DEBUG] [net.minecraftforge.coremod.transformer.CoreModBaseTransformer/COREMOD]: Transforming net/minecraft/world/level/levelgen/PatrolSpawner
[05Jan2026 06:00:23.710] [Server thread/DEBUG] [net.minecraftforge.coremod.transformer.CoreModBaseTransformer/COREMOD]: Transforming net/minecraft/world/entity/npc/CatSpawner
[05Jan2026 06:00:23.714] [Server thread/DEBUG] [net.minecraftforge.coremod.transformer.CoreModBaseTransformer/COREMOD]: Transforming net/minecraft/world/entity/ai/village/VillageSiege
[05Jan2026 06:00:23.725] [Server thread/DEBUG] [mixin/]: Mixing ChunkLoadDebug from cupboard.mixins.json into net.minecraft.server.level.ServerChunkCache
[05Jan2026 06:00:23.776] [Server thread/DEBUG] [mixin/]: Mixing leashing.ChunkMapMixin from smallships-common-soft.mixins.json into net.minecraft.server.level.ChunkMap
[05Jan2026 06:00:24.062] [Server thread/DEBUG] [mixin/]: Mixing StructureManagerAccessor from cataclysm.mixins.json into net.minecraft.world.level.StructureManager
[05Jan2026 06:00:24.090] [Server thread/DEBUG] [io.netty.buffer.AbstractByteBuf/]: -Dio.netty.buffer.checkAccessible: true
[05Jan2026 06:00:24.090] [Server thread/DEBUG] [io.netty.buffer.AbstractByteBuf/]: -Dio.netty.buffer.checkBounds: true
[05Jan2026 06:00:24.091] [Server thread/DEBUG] [io.netty.util.ResourceLeakDetectorFactory/]: Loaded default ResourceLeakDetector: io.netty.util.ResourceLeakDetector@7270bf6d
[05Jan2026 06:00:30.510] [Server thread/DEBUG] [mixin/]: Mixing ThreadingDetectorMixin from cupboard.mixins.json into net.minecraft.util.ThreadingDetector
[05Jan2026 06:00:30.768] [Worker-Main-3/DEBUG] [net.minecraftforge.coremod.transformer.CoreModBaseTransformer/COREMOD]: Transforming net/minecraft/world/level/levelgen/structure/templatesystem/StructureTemplate
[05Jan2026 06:00:30.810] [Worker-Main-3/DEBUG] [mixin/]: Mixing structures.StructureTemplateMixin from dungeonnowloading.forge.mixins.json into net.minecraft.world.level.levelgen.structure.templatesystem.StructureTemplate
[05Jan2026 06:00:30.810] [Worker-Main-3/DEBUG] [mixin/]: Renaming synthetic method lambda$dungeonnowloading_fixWaterlogging$0(Lnet/minecraft/world/level/levelgen/structure/templatesystem/StructureProcessor;)Z to md5ff234$lambda$dungeonnowloading_fixWaterlogging$0$0 in dungeonnowloading.forge.mixins.json:structures.StructureTemplateMixin
[05Jan2026 06:00:30.811] [Worker-Main-3/DEBUG] [mixin/]: Mixing structures.StructureTemplateMixin from integrated_api-common.mixins.json into net.minecraft.world.level.levelgen.structure.templatesystem.StructureTemplate
[05Jan2026 06:00:30.812] [Worker-Main-3/DEBUG] [mixin/]: Renaming synthetic method lambda$integratedapi_preventAutoWaterlogging$0(Lnet/minecraft/world/level/levelgen/structure/templatesystem/StructureProcessor;)Z to md5ff234$lambda$integratedapi_preventAutoWaterlogging$0$1 in integrated_api-common.mixins.json:structures.StructureTemplateMixin
[05Jan2026 06:00:30.812] [Worker-Main-3/DEBUG] [mixin/]: Mixing structures.TemplateAccessor from integrated_api-common.mixins.json into net.minecraft.world.level.levelgen.structure.templatesystem.StructureTemplate
[05Jan2026 06:00:30.813] [Worker-Main-3/DEBUG] [mixin/]: Mixing StructureTemplateMixin from cataclysm.mixins.json into net.minecraft.world.level.levelgen.structure.templatesystem.StructureTemplate
[05Jan2026 06:00:30.813] [Worker-Main-3/DEBUG] [mixin/]: Renaming synthetic method lambda$repurposedstructures_preventAutoWaterlogging$0(Lnet/minecraft/world/level/levelgen/structure/templatesystem/StructureProcessor;)Z to md5ff234$lambda$repurposedstructures_preventAutoWaterlogging$0$2 in cataclysm.mixins.json:StructureTemplateMixin
[05Jan2026 06:00:30.813] [Worker-Main-3/DEBUG] [mixin/]: Mixing StructureTemplateMixin from legendary_monsters.mixins.json into net.minecraft.world.level.levelgen.structure.templatesystem.StructureTemplate
[05Jan2026 06:00:30.813] [Worker-Main-3/DEBUG] [mixin/]: Renaming synthetic method lambda$repurposedstructures_preventAutoWaterlogging$0(Lnet/minecraft/world/level/levelgen/structure/templatesystem/StructureProcessor;)Z to md5ff234$lambda$repurposedstructures_preventAutoWaterlogging$0$3 in legendary_monsters.mixins.json:StructureTemplateMixin
[05Jan2026 06:00:30.814] [Worker-Main-3/DEBUG] [mixin/]: Mixing structures.StructureTemplateMixin from mvs-common.mixins.json into net.minecraft.world.level.levelgen.structure.templatesystem.StructureTemplate
[05Jan2026 06:00:30.814] [Worker-Main-3/DEBUG] [mixin/]: Renaming synthetic method lambda$mvs_preventAutoWaterlogging$0(Lnet/minecraft/world/level/levelgen/structure/templatesystem/StructureProcessor;)Z to md5ff234$lambda$mvs_preventAutoWaterlogging$0$4 in mvs-common.mixins.json:structures.StructureTemplateMixin
[05Jan2026 06:00:30.815] [Worker-Main-3/DEBUG] [mixin/]: Mixing structures.TemplateAccessor from mvs-common.mixins.json into net.minecraft.world.level.levelgen.structure.templatesystem.StructureTemplate
[05Jan2026 06:00:31.548] [Worker-Main-3/DEBUG] [mixin/]: Mixing structures.JigsawPlacementUnlimit from integrated_api-common.mixins.json into net.minecraft.world.level.levelgen.structure.pools.JigsawPlacement
[05Jan2026 06:00:32.476] [Worker-Main-1/DEBUG] [mixin/]: Mixing JigsawPlacementMixin from fossil_common.mixins.json into net.minecraft.world.level.levelgen.structure.pools.JigsawPlacement$Placer
[05Jan2026 06:00:32.477] [Worker-Main-1/DEBUG] [mixin/]: Renaming synthetic method lambda$tryPlacingCustomStructures$3(Lnet/minecraft/world/level/levelgen/structure/BoundingBox;Lnet/minecraft/world/level/levelgen/structure/templatesystem/StructureTemplate$StructureBlockInfo;)I to md5ff234$lambda$tryPlacingCustomStructures$3$0 in fossil_common.mixins.json:JigsawPlacementMixin
[05Jan2026 06:00:32.477] [Worker-Main-1/DEBUG] [mixin/]: Renaming synthetic method lambda$tryPlacingCustomStructures$2(Lnet/minecraft/core/Holder;)Ljava/lang/Integer; to md5ff234$lambda$tryPlacingCustomStructures$2$1 in fossil_common.mixins.json:JigsawPlacementMixin
[05Jan2026 06:00:32.477] [Worker-Main-1/DEBUG] [mixin/]: Renaming synthetic method lambda$tryPlacingCustomStructures$1(Lnet/minecraft/core/Holder$Reference;)Ljava/lang/Integer; to md5ff234$lambda$tryPlacingCustomStructures$1$2 in fossil_common.mixins.json:JigsawPlacementMixin
[05Jan2026 06:00:32.477] [Worker-Main-1/DEBUG] [mixin/]: Renaming synthetic method lambda$tryPlacingCustomStructures$0(Lnet/minecraft/core/Holder$Reference;)Lnet/minecraft/core/Holder; to md5ff234$lambda$tryPlacingCustomStructures$0$3 in fossil_common.mixins.json:JigsawPlacementMixin
[05Jan2026 06:00:33.398] [Worker-Main-2/WARN] [com.finndog.mvs.MVSCommon/]: Moog's Voyager Structures: Empty or nonexistent pool: mvs:mine_with_campsite/side_pool which is being called from mvs:other_decoration/mine_with_campsite
[05Jan2026 06:00:34.471] [Worker-Main-1/DEBUG] [mixin/]: Mixing ChunkRegionAccessor from graveyard-common.mixins.json into net.minecraft.server.level.WorldGenRegion
[05Jan2026 06:00:34.472] [Worker-Main-1/DEBUG] [mixin/]: Mixing world.WorldGenRegionAccessor from integrated_api-common.mixins.json into net.minecraft.server.level.WorldGenRegion
[05Jan2026 06:00:34.472] [Worker-Main-1/DEBUG] [mixin/]: Mixing gen.WorldGenRegionMixin from iceandfire.mixins.json into net.minecraft.server.level.WorldGenRegion
[05Jan2026 06:00:34.472] [Worker-Main-1/DEBUG] [mixin/]: Mixing WorldGenRegionAccessor from cataclysm.mixins.json into net.minecraft.server.level.WorldGenRegion
[05Jan2026 06:00:34.472] [Worker-Main-1/DEBUG] [mixin/]: Mixing SpawnerBlockListener from brutalbosses.mixins.json into net.minecraft.server.level.WorldGenRegion
[05Jan2026 06:00:34.472] [Worker-Main-1/DEBUG] [mixin/]: brutalbosses.mixins.json:SpawnerBlockListener: Class version 61 required is higher than the class version supported by the current version of Mixin (JAVA_8 supports class version 52)
[05Jan2026 06:00:34.473] [Worker-Main-1/DEBUG] [mixin/]: Mixing world.WorldGenRegionAccessor from mvs-common.mixins.json into net.minecraft.server.level.WorldGenRegion
[05Jan2026 06:00:34.474] [Worker-Main-1/DEBUG] [mixin/]: Unexpected: Registered method getStructureManager()Lnet/minecraft/world/level/StructureManager; in net.minecraft.server.level.WorldGenRegion was not merged
[05Jan2026 06:00:34.474] [Worker-Main-1/DEBUG] [mixin/]: Unexpected: Registered method getStructureManager()Lnet/minecraft/world/level/StructureManager; in net.minecraft.server.level.WorldGenRegion was not merged
[05Jan2026 06:00:34.646] [Worker-Main-3/DEBUG] [mixin/]: Mixing structures.BeardifierMixin from integrated_api-common.mixins.json into net.minecraft.world.level.levelgen.Beardifier
[05Jan2026 06:00:34.648] [Worker-Main-3/DEBUG] [mixin/]: Mixing structures.BeardifierAccessor from integrated_api-common.mixins.json into net.minecraft.world.level.levelgen.Beardifier
[05Jan2026 06:00:34.851] [Worker-Main-3/WARN] [net.minecraft.world.level.levelgen.heightproviders.UniformHeight/]: Empty height range: [-33 absolute--50 absolute]
[05Jan2026 06:00:35.271] [Worker-Main-1/DEBUG] [mixin/]: Mixing structures.JigsawJunctionAccessor from integrated_api-common.mixins.json into net.minecraft.world.level.levelgen.structure.pools.JigsawJunction
[05Jan2026 06:00:37.010] [Worker-Main-1/INFO] [com.cupboard.Cupboard/]: Loaded config for: brutalbosses.json
[05Jan2026 06:00:37.887] [Worker-Main-2/DEBUG] [net.minecraftforge.coremod.transformer.CoreModBaseTransformer/COREMOD]: Transforming net/minecraft/world/level/NaturalSpawner
[05Jan2026 06:00:37.905] [Worker-Main-2/DEBUG] [mixin/]: Mixing NaturalSpawnerMixin from mixins.bosses_of_mass_destruction.json into net.minecraft.world.level.NaturalSpawner
[05Jan2026 06:00:37.906] [Worker-Main-2/DEBUG] [mixin/]: Mixing NaturalSpawnerMixin from fossil_common.mixins.json into net.minecraft.world.level.NaturalSpawner
[05Jan2026 06:00:42.245] [Server thread/INFO] [net.minecraft.server.MinecraftServer/]: Preparing start region for dimension minecraft:overworld
[05Jan2026 06:00:42.710] [Worker-Main-2/INFO] [net.minecraft.server.level.progress.LoggerChunkProgressListener/]: Preparing spawn area: 0%
[05Jan2026 06:00:42.778] [Worker-Main-2/INFO] [net.minecraft.server.level.progress.LoggerChunkProgressListener/]: Preparing spawn area: 0%
[05Jan2026 06:00:43.289] [Worker-Main-2/INFO] [net.minecraft.server.level.progress.LoggerChunkProgressListener/]: Preparing spawn area: 0%
[05Jan2026 06:00:43.918] [Worker-Main-2/INFO] [net.minecraft.server.level.progress.LoggerChunkProgressListener/]: Preparing spawn area: 0%
[05Jan2026 06:00:44.340] [Worker-Main-1/INFO] [net.minecraft.server.level.progress.LoggerChunkProgressListener/]: Preparing spawn area: 0%
[05Jan2026 06:00:44.759] [Worker-Main-2/INFO] [net.minecraft.server.level.progress.LoggerChunkProgressListener/]: Preparing spawn area: 0%
[05Jan2026 06:00:45.282] [Worker-Main-3/INFO] [net.minecraft.server.level.progress.LoggerChunkProgressListener/]: Preparing spawn area: 0%
[05Jan2026 06:00:45.815] [Worker-Main-2/INFO] [net.minecraft.server.level.progress.LoggerChunkProgressListener/]: Preparing spawn area: 1%
[05Jan2026 06:00:46.258] [Worker-Main-2/INFO] [net.minecraft.server.level.progress.LoggerChunkProgressListener/]: Preparing spawn area: 1%
[05Jan2026 06:00:46.772] [Worker-Main-2/DEBUG] [mixin/]: Mixing entities.EntityAvoidBlockMixin from dungeonnowloading.forge.mixins.json into net.minecraft.world.level.pathfinder.WalkNodeEvaluator
[05Jan2026 06:00:46.775] [Worker-Main-2/DEBUG] [mixin/]: Mixing WalkNodeEvaluatorMixin from fossil_forge.mixins.json into net.minecraft.world.level.pathfinder.WalkNodeEvaluator
[05Jan2026 06:00:46.789] [Worker-Main-2/DEBUG] [mixin/]: Mixing ProjectileUtilMixin from morehitboxes.mixins.json into net.minecraft.world.entity.projectile.ProjectileUtil
[05Jan2026 06:00:46.797] [Worker-Main-2/DEBUG] [com.brutalbosses.BrutalBosses/]: Spawning brutalbosses:skeletonshieldboss at BlockPos{x=57, y=43, z=19} at Chest with:minecraft:chests/simple_dungeon
[05Jan2026 06:00:46.826] [Worker-Main-2/INFO] [net.minecraft.server.level.progress.LoggerChunkProgressListener/]: Preparing spawn area: 1%
[05Jan2026 06:00:47.303] [Worker-Main-2/INFO] [net.minecraft.server.level.progress.LoggerChunkProgressListener/]: Preparing spawn area: 2%
[05Jan2026 06:00:47.747] [Worker-Main-2/INFO] [net.minecraft.server.level.progress.LoggerChunkProgressListener/]: Preparing spawn area: 3%
[05Jan2026 06:00:48.256] [Worker-Main-3/INFO] [net.minecraft.server.level.progress.LoggerChunkProgressListener/]: Preparing spawn area: 3%
[05Jan2026 06:00:48.784] [Worker-Main-1/INFO] [net.minecraft.server.level.progress.LoggerChunkProgressListener/]: Preparing spawn area: 4%
[05Jan2026 06:00:49.248] [Worker-Main-1/INFO] [net.minecraft.server.level.progress.LoggerChunkProgressListener/]: Preparing spawn area: 5%
[05Jan2026 06:00:49.755] [Worker-Main-2/INFO] [net.minecraft.server.level.progress.LoggerChunkProgressListener/]: Preparing spawn area: 5%
[05Jan2026 06:00:50.285] [Worker-Main-3/INFO] [net.minecraft.server.level.progress.LoggerChunkProgressListener/]: Preparing spawn area: 6%
[05Jan2026 06:00:50.781] [Worker-Main-2/INFO] [net.minecraft.server.level.progress.LoggerChunkProgressListener/]: Preparing spawn area: 7%
[05Jan2026 06:00:51.262] [Worker-Main-3/INFO] [net.minecraft.server.level.progress.LoggerChunkProgressListener/]: Preparing spawn area: 9%
[05Jan2026 06:00:51.750] [Worker-Main-2/INFO] [net.minecraft.server.level.progress.LoggerChunkProgressListener/]: Preparing spawn area: 9%
[05Jan2026 06:00:52.247] [Worker-Main-1/INFO] [net.minecraft.server.level.progress.LoggerChunkProgressListener/]: Preparing spawn area: 10%
[05Jan2026 06:00:52.352] [Server thread/DEBUG] [mixin/]: Mixing ServerEntityMixin from fossil_common.mixins.json into net.minecraft.server.level.ServerEntity
[05Jan2026 06:00:52.352] [Server thread/DEBUG] [mixin/]: Renaming synthetic method lambda$fossilsArcheologyRevival$hasFAMobAsPassenger$0(Lnet/minecraft/world/entity/Entity;)Z to md5ff234$lambda$fossilsArcheologyRevival$hasFAMobAsPassenger$0$0 in fossil_common.mixins.json:ServerEntityMixin
[05Jan2026 06:00:52.353] [Server thread/DEBUG] [mixin/]: Mixing leashing.ServerEntityMixin from smallships-common.mixins.json into net.minecraft.server.level.ServerEntity
[05Jan2026 06:00:52.750] [Worker-Main-1/INFO] [net.minecraft.server.level.progress.LoggerChunkProgressListener/]: Preparing spawn area: 12%
[05Jan2026 06:00:53.285] [Worker-Main-3/INFO] [net.minecraft.server.level.progress.LoggerChunkProgressListener/]: Preparing spawn area: 13%
[05Jan2026 06:00:53.766] [Worker-Main-2/INFO] [net.minecraft.server.level.progress.LoggerChunkProgressListener/]: Preparing spawn area: 15%
[05Jan2026 06:00:54.261] [Worker-Main-3/INFO] [net.minecraft.server.level.progress.LoggerChunkProgressListener/]: Preparing spawn area: 15%
[05Jan2026 06:00:54.747] [Worker-Main-3/INFO] [net.minecraft.server.level.progress.LoggerChunkProgressListener/]: Preparing spawn area: 17%
[05Jan2026 06:00:55.270] [Worker-Main-2/INFO] [net.minecraft.server.level.progress.LoggerChunkProgressListener/]: Preparing spawn area: 18%
[05Jan2026 06:00:55.748] [Worker-Main-1/INFO] [net.minecraft.server.level.progress.LoggerChunkProgressListener/]: Preparing spawn area: 19%
[05Jan2026 06:00:56.247] [Worker-Main-3/INFO] [net.minecraft.server.level.progress.LoggerChunkProgressListener/]: Preparing spawn area: 20%
[05Jan2026 06:00:56.769] [Worker-Main-2/INFO] [net.minecraft.server.level.progress.LoggerChunkProgressListener/]: Preparing spawn area: 22%
[05Jan2026 06:00:57.249] [Worker-Main-3/INFO] [net.minecraft.server.level.progress.LoggerChunkProgressListener/]: Preparing spawn area: 22%
[05Jan2026 06:00:57.937] [Worker-Main-3/INFO] [net.minecraft.server.level.progress.LoggerChunkProgressListener/]: Preparing spawn area: 24%
[05Jan2026 06:00:58.290] [Worker-Main-2/INFO] [net.minecraft.server.level.progress.LoggerChunkProgressListener/]: Preparing spawn area: 25%
[05Jan2026 06:00:58.752] [Worker-Main-1/INFO] [net.minecraft.server.level.progress.LoggerChunkProgressListener/]: Preparing spawn area: 26%
[05Jan2026 06:00:59.247] [Worker-Main-2/INFO] [net.minecraft.server.level.progress.LoggerChunkProgressListener/]: Preparing spawn area: 28%
[05Jan2026 06:00:59.756] [Worker-Main-2/INFO] [net.minecraft.server.level.progress.LoggerChunkProgressListener/]: Preparing spawn area: 30%
[05Jan2026 06:01:00.263] [Worker-Main-1/INFO] [net.minecraft.server.level.progress.LoggerChunkProgressListener/]: Preparing spawn area: 31%
[05Jan2026 06:01:00.757] [Worker-Main-1/INFO] [net.minecraft.server.level.progress.LoggerChunkProgressListener/]: Preparing spawn area: 32%
[05Jan2026 06:01:01.248] [Worker-Main-2/INFO] [net.minecraft.server.level.progress.LoggerChunkProgressListener/]: Preparing spawn area: 34%
[05Jan2026 06:01:01.762] [Worker-Main-1/INFO] [net.minecraft.server.level.progress.LoggerChunkProgressListener/]: Preparing spawn area: 35%
[05Jan2026 06:01:02.294] [Worker-Main-3/INFO] [net.minecraft.server.level.progress.LoggerChunkProgressListener/]: Preparing spawn area: 36%
[05Jan2026 06:01:02.751] [Worker-Main-3/INFO] [net.minecraft.server.level.progress.LoggerChunkProgressListener/]: Preparing spawn area: 37%
[05Jan2026 06:01:03.255] [Worker-Main-2/INFO] [net.minecraft.server.level.progress.LoggerChunkProgressListener/]: Preparing spawn area: 39%
[05Jan2026 06:01:03.763] [Worker-Main-2/INFO] [net.minecraft.server.level.progress.LoggerChunkProgressListener/]: Preparing spawn area: 41%
[05Jan2026 06:01:04.278] [Worker-Main-2/INFO] [net.minecraft.server.level.progress.LoggerChunkProgressListener/]: Preparing spawn area: 42%
[05Jan2026 06:01:04.754] [Worker-Main-1/INFO] [net.minecraft.server.level.progress.LoggerChunkProgressListener/]: Preparing spawn area: 43%
[05Jan2026 06:01:05.253] [Worker-Main-3/INFO] [net.minecraft.server.level.progress.LoggerChunkProgressListener/]: Preparing spawn area: 45%
[05Jan2026 06:01:05.775] [Worker-Main-3/INFO] [net.minecraft.server.level.progress.LoggerChunkProgressListener/]: Preparing spawn area: 47%
[05Jan2026 06:01:06.253] [Worker-Main-1/INFO] [net.minecraft.server.level.progress.LoggerChunkProgressListener/]: Preparing spawn area: 48%
[05Jan2026 06:01:06.771] [Worker-Main-2/INFO] [net.minecraft.server.level.progress.LoggerChunkProgressListener/]: Preparing spawn area: 51%
[05Jan2026 06:01:07.284] [Worker-Main-1/INFO] [net.minecraft.server.level.progress.LoggerChunkProgressListener/]: Preparing spawn area: 52%
[05Jan2026 06:01:07.748] [Worker-Main-2/INFO] [net.minecraft.server.level.progress.LoggerChunkProgressListener/]: Preparing spawn area: 54%
[05Jan2026 06:01:08.262] [Worker-Main-2/INFO] [net.minecraft.server.level.progress.LoggerChunkProgressListener/]: Preparing spawn area: 55%
[05Jan2026 06:01:08.785] [Worker-Main-3/INFO] [net.minecraft.server.level.progress.LoggerChunkProgressListener/]: Preparing spawn area: 57%
[05Jan2026 06:01:09.277] [Worker-Main-1/INFO] [net.minecraft.server.level.progress.LoggerChunkProgressListener/]: Preparing spawn area: 59%
[05Jan2026 06:01:09.747] [Worker-Main-1/INFO] [net.minecraft.server.level.progress.LoggerChunkProgressListener/]: Preparing spawn area: 60%
[05Jan2026 06:01:10.291] [Worker-Main-2/INFO] [net.minecraft.server.level.progress.LoggerChunkProgressListener/]: Preparing spawn area: 62%
[05Jan2026 06:01:10.760] [Worker-Main-1/INFO] [net.minecraft.server.level.progress.LoggerChunkProgressListener/]: Preparing spawn area: 62%
[05Jan2026 06:01:11.248] [Worker-Main-2/INFO] [net.minecraft.server.level.progress.LoggerChunkProgressListener/]: Preparing spawn area: 64%
[05Jan2026 06:01:11.789] [Worker-Main-1/INFO] [net.minecraft.server.level.progress.LoggerChunkProgressListener/]: Preparing spawn area: 66%
[05Jan2026 06:01:12.249] [Worker-Main-3/INFO] [net.minecraft.server.level.progress.LoggerChunkProgressListener/]: Preparing spawn area: 68%
[05Jan2026 06:01:12.747] [Worker-Main-2/INFO] [net.minecraft.server.level.progress.LoggerChunkProgressListener/]: Preparing spawn area: 68%
[05Jan2026 06:01:13.265] [Worker-Main-3/INFO] [net.minecraft.server.level.progress.LoggerChunkProgressListener/]: Preparing spawn area: 71%
[05Jan2026 06:01:13.748] [Worker-Main-2/INFO] [net.minecraft.server.level.progress.LoggerChunkProgressListener/]: Preparing spawn area: 72%
[05Jan2026 06:01:14.273] [Worker-Main-2/INFO] [net.minecraft.server.level.progress.LoggerChunkProgressListener/]: Preparing spawn area: 74%
[05Jan2026 06:01:14.749] [Worker-Main-3/INFO] [net.minecraft.server.level.progress.LoggerChunkProgressListener/]: Preparing spawn area: 75%
[05Jan2026 06:01:15.262] [Worker-Main-2/INFO] [net.minecraft.server.level.progress.LoggerChunkProgressListener/]: Preparing spawn area: 77%
[05Jan2026 06:01:15.750] [Worker-Main-1/INFO] [net.minecraft.server.level.progress.LoggerChunkProgressListener/]: Preparing spawn area: 79%
[05Jan2026 06:01:16.248] [Worker-Main-1/INFO] [net.minecraft.server.level.progress.LoggerChunkProgressListener/]: Preparing spawn area: 81%
[05Jan2026 06:01:16.751] [Worker-Main-3/INFO] [net.minecraft.server.level.progress.LoggerChunkProgressListener/]: Preparing spawn area: 83%
[05Jan2026 06:01:17.247] [Worker-Main-1/INFO] [net.minecraft.server.level.progress.LoggerChunkProgressListener/]: Preparing spawn area: 84%
[05Jan2026 06:01:17.771] [Worker-Main-1/INFO] [net.minecraft.server.level.progress.LoggerChunkProgressListener/]: Preparing spawn area: 86%
[05Jan2026 06:01:18.264] [Worker-Main-1/INFO] [net.minecraft.server.level.progress.LoggerChunkProgressListener/]: Preparing spawn area: 88%
[05Jan2026 06:01:18.757] [Worker-Main-1/INFO] [net.minecraft.server.level.progress.LoggerChunkProgressListener/]: Preparing spawn area: 90%
[05Jan2026 06:01:19.247] [Worker-Main-2/INFO] [net.minecraft.server.level.progress.LoggerChunkProgressListener/]: Preparing spawn area: 91%
[05Jan2026 06:01:19.754] [Worker-Main-2/INFO] [net.minecraft.server.level.progress.LoggerChunkProgressListener/]: Preparing spawn area: 93%
[05Jan2026 06:01:20.264] [Worker-Main-1/INFO] [net.minecraft.server.level.progress.LoggerChunkProgressListener/]: Preparing spawn area: 95%
[05Jan2026 06:01:20.767] [Worker-Main-3/INFO] [net.minecraft.server.level.progress.LoggerChunkProgressListener/]: Preparing spawn area: 98%
[05Jan2026 06:01:21.247] [Worker-Main-2/INFO] [net.minecraft.server.level.progress.LoggerChunkProgressListener/]: Preparing spawn area: 99%
[05Jan2026 06:01:21.307] [Server thread/INFO] [net.minecraft.server.level.progress.LoggerChunkProgressListener/]: Time elapsed: 39061 ms
[05Jan2026 06:01:21.307] [Server thread/INFO] [net.minecraft.server.dedicated.DedicatedServer/]: Done (58.574s)! For help, type "help"
[05Jan2026 06:01:21.316] [Server thread/DEBUG] [net.minecraftforge.network.DualStackUtils/]: Detected IPv6 address: "0:0:0:0:0:0:0:0"
[05Jan2026 06:01:21.401] [Server thread/DEBUG] [net.minecraftforge.common.ForgeI18n/CORE]: Loading I18N data entries: 13546
[05Jan2026 06:01:21.404] [Server thread/INFO] [net.minecraftforge.server.permission.PermissionAPI/]: Successfully initialized permission handler forge:default_handler
[05Jan2026 06:01:21.437] [Server thread/INFO] [com.rajhab.morevanillashields_mod.morevanillashields/]: morevanillashields: This mod is now running on a server. Please report any error or bugs.
[05Jan2026 06:01:21.442] [Server thread/INFO] [com.github.alexthe666.iceandfire.IceAndFire/]: {iceandfire:fire_dragon_roost=true, iceandfire:fire_lily=true, iceandfire:spawn_dragon_skeleton_fire=true, iceandfire:lightning_dragon_roost=true, iceandfire:spawn_dragon_skeleton_lightning=true, iceandfire:ice_dragon_roost=true, iceandfire:ice_dragon_cave=true, iceandfire:lightning_dragon_cave=true, iceandfire:cyclops_cave=true, iceandfire:spawn_wandering_cyclops=true, iceandfire:spawn_sea_serpent=true, iceandfire:frost_lily=true, iceandfire:hydra_cave=true, iceandfire:lightning_lily=true, iceandfire:pixie_village=true, iceandfire:myrmex_hive_jungle=true, iceandfire:myrmex_hive_desert=true, iceandfire:silver_ore=true, iceandfire:siren_island=true, iceandfire:spawn_dragon_skeleton_ice=true, iceandfire:spawn_stymphalian_bird=true, iceandfire:fire_dragon_cave=true, iceandfire:sapphire_ore=true, iceandfire:spawn_hippocampus=true, iceandfire:spawn_death_worm=true}
[05Jan2026 06:01:21.442] [Server thread/INFO] [com.github.alexthe666.iceandfire.IceAndFire/]: {TROLL_S=true, HIPPOGRYPH=true, AMPHITHERE=true, COCKATRICE=true, TROLL_M=true, DREAD_LICH=true, TROLL_F=true}
[05Jan2026 06:01:22.089] [Server thread/INFO] [com.github.alexthe666.alexsmobs.AlexsMobs/]: Found Pupfish chunk at -513 ~ 416 after 7 tries
[05Jan2026 06:01:22.359] [Server thread/DEBUG] [mixin/]: Mixing MixinChunkSerializer from architectury.mixins.json into net.minecraft.world.level.chunk.storage.ChunkSerializer
[05Jan2026 06:01:28.854] [Server thread/INFO] [net.minecraft.server.MinecraftServer/]: Stopping the server
[05Jan2026 06:01:28.893] [Server thread/INFO] [net.minecraft.server.MinecraftServer/]: Stopping server
[05Jan2026 06:01:28.894] [Server thread/INFO] [net.minecraft.server.MinecraftServer/]: Saving players
[05Jan2026 06:01:28.894] [Server thread/INFO] [net.minecraft.server.MinecraftServer/]: Saving worlds
[05Jan2026 06:01:30.025] [Server thread/INFO] [net.minecraft.server.MinecraftServer/]: Saving chunks for level 'ServerLevel[world]'/minecraft:overworld
[05Jan2026 06:01:32.198] [Server thread/INFO] [net.minecraft.server.MinecraftServer/]: Saving chunks for level 'ServerLevel[world]'/graveyard:past
[05Jan2026 06:01:32.199] [Server thread/INFO] [net.minecraft.server.MinecraftServer/]: Saving chunks for level 'ServerLevel[world]'/minecraft:the_end
[05Jan2026 06:01:32.199] [Server thread/INFO] [net.minecraft.server.MinecraftServer/]: Saving chunks for level 'ServerLevel[world]'/fossil:anu_lair
[05Jan2026 06:01:32.200] [Server thread/INFO] [net.minecraft.server.MinecraftServer/]: Saving chunks for level 'ServerLevel[world]'/fossil:treasure_room
[05Jan2026 06:01:32.200] [Server thread/INFO] [net.minecraft.server.MinecraftServer/]: Saving chunks for level 'ServerLevel[world]'/minecraft:the_nether
[05Jan2026 06:01:32.310] [Server thread/DEBUG] [net.minecraftforge.common.ForgeHooks/WP]: Gathering id map for writing to world save world
[05Jan2026 06:01:32.363] [Server thread/DEBUG] [net.minecraftforge.common.ForgeHooks/WP]: ID Map collection complete world
[05Jan2026 06:01:32.466] [Server thread/INFO] [net.minecraft.server.MinecraftServer/]: ThreadedAnvilChunkStorage (world): All chunks are saved
[05Jan2026 06:01:32.466] [Server thread/INFO] [net.minecraft.server.MinecraftServer/]: ThreadedAnvilChunkStorage (past): All chunks are saved
[05Jan2026 06:01:32.466] [Server thread/INFO] [net.minecraft.server.MinecraftServer/]: ThreadedAnvilChunkStorage (DIM1): All chunks are saved
[05Jan2026 06:01:32.466] [Server thread/INFO] [net.minecraft.server.MinecraftServer/]: ThreadedAnvilChunkStorage (anu_lair): All chunks are saved
[05Jan2026 06:01:32.466] [Server thread/INFO] [net.minecraft.server.MinecraftServer/]: ThreadedAnvilChunkStorage (treasure_room): All chunks are saved
[05Jan2026 06:01:32.467] [Server thread/INFO] [net.minecraft.server.MinecraftServer/]: ThreadedAnvilChunkStorage (DIM-1): All chunks are saved
[05Jan2026 06:01:32.467] [Server thread/INFO] [net.minecraft.server.MinecraftServer/]: ThreadedAnvilChunkStorage: All dimensions are saved
[05Jan2026 06:01:32.492] [Server thread/DEBUG] [net.minecraftforge.fml.config.ConfigTracker/CONFIG]: Unloading configs type SERVER
[05Jan2026 06:01:32.493] [Server thread/INFO] [journeymap/]: Loading JourneyMap Forge Configs
