[05Jan2026 05:59:48.929] [main/INFO] [cpw.mods.modlauncher.Launcher/MODLAUNCHER]: ModLauncher running: args [--launchTarget, forgeserver, --fml.forgeVersion, 47.3.7, --fml.mcVersion, 1.20.1, --fml.forgeGroup, net.minecraftforge, --fml.mcpVersion, 20230612.114412, nogui]
[05Jan2026 05:59:48.934] [main/INFO] [cpw.mods.modlauncher.Launcher/MODLAUNCHER]: ModLauncher 10.0.9+10.0.9+main.dcd20f30 starting: java version 17.0.16 by Ubuntu; OS Linux arch amd64 version 6.8.0-1030-azure
[05Jan2026 05:59:50.372] [main/INFO] [net.minecraftforge.fml.loading.ImmediateWindowHandler/]: ImmediateWindowProvider not loading because launch target is forgeserver
[05Jan2026 05:59:50.435] [main/INFO] [mixin/]: SpongePowered MIXIN Subsystem Version=0.8.5 Source=union:/workspaces/thepapu/servidor_minecraft/libraries/org/spongepowered/mixin/0.8.5/mixin-0.8.5.jar%2365!/ Service=ModLauncher Env=SERVER
[05Jan2026 05:59:50.798] [main/WARN] [net.minecraftforge.fml.loading.moddiscovery.ModFileParser/LOADING]: Mod file /workspaces/thepapu/servidor_minecraft/libraries/net/minecraftforge/fmlcore/1.20.1-47.3.7/fmlcore-1.20.1-47.3.7.jar is missing mods.toml file
[05Jan2026 05:59:50.800] [main/WARN] [net.minecraftforge.fml.loading.moddiscovery.ModFileParser/LOADING]: Mod file /workspaces/thepapu/servidor_minecraft/libraries/net/minecraftforge/javafmllanguage/1.20.1-47.3.7/javafmllanguage-1.20.1-47.3.7.jar is missing mods.toml file
[05Jan2026 05:59:50.801] [main/WARN] [net.minecraftforge.fml.loading.moddiscovery.ModFileParser/LOADING]: Mod file /workspaces/thepapu/servidor_minecraft/libraries/net/minecraftforge/lowcodelanguage/1.20.1-47.3.7/lowcodelanguage-1.20.1-47.3.7.jar is missing mods.toml file
[05Jan2026 05:59:50.802] [main/WARN] [net.minecraftforge.fml.loading.moddiscovery.ModFileParser/LOADING]: Mod file /workspaces/thepapu/servidor_minecraft/libraries/net/minecraftforge/mclanguage/1.20.1-47.3.7/mclanguage-1.20.1-47.3.7.jar is missing mods.toml file
[05Jan2026 05:59:50.994] [main/WARN] [net.minecraftforge.jarjar.selection.JarSelector/]: Attempted to select two dependency jars from JarJar which have the same identification: Mod File:  and Mod File: . Using Mod File: 
[05Jan2026 05:59:50.996] [main/INFO] [net.minecraftforge.fml.loading.moddiscovery.JarInJarDependencyLocator/]: Found 4 dependencies adding them to mods collection
[05Jan2026 05:59:53.159] [main/INFO] [mixin/]: Compatibility level set to JAVA_17
[05Jan2026 05:59:53.285] [main/INFO] [cpw.mods.modlauncher.LaunchServiceHandler/MODLAUNCHER]: Launching target 'forgeserver' with arguments [nogui]
[05Jan2026 05:59:53.331] [main/INFO] [Xenon/]: Loaded configuration file for Xenon: 126 options available, 0 override(s) found
[05Jan2026 05:59:53.352] [main/WARN] [mixin/]: Reference map 'graveyard-FORGE-forge-refmap.json' for graveyard-forge.mixins.json could not be read. If this is a development environment you can ignore this message
[05Jan2026 05:59:53.355] [main/WARN] [mixin/]: Reference map 'naturalist-forge-forge-refmap.json' for naturalist.mixins.json could not be read. If this is a development environment you can ignore this message
[05Jan2026 05:59:53.457] [main/WARN] [mixin/]: Reference map 'morevillagers-forge-forge-refmap.json' for morevillagers.mixins.json could not be read. If this is a development environment you can ignore this message
[05Jan2026 05:59:53.485] [main/WARN] [mixin/]: Reference map 'mvs-forge-refmap.json' for mvs-forge.mixins.json could not be read. If this is a development environment you can ignore this message
[05Jan2026 05:59:53.516] [main/INFO] [Puzzles Lib/]: Loading 71 mods:
	- alexsmobs 1.22.7
	- ambientsounds 6.0.3
	- ants_unleashed 1.0.0
	- architectury 9.2.14
	- betterskills 1.8.1
	- biomesoplenty 18.0.0.592
	- bloodandmadness 2.0
	- born_in_chaos_v1 1.7.2
	- bosses_of_mass_destruction 1.1.1
	- brutalbosses 1.20.1-7.0
	- cataclysm 1.99.5
	- cerbons_api 1.0.0
	- citadel 2.5.4
	- cloth_config 11.1.118
	- creativecore 2.11.31
	- crittersandcompanions 1.20.1-2.1.6
	- cupboard 1.20.1-2.7
	- curios 5.9.1+1.20.1
	- dungeonnowloading 2.0
	- endreborn 1.1.3
	- endrem 5.2.3-R-1.20.1
	- epicfight 20.7.4
	- forbidden_arcanus 1.20.1-2.2.6
	- forge 47.3.7
	- fossil 9.2.1.3
	- ftbessentials 2001.2.3
	- ftblibrary 2001.2.10
	- geckolib 4.4.7
	- gravestone 1.20.1-1.0.16
	- graveyard 3.1
	- grimoireofgaia 4.0.0-alpha.10
	- hoporp 1.3.7
	- hopour 1.1.4
	- iceandfire 2.1.13-1.20.1-beta-4
	- integrated_api 1.5.1+1.20.1-forge
	- iter_rpg 0.7.0
	- jei 15.3.0.7
	- journeymap 5.10.0
	- justenoughbreeding 1.2.1
	- legendary_monsters 1.20.1
	- lionfishapi 1.9
	- minecraft 1.20.1
	- mirabilis 1.1.1
	- morehitboxes 1.9.2
		\-- mixinextras 0.4.1
	- morevanillashields 1.1.0-1.20.1
	- morevillagers 5.0.0
	- mvs 4.1.2-1.20-forge
	- naturalist 4.0.3
	- netherdungeons 1.1.0-snapshot3a
	- orcz 0.82
	- philipsruins 4.1
	- puzzleslib 8.1.21
		\-- puzzlesaccessapi 8.0.7
	- realmrpg_demons 0.9.0
	- realmrpg_skeletons 1.0.3
	- riskofrain_mobs 1.1.2
	- seadwellers 2.9.9
	- smallships 2.0.0-b1.3.1
	- spartanshields 3.1.1
	- spartanweaponry 3.1.0-beta-1
	- swampier_swamps 1.20-4.0.0
	- taxcp 1.0.1
	- taxva 1.1.1
	- terrablender 3.0.1.7
	- travelersbackpack 9.1.14
	- valhelsia_core 1.1.2
	- valhelsia_furniture 1.1.3
	- visualworkbench 8.0.0
	- xenon 0.3.19+mc1.20.1
		|-- embeddium 0.3.19+mc1.20.1
		\-- rubidium 0.7.1
	- zillagersweararmor 1.20.1-1.3.4
[05Jan2026 05:59:53.527] [main/WARN] [mixin/]: Reference map 'smallships-forge-refmap.json' for smallships.mixins.json could not be read. If this is a development environment you can ignore this message
[05Jan2026 05:59:54.193] [main/ERROR] [net.minecraftforge.fml.loading.RuntimeDistCleaner/DISTXFORM]: Attempted to load class net/minecraft/client/renderer/ItemInHandRenderer for invalid dist DEDICATED_SERVER
[05Jan2026 05:59:54.194] [main/WARN] [mixin/]: Error loading class: net/minecraft/client/renderer/ItemInHandRenderer (java.lang.RuntimeException: Attempted to load class net/minecraft/client/renderer/ItemInHandRenderer for invalid dist DEDICATED_SERVER)
[05Jan2026 05:59:54.194] [main/WARN] [mixin/]: @Mixin target net.minecraft.client.renderer.ItemInHandRenderer was not found dungeonnowloading.forge.mixins.json:items.ItemInHandRendererMixin
[05Jan2026 05:59:54.845] [main/ERROR] [net.minecraftforge.fml.loading.RuntimeDistCleaner/DISTXFORM]: Attempted to load class net/minecraft/client/renderer/block/model/ItemModelGenerator for invalid dist DEDICATED_SERVER
[05Jan2026 05:59:54.846] [main/WARN] [mixin/]: Error loading class: net/minecraft/client/renderer/block/model/ItemModelGenerator (java.lang.RuntimeException: Attempted to load class net/minecraft/client/renderer/block/model/ItemModelGenerator for invalid dist DEDICATED_SERVER)
[05Jan2026 05:59:54.846] [main/WARN] [mixin/]: @Mixin target net.minecraft.client.renderer.block.model.ItemModelGenerator was not found spartanweaponry.mixins.json:ItemModelGeneratorMixin
[05Jan2026 05:59:54.961] [main/WARN] [mixin/]: Error loading class: tschipp/carryon/common/carry/PickupHandler (java.lang.ClassNotFoundException: tschipp.carryon.common.carry.PickupHandler)
[05Jan2026 05:59:54.961] [main/WARN] [mixin/]: @Mixin target tschipp.carryon.common.carry.PickupHandler was not found fossil_forge.mixins.json:PickupHandlerMixin
[05Jan2026 05:59:55.177] [main/INFO] [MixinExtras|Service/]: Initializing MixinExtras via com.llamalad7.mixinextras.service.MixinExtrasServiceImpl(version=0.4.1).
[05Jan2026 05:59:56.279] [main/WARN] [mixin/]: @Inject(@At("INVOKE")) Shift.BY=1 on crittersandcompanions.mixins.json:LivingEntityMixin::handler$zja000$onDie exceeds the maximum allowed value: 0. Increase the value of maxShiftBy to suppress this warning.
[05Jan2026 05:59:58.470] [main/WARN] [mixin/]: @Final field f_31427_:[I in epicfight.mixins.json:MixinWitherBoss should be final
[05Jan2026 05:59:58.471] [main/WARN] [mixin/]: @Final field f_31428_:[I in epicfight.mixins.json:MixinWitherBoss should be final
[05Jan2026 06:00:02.687] [modloading-worker-0/ERROR] [net.minecraftforge.fml.loading.RuntimeDistCleaner/DISTXFORM]: Attempted to load class net/minecraft/client/Minecraft for invalid dist DEDICATED_SERVER
[05Jan2026 06:00:02.689] [modloading-worker-0/ERROR] [Xenon/]: Failed to update fingerprint
java.lang.RuntimeException: Attempted to load class net/minecraft/client/Minecraft for invalid dist DEDICATED_SERVER
	at net.minecraftforge.fml.loading.RuntimeDistCleaner.processClassWithFlags(RuntimeDistCleaner.java:57) ~[fmlloader-1.20.1-47.3.7.jar%2369!/:1.0]
	at cpw.mods.modlauncher.LaunchPluginHandler.offerClassNodeToPlugins(LaunchPluginHandler.java:88) ~[modlauncher-10.0.9.jar%2355!/:?]
	at cpw.mods.modlauncher.ClassTransformer.transform(ClassTransformer.java:120) ~[modlauncher-10.0.9.jar%2355!/:?]
	at cpw.mods.modlauncher.TransformingClassLoader.maybeTransformClassBytes(TransformingClassLoader.java:50) ~[modlauncher-10.0.9.jar%2355!/:?]
	at cpw.mods.cl.ModuleClassLoader.readerToClass(ModuleClassLoader.java:113) ~[securejarhandler-2.1.10.jar:?]
	at cpw.mods.cl.ModuleClassLoader.lambda$findClass$15(ModuleClassLoader.java:219) ~[securejarhandler-2.1.10.jar:?]
	at cpw.mods.cl.ModuleClassLoader.loadFromModule(ModuleClassLoader.java:229) ~[securejarhandler-2.1.10.jar:?]
	at cpw.mods.cl.ModuleClassLoader.findClass(ModuleClassLoader.java:219) ~[securejarhandler-2.1.10.jar:?]
	at cpw.mods.cl.ModuleClassLoader.loadClass(ModuleClassLoader.java:135) ~[securejarhandler-2.1.10.jar:?]
	at java.lang.ClassLoader.loadClass(ClassLoader.java:525) ~[?:?]
	at me.jellysquid.mods.sodium.client.data.fingerprint.FingerprintMeasure.create(FingerprintMeasure.java:19) ~[xenon-0.3.19+mc1.20.1.jar%23233!/:?]
	at me.jellysquid.mods.sodium.client.SodiumClientMod.updateFingerprint(SodiumClientMod.java:101) ~[xenon-0.3.19+mc1.20.1.jar%23233!/:?]
	at me.jellysquid.mods.sodium.client.SodiumClientMod.<init>(SodiumClientMod.java:42) ~[xenon-0.3.19+mc1.20.1.jar%23233!/:?]
	at jdk.internal.reflect.NativeConstructorAccessorImpl.newInstance0(Native Method) ~[?:?]
	at jdk.internal.reflect.NativeConstructorAccessorImpl.newInstance(NativeConstructorAccessorImpl.java:77) ~[?:?]
	at jdk.internal.reflect.DelegatingConstructorAccessorImpl.newInstance(DelegatingConstructorAccessorImpl.java:45) ~[?:?]
	at java.lang.reflect.Constructor.newInstanceWithCaller(Constructor.java:500) ~[?:?]
	at java.lang.reflect.Constructor.newInstance(Constructor.java:481) ~[?:?]
	at net.minecraftforge.fml.javafmlmod.FMLModContainer.constructMod(FMLModContainer.java:70) ~[javafmllanguage-1.20.1-47.3.7.jar%23237!/:?]
	at net.minecraftforge.fml.ModContainer.lambda$buildTransitionHandler$4(ModContainer.java:124) ~[fmlcore-1.20.1-47.3.7.jar%23236!/:?]
	at java.util.concurrent.CompletableFuture$AsyncRun.run(CompletableFuture.java:1804) ~[?:?]
	at java.util.concurrent.CompletableFuture$AsyncRun.exec(CompletableFuture.java:1796) ~[?:?]
	at java.util.concurrent.ForkJoinTask.doExec(ForkJoinTask.java:373) ~[?:?]
	at java.util.concurrent.ForkJoinPool$WorkQueue.topLevelExec(ForkJoinPool.java:1182) ~[?:?]
	at java.util.concurrent.ForkJoinPool.scan(ForkJoinPool.java:1655) ~[?:?]
	at java.util.concurrent.ForkJoinPool.runWorker(ForkJoinPool.java:1622) ~[?:?]
	at java.util.concurrent.ForkJoinWorkerThread.run(ForkJoinWorkerThread.java:165) ~[?:?]
[05Jan2026 06:00:02.913] [modloading-worker-0/INFO] [Puzzles Lib/]: Constructing common components for visualworkbench:main
[05Jan2026 06:00:03.403] [modloading-worker-0/INFO] [epicfight/]: Registered skill epicfight:epicfight:basic_attack
[05Jan2026 06:00:03.404] [modloading-worker-0/INFO] [epicfight/]: Registered skill epicfight:epicfight:air_attack
[05Jan2026 06:00:03.406] [modloading-worker-0/INFO] [epicfight/]: Registered skill epicfight:epicfight:roll
[05Jan2026 06:00:03.409] [modloading-worker-0/INFO] [epicfight/]: Registered skill epicfight:epicfight:step
[05Jan2026 06:00:03.410] [modloading-worker-0/INFO] [epicfight/]: Registered skill epicfight:epicfight:knockdown_wakeup
[05Jan2026 06:00:03.439] [modloading-worker-0/INFO] [epicfight/]: Registered skill epicfight:epicfight:guard
[05Jan2026 06:00:03.446] [modloading-worker-0/INFO] [epicfight/]: Registered skill epicfight:epicfight:parrying
[05Jan2026 06:00:03.448] [modloading-worker-0/INFO] [epicfight/]: Registered skill epicfight:epicfight:impact_guard
[05Jan2026 06:00:03.456] [modloading-worker-0/INFO] [epicfight/]: Registered skill epicfight:epicfight:berserker
[05Jan2026 06:00:03.574] [modloading-worker-0/INFO] [epicfight/]: Registered skill epicfight:epicfight:death_harvest
[05Jan2026 06:00:03.577] [modloading-worker-0/INFO] [epicfight/]: Registered skill epicfight:epicfight:emergency_escape
[05Jan2026 06:00:03.578] [modloading-worker-0/INFO] [epicfight/]: Registered skill epicfight:epicfight:endurance
[05Jan2026 06:00:03.578] [modloading-worker-0/INFO] [epicfight/]: Registered skill epicfight:epicfight:forbidden_strength
[05Jan2026 06:00:03.579] [modloading-worker-0/INFO] [epicfight/]: Registered skill epicfight:epicfight:hypervitality
[05Jan2026 06:00:03.580] [modloading-worker-0/INFO] [epicfight/]: Registered skill epicfight:epicfight:stamina_pillager
[05Jan2026 06:00:03.581] [modloading-worker-0/INFO] [epicfight/]: Registered skill epicfight:epicfight:swordmaster
[05Jan2026 06:00:03.582] [modloading-worker-0/INFO] [epicfight/]: Registered skill epicfight:epicfight:technician
[05Jan2026 06:00:03.584] [modloading-worker-0/INFO] [graveyard/]: Registered JSON trade offer adapter.
[05Jan2026 06:00:03.590] [modloading-worker-0/INFO] [epicfight/]: Registered skill epicfight:epicfight:sweeping_edge
[05Jan2026 06:00:03.600] [modloading-worker-0/INFO] [epicfight/]: Registered skill epicfight:epicfight:dancing_edge
[05Jan2026 06:00:03.601] [modloading-worker-0/INFO] [epicfight/]: Registered skill epicfight:epicfight:the_guillotine
[05Jan2026 06:00:03.607] [modloading-worker-0/INFO] [epicfight/]: Registered skill epicfight:epicfight:grasping_spire
[05Jan2026 06:00:03.607] [modloading-worker-0/INFO] [epicfight/]: Registered skill epicfight:epicfight:heartpiercer
[05Jan2026 06:00:03.619] [modloading-worker-0/INFO] [epicfight/]: Registered skill epicfight:epicfight:steel_whirlwind
[05Jan2026 06:00:03.625] [modloading-worker-0/INFO] [epicfight/]: Registered skill epicfight:epicfight:battojutsu
[05Jan2026 06:00:03.629] [modloading-worker-0/INFO] [epicfight/]: Registered skill epicfight:epicfight:battojutsu_passive
[05Jan2026 06:00:03.632] [modloading-worker-0/INFO] [epicfight/]: Registered skill epicfight:epicfight:rushing_tempo
[05Jan2026 06:00:03.636] [modloading-worker-0/INFO] [epicfight/]: Registered skill epicfight:epicfight:relentless_combo
[05Jan2026 06:00:03.638] [modloading-worker-0/INFO] [epicfight/]: Registered skill epicfight:epicfight:liechtenauer
[05Jan2026 06:00:03.642] [modloading-worker-0/INFO] [epicfight/]: Registered skill epicfight:epicfight:sharp_stab
[05Jan2026 06:00:03.648] [modloading-worker-0/INFO] [epicfight/]: Registered skill epicfight:epicfight:eviscerate
[05Jan2026 06:00:03.750] [modloading-worker-0/INFO] [epicfight/]: Registered skill epicfight:epicfight:blade_rush
[05Jan2026 06:00:03.752] [modloading-worker-0/INFO] [epicfight/]: Registered skill epicfight:epicfight:wrathful_lighting
[05Jan2026 06:00:03.756] [modloading-worker-0/INFO] [epicfight/]: Registered skill epicfight:epicfight:tsunami
[05Jan2026 06:00:03.757] [modloading-worker-0/INFO] [epicfight/]: Registered skill epicfight:epicfight:everlasting_allegiance
[05Jan2026 06:00:03.762] [modloading-worker-0/INFO] [epicfight/]: Registered skill epicfight:epicfight:meteor_slam
[05Jan2026 06:00:03.775] [modloading-worker-0/INFO] [epicfight/]: Registered skill epicfight:epicfight:revelation
[05Jan2026 06:00:03.776] [modloading-worker-0/INFO] [epicfight/]: Registered skill epicfight:epicfight:demolition_leap
[05Jan2026 06:00:03.780] [modloading-worker-0/INFO] [epicfight/]: Registered skill epicfight:epicfight:phantom_ascent
[05Jan2026 06:00:04.651] [modloading-worker-0/INFO] [net.minecraftforge.common.ForgeMod/FORGEMOD]: Forge mod loading, version 47.3.7, for MC 1.20.1 with MCP 20230612.114412
[05Jan2026 06:00:04.651] [modloading-worker-0/INFO] [net.minecraftforge.common.MinecraftForge/FORGE]: MinecraftForge v47.3.7 Initialized
[05Jan2026 06:00:04.859] [modloading-worker-0/INFO] [Dungeon Now Loading/]: Hello Forge world!
[05Jan2026 06:00:05.005] [modloading-worker-0/INFO] [com.teamdurt.netherdungeons.NetherDungeons/]: Nether Dungeons mod init finished.
[05Jan2026 06:00:05.429] [modloading-worker-0/INFO] [Spartan Shields/]: Constructing Mod: Spartan Shields
[05Jan2026 06:00:05.679] [modloading-worker-0/INFO] [Spartan Weaponry/]: Constructing Mod: Spartan Weaponry
[05Jan2026 06:00:05.683] [modloading-worker-0/INFO] [Spartan Weaponry/]: Initialising API! Version: 10
[05Jan2026 06:00:05.684] [modloading-worker-0/INFO] [Spartan Weaponry/]: Spartan Weaponry API version 10 has been initalized!
[05Jan2026 06:00:05.786] [modloading-worker-0/INFO] [dev.architectury.networking.forge.NetworkManagerImpl/]: Registering C2S receiver with id architectury:sync_ids
[05Jan2026 06:00:05.792] [modloading-worker-0/INFO] [dev.architectury.networking.forge.NetworkManagerImpl/]: Registering C2S receiver with id ftblibrary:edit_nbt_response
[05Jan2026 06:00:05.807] [modloading-worker-0/INFO] [com.cupboard.Cupboard/]: Loaded config for: cupboard.json
[05Jan2026 06:00:05.853] [modloading-worker-0/INFO] [Puzzles Lib/]: Constructing common components for puzzleslib:main
[05Jan2026 06:00:06.299] [modloading-worker-0/INFO] [dev.architectury.networking.forge.NetworkManagerImpl/]: Registering C2S receiver with id fossil:cap_channel/537e4f78f24b30e4bee5892e8d9314fa
[05Jan2026 06:00:06.300] [modloading-worker-0/INFO] [dev.architectury.networking.forge.NetworkManagerImpl/]: Registering C2S receiver with id fossil:sync_channel/f7d73d83d6fa3fb99fb754f57f7238af
[05Jan2026 06:00:06.301] [modloading-worker-0/INFO] [dev.architectury.networking.forge.NetworkManagerImpl/]: Registering C2S receiver with id fossil:sync_channel/5ecf814711a7357f8ebd58d771f05139
[05Jan2026 06:00:06.303] [modloading-worker-0/INFO] [dev.architectury.networking.forge.NetworkManagerImpl/]: Registering C2S receiver with id fossil:sync_channel/2ae61e410df635b2b2c2d4eaa7b7afcb
[05Jan2026 06:00:06.304] [modloading-worker-0/INFO] [dev.architectury.networking.forge.NetworkManagerImpl/]: Registering C2S receiver with id fossil:sync_channel/600dc9ad56393757ae8315ba075af416
[05Jan2026 06:00:06.305] [modloading-worker-0/INFO] [dev.architectury.networking.forge.NetworkManagerImpl/]: Registering C2S receiver with id fossil:sync_channel/ec18fa987d5331379c9156102188220c
[05Jan2026 06:00:06.306] [modloading-worker-0/INFO] [dev.architectury.networking.forge.NetworkManagerImpl/]: Registering C2S receiver with id fossil:sync_channel/b0228010ee3d3689beb49186e8009925
[05Jan2026 06:00:06.306] [modloading-worker-0/INFO] [dev.architectury.networking.forge.NetworkManagerImpl/]: Registering C2S receiver with id fossil:sync_channel/ed688e568fc63151a34c0f912fce9d27
[05Jan2026 06:00:06.307] [modloading-worker-0/INFO] [dev.architectury.networking.forge.NetworkManagerImpl/]: Registering C2S receiver with id fossil:sync_channel/8aaf614d5e2d39dd9e136e8c430145a9
[05Jan2026 06:00:06.308] [modloading-worker-0/INFO] [dev.architectury.networking.forge.NetworkManagerImpl/]: Registering C2S receiver with id fossil:sync_channel/08e9f40b177134efbc5eb99e2ad6bcb5
[05Jan2026 06:00:06.309] [modloading-worker-0/INFO] [dev.architectury.networking.forge.NetworkManagerImpl/]: Registering C2S receiver with id fossil:sync_channel/531d15ea7fd13018964a31b3ccac540a
[05Jan2026 06:00:09.914] [main/WARN] [net.minecraft.network.syncher.SynchedEntityData/]: defineId called for: class com.nitespring.bloodborne.common.entities.mobs.parent.AbstractBloodborneEntity from class com.nitespring.bloodborne.common.entities.mobs.parent.AbstractHuntsmanEntity
[05Jan2026 06:00:09.915] [main/WARN] [net.minecraft.network.syncher.SynchedEntityData/]: defineId called for: class com.nitespring.bloodborne.common.entities.mobs.parent.AbstractBloodborneEntity from class com.nitespring.bloodborne.common.entities.mobs.parent.AbstractHuntsmanEntity
[05Jan2026 06:00:09.926] [main/WARN] [net.minecraft.network.syncher.SynchedEntityData/]: defineId called for: class net.mcreator.borninchaosv.entity.BabySpiderEntity from class net.mcreator.borninchaosv.entity.MotherSpiderEntity
[05Jan2026 06:00:09.936] [main/WARN] [net.minecraft.network.syncher.SynchedEntityData/]: defineId called for: class net.miauczel.legendary_monsters.entity.AnimatedMonster.Mobs.Shulker_MimicEntity from class net.miauczel.legendary_monsters.entity.AnimatedMonster.Old.OldShulkerMimic
[05Jan2026 06:00:09.937] [main/WARN] [net.minecraft.network.syncher.SynchedEntityData/]: defineId called for: class net.miauczel.legendary_monsters.entity.AnimatedMonster.IAnimatedBoss.CloudGolem.Cloud_GolemEntity from class net.miauczel.legendary_monsters.entity.AnimatedMonster.OriginClasses.IAnimatedBoss
[05Jan2026 06:00:09.937] [main/WARN] [net.minecraft.network.syncher.SynchedEntityData/]: defineId called for: class net.miauczel.legendary_monsters.entity.AnimatedMonster.IAnimatedBoss.CloudGolem.Cloud_GolemEntity from class net.miauczel.legendary_monsters.entity.AnimatedMonster.OriginClasses.IAnimatedBoss
[05Jan2026 06:00:09.937] [main/WARN] [net.minecraft.network.syncher.SynchedEntityData/]: defineId called for: class net.miauczel.legendary_monsters.entity.AnimatedMonster.IAnimatedBoss.CloudGolem.Cloud_GolemEntity from class net.miauczel.legendary_monsters.entity.AnimatedMonster.OriginClasses.IAnimatedBoss
[05Jan2026 06:00:10.058] [main/WARN] [net.minecraftforge.common.ForgeConfigSpec/CORE]: Configuration file /workspaces/thepapu/servidor_minecraft/config/philips-ruins-common-configs.toml is not correct. Correcting
[05Jan2026 06:00:10.059] [main/WARN] [net.minecraftforge.common.ForgeConfigSpec/CORE]: Incorrect key Philip's Ruins.Structure Spawn Seed was corrected from 1 to its default, 1. 
[05Jan2026 06:00:10.075] [main/INFO] [Spartan Shields/]: Loading config spartanshields-common.toml
[05Jan2026 06:00:10.081] [Thread-1/INFO] [Spartan Shields/]: Loading config spartanshields-common.toml
[05Jan2026 06:00:10.083] [Thread-1/INFO] [Spartan Shields/]: Loading config spartanshields-common.toml
[05Jan2026 06:00:10.167] [modloading-worker-0/INFO] [com.rajhab.morevanillashields_mod.morevanillashields/]: morevanillashields: This mod now runs with a config file. Feel free to use it!
[05Jan2026 06:00:10.273] [modloading-worker-0/INFO] [Spartan Shields/]: Setting up Spartan Shields!
[05Jan2026 06:00:10.278] [modloading-worker-0/INFO] [com.brutalbosses.BrutalBosses/]: brutalbosses mod initialized
[05Jan2026 06:00:10.315] [modloading-worker-0/INFO] [Spartan Weaponry/]: Setting up Spartan Weaponry!
[05Jan2026 06:00:10.373] [Forge Version Check/INFO] [net.minecraftforge.fml.VersionChecker/]: [visualworkbench] Starting version check at https://raw.githubusercontent.com/Fuzss/modresources/main/update/visualworkbench.json
[05Jan2026 06:00:10.396] [main/INFO] [journeymap/]: Initializing Packet Registries
[05Jan2026 06:00:10.484] [main/INFO] [com.tiviacz.travelersbackpack.TravelersBackpack/]: Registered the FluidEffect with Unique ID of minecraft:water for Water (Fluid Amount Required: 1000) with the ID 0
[05Jan2026 06:00:10.484] [main/INFO] [com.tiviacz.travelersbackpack.TravelersBackpack/]: Registered the FluidEffect with Unique ID of minecraft:lava for Lava (Fluid Amount Required: 1000) with the ID 1
[05Jan2026 06:00:10.485] [main/INFO] [com.tiviacz.travelersbackpack.TravelersBackpack/]: Registered the FluidEffect with Unique ID of travelersbackpack:potion for Uncraftable Potion (Fluid Amount Required: 250) with the ID 2
[05Jan2026 06:00:10.485] [main/INFO] [com.tiviacz.travelersbackpack.TravelersBackpack/]: Registered the FluidEffect with Unique ID of minecraft:milk for Milk (Fluid Amount Required: 1000) with the ID 3
[05Jan2026 06:00:10.518] [Forge Version Check/INFO] [net.minecraftforge.fml.VersionChecker/]: [visualworkbench] Found status: OUTDATED Current: 8.0.0 Target: 8.0.1
[05Jan2026 06:00:10.519] [Forge Version Check/INFO] [net.minecraftforge.fml.VersionChecker/]: [journeymap] Starting version check at https://forge.curseupdate.com/32274/journeymap
[05Jan2026 06:00:10.542] [main/INFO] [terrablender/]: Registered region minecraft:overworld to index 0 for type OVERWORLD
[05Jan2026 06:00:10.542] [main/INFO] [terrablender/]: Registered region minecraft:nether to index 0 for type NETHER
[05Jan2026 06:00:10.543] [main/INFO] [terrablender/]: Registered region biomesoplenty:overworld_primary to index 1 for type OVERWORLD
[05Jan2026 06:00:10.543] [main/INFO] [terrablender/]: Registered region biomesoplenty:overworld_secondary to index 2 for type OVERWORLD
[05Jan2026 06:00:10.543] [main/INFO] [terrablender/]: Registered region biomesoplenty:overworld_rare to index 3 for type OVERWORLD
[05Jan2026 06:00:10.544] [main/INFO] [terrablender/]: Registered region biomesoplenty:nether_common to index 1 for type NETHER
[05Jan2026 06:00:10.544] [main/INFO] [terrablender/]: Registered region biomesoplenty:nether_rare to index 2 for type NETHER
[05Jan2026 06:00:10.631] [main/INFO] [terrablender/]: Registered region fossil:overworld to index 4 for type OVERWORLD
[05Jan2026 06:00:10.665] [Forge Version Check/INFO] [net.minecraftforge.fml.VersionChecker/]: [journeymap] Found status: OUTDATED Current: 5.10.0 Target: 5.10.3
[05Jan2026 06:00:10.665] [Forge Version Check/INFO] [net.minecraftforge.fml.VersionChecker/]: [travelersbackpack] Starting version check at https://gist.githubusercontent.com/Tiviacz1337/906937677aa472285dff9d6c2a189d5e/raw
[05Jan2026 06:00:10.720] [Forge Version Check/INFO] [net.minecraftforge.fml.VersionChecker/]: [travelersbackpack] Found status: OUTDATED Current: 9.1.14 Target: 9.1.16
[05Jan2026 06:00:10.721] [Forge Version Check/INFO] [net.minecraftforge.fml.VersionChecker/]: [morevanillashields] Starting version check at https://raw.githubusercontent.com/Rajhab/MoreVanillaShields-UpdateChecker/main/update.json
[05Jan2026 06:00:10.733] [Forge Version Check/INFO] [net.minecraftforge.fml.VersionChecker/]: [morevanillashields] Found status: OUTDATED Current: 1.1.0-1.20.1 Target: 1.1.4-1.20.1
[05Jan2026 06:00:10.733] [Forge Version Check/INFO] [net.minecraftforge.fml.VersionChecker/]: [puzzlesaccessapi] Starting version check at https://raw.githubusercontent.com/Fuzss/modresources/main/update/puzzlesaccessapi.json
[05Jan2026 06:00:10.735] [modloading-worker-0/INFO] [epicfight/]: Start animation registration of epicfight
[05Jan2026 06:00:10.735] [modloading-worker-0/INFO] [epicfight/]: Assigned animation id 0 to biped/living/idle
[05Jan2026 06:00:10.736] [modloading-worker-0/INFO] [epicfight/]: Assigned animation id 1 to biped/living/walk
[05Jan2026 06:00:10.736] [modloading-worker-0/INFO] [epicfight/]: Assigned animation id 2 to biped/living/fly
[05Jan2026 06:00:10.736] [modloading-worker-0/INFO] [epicfight/]: Assigned animation id 3 to biped/living/creative_idle
[05Jan2026 06:00:10.737] [modloading-worker-0/INFO] [epicfight/]: Assigned animation id 4 to biped/living/creative_fly
[05Jan2026 06:00:10.743] [modloading-worker-0/INFO] [epicfight/]: Assigned animation id 5 to biped/living/creative_fly_backward
[05Jan2026 06:00:10.744] [Forge Version Check/INFO] [net.minecraftforge.fml.VersionChecker/]: [puzzlesaccessapi] Found status: BETA Current: 8.0.7 Target: null
[05Jan2026 06:00:10.744] [Forge Version Check/INFO] [net.minecraftforge.fml.VersionChecker/]: [forge] Starting version check at https://files.minecraftforge.net/net/minecraftforge/forge/promotions_slim.json
[05Jan2026 06:00:10.745] [modloading-worker-0/INFO] [epicfight/]: Assigned animation id 6 to 
[05Jan2026 06:00:10.745] [modloading-worker-0/INFO] [epicfight/]: Assigned animation id 7 to biped/living/hold_crossbow
[05Jan2026 06:00:10.745] [modloading-worker-0/INFO] [epicfight/]: Assigned animation id 8 to biped/living/hold_map_twohand
[05Jan2026 06:00:10.746] [modloading-worker-0/INFO] [epicfight/]: Assigned animation id 9 to biped/living/hold_map_offhand
[05Jan2026 06:00:10.747] [modloading-worker-0/INFO] [epicfight/]: Assigned animation id 10 to biped/living/hold_map_mainhand
[05Jan2026 06:00:10.747] [modloading-worker-0/INFO] [epicfight/]: Assigned animation id 11 to biped/living/hold_map_twohand_move
[05Jan2026 06:00:10.747] [modloading-worker-0/INFO] [epicfight/]: Assigned animation id 12 to biped/living/hold_map_offhand_move
[05Jan2026 06:00:10.747] [modloading-worker-0/INFO] [epicfight/]: Assigned animation id 13 to biped/living/hold_map_mainhand_move
[05Jan2026 06:00:10.748] [modloading-worker-0/INFO] [epicfight/]: Assigned animation id 14 to biped/living/run
[05Jan2026 06:00:10.748] [modloading-worker-0/INFO] [epicfight/]: Assigned animation id 15 to biped/living/sneak
[05Jan2026 06:00:10.748] [modloading-worker-0/INFO] [epicfight/]: Assigned animation id 16 to biped/living/swim
[05Jan2026 06:00:10.748] [modloading-worker-0/INFO] [epicfight/]: Assigned animation id 17 to biped/living/float
[05Jan2026 06:00:10.749] [modloading-worker-0/INFO] [epicfight/]: Assigned animation id 18 to biped/living/kneel
[05Jan2026 06:00:10.749] [modloading-worker-0/INFO] [epicfight/]: Assigned animation id 19 to biped/living/fall
[05Jan2026 06:00:10.749] [modloading-worker-0/INFO] [epicfight/]: Assigned animation id 20 to biped/living/mount
[05Jan2026 06:00:10.749] [modloading-worker-0/INFO] [epicfight/]: Assigned animation id 21 to biped/living/sit
[05Jan2026 06:00:10.750] [modloading-worker-0/INFO] [epicfight/]: Assigned animation id 22 to biped/living/dig
[05Jan2026 06:00:10.750] [modloading-worker-0/INFO] [epicfight/]: Assigned animation id 23 to biped/living/dig_offhand
[05Jan2026 06:00:10.750] [modloading-worker-0/INFO] [epicfight/]: Assigned animation id 24 to 
[05Jan2026 06:00:10.751] [modloading-worker-0/INFO] [epicfight/]: Assigned animation id 25 to biped/combat/bow_aim_mid
[05Jan2026 06:00:10.751] [modloading-worker-0/INFO] [epicfight/]: Assigned animation id 26 to biped/combat/bow_shot_mid
[05Jan2026 06:00:10.754] [modloading-worker-0/INFO] [epicfight/]: Assigned animation id 27 to biped/living/drink
[05Jan2026 06:00:10.754] [modloading-worker-0/INFO] [epicfight/]: Assigned animation id 28 to biped/living/drink
[05Jan2026 06:00:10.754] [modloading-worker-0/INFO] [epicfight/]: Assigned animation id 29 to biped/living/drink_offhand
[05Jan2026 06:00:10.754] [modloading-worker-0/INFO] [epicfight/]: Assigned animation id 30 to biped/living/eat
[05Jan2026 06:00:10.754] [modloading-worker-0/INFO] [epicfight/]: Assigned animation id 31 to biped/living/eat
[05Jan2026 06:00:10.755] [modloading-worker-0/INFO] [epicfight/]: Assigned animation id 32 to biped/living/eat_offhand
[05Jan2026 06:00:10.755] [modloading-worker-0/INFO] [epicfight/]: Assigned animation id 33 to biped/living/spyglass
[05Jan2026 06:00:10.755] [modloading-worker-0/INFO] [epicfight/]: Assigned animation id 34 to biped/living/spyglass
[05Jan2026 06:00:10.755] [modloading-worker-0/INFO] [epicfight/]: Assigned animation id 35 to biped/living/spyglass_offhand
[05Jan2026 06:00:10.756] [modloading-worker-0/INFO] [epicfight/]: Assigned animation id 36 to biped/combat/crossbow_aim_mid
[05Jan2026 06:00:10.756] [modloading-worker-0/INFO] [epicfight/]: Assigned animation id 37 to biped/combat/crossbow_shot_mid
[05Jan2026 06:00:10.756] [modloading-worker-0/INFO] [epicfight/]: Assigned animation id 38 to biped/combat/crossbow_reload
[05Jan2026 06:00:10.757] [modloading-worker-0/INFO] [epicfight/]: Assigned animation id 39 to biped/living/jump
[05Jan2026 06:00:10.757] [modloading-worker-0/INFO] [epicfight/]: Assigned animation id 40 to biped/living/run_spear
[05Jan2026 06:00:10.757] [modloading-worker-0/INFO] [epicfight/]: Assigned animation id 41 to biped/living/shield
[05Jan2026 06:00:10.757] [modloading-worker-0/INFO] [epicfight/]: Assigned animation id 42 to biped/living/shield
[05Jan2026 06:00:10.757] [modloading-worker-0/INFO] [epicfight/]: Assigned animation id 43 to biped/living/shield_mirror
[05Jan2026 06:00:10.757] [modloading-worker-0/INFO] [epicfight/]: Assigned animation id 44 to biped/living/hold_greatsword
[05Jan2026 06:00:10.757] [modloading-worker-0/INFO] [epicfight/]: Assigned animation id 45 to biped/living/hold_uchigatana_sheath
[05Jan2026 06:00:10.758] [modloading-worker-0/INFO] [epicfight/]: Assigned animation id 46 to biped/living/hold_uchigatana
[05Jan2026 06:00:10.758] [modloading-worker-0/INFO] [epicfight/]: Assigned animation id 47 to biped/living/hold_tachi
[05Jan2026 06:00:10.758] [modloading-worker-0/INFO] [epicfight/]: Assigned animation id 48 to biped/living/hold_longsword
[05Jan2026 06:00:10.759] [modloading-worker-0/INFO] [epicfight/]: Assigned animation id 49 to biped/living/hold_spear
[05Jan2026 06:00:10.759] [modloading-worker-0/INFO] [epicfight/]: Assigned animation id 50 to biped/living/hold_dual
[05Jan2026 06:00:10.760] [modloading-worker-0/INFO] [epicfight/]: Assigned animation id 51 to biped/living/hold_liechtenauer
[05Jan2026 06:00:10.761] [modloading-worker-0/INFO] [epicfight/]: Assigned animation id 52 to biped/living/walk_greatsword
[05Jan2026 06:00:10.761] [modloading-worker-0/INFO] [epicfight/]: Assigned animation id 53 to biped/living/walk_spear
[05Jan2026 06:00:10.761] [modloading-worker-0/INFO] [epicfight/]: Assigned animation id 54 to biped/living/walk_uchigatana_sheath
[05Jan2026 06:00:10.762] [modloading-worker-0/INFO] [epicfight/]: Assigned animation id 55 to biped/living/walk_uchigatana
[05Jan2026 06:00:10.762] [modloading-worker-0/INFO] [epicfight/]: Assigned animation id 56 to biped/living/walk_twohand
[05Jan2026 06:00:10.762] [modloading-worker-0/INFO] [epicfight/]: Assigned animation id 57 to biped/living/walk_longsword
[05Jan2026 06:00:10.762] [modloading-worker-0/INFO] [epicfight/]: Assigned animation id 58 to biped/living/walk_liechtenauer
[05Jan2026 06:00:10.762] [modloading-worker-0/INFO] [epicfight/]: Assigned animation id 59 to biped/living/run_greatsword
[05Jan2026 06:00:10.764] [modloading-worker-0/INFO] [epicfight/]: Assigned animation id 60 to biped/living/run_uchigatana
[05Jan2026 06:00:10.764] [modloading-worker-0/INFO] [epicfight/]: Assigned animation id 61 to biped/living/run_uchigatana_sheath
[05Jan2026 06:00:10.764] [modloading-worker-0/INFO] [epicfight/]: Assigned animation id 62 to biped/living/run_dual
[05Jan2026 06:00:10.764] [modloading-worker-0/INFO] [epicfight/]: Assigned animation id 63 to biped/living/run_longsword
[05Jan2026 06:00:10.765] [modloading-worker-0/INFO] [epicfight/]: Assigned animation id 64 to biped/living/uchigatana_scrap
[05Jan2026 06:00:10.767] [modloading-worker-0/INFO] [epicfight/]: Assigned animation id 65 to biped/living/liechtenauer_ready
[05Jan2026 06:00:10.767] [modloading-worker-0/INFO] [epicfight/]: Assigned animation id 66 to biped/combat/hit_shield
[05Jan2026 06:00:10.767] [modloading-worker-0/INFO] [epicfight/]: Assigned animation id 67 to biped/combat/hit_shield
[05Jan2026 06:00:10.767] [modloading-worker-0/INFO] [epicfight/]: Assigned animation id 68 to biped/combat/hit_shield_mirror
[05Jan2026 06:00:10.768] [modloading-worker-0/INFO] [epicfight/]: Assigned animation id 69 to biped/living/climb
[05Jan2026 06:00:10.768] [modloading-worker-0/INFO] [epicfight/]: Assigned animation id 70 to biped/living/sleep
[05Jan2026 06:00:10.768] [modloading-worker-0/INFO] [epicfight/]: Assigned animation id 71 to biped/combat/javelin_aim_mid
[05Jan2026 06:00:10.768] [modloading-worker-0/INFO] [epicfight/]: Assigned animation id 72 to biped/combat/javelin_throw_mid
[05Jan2026 06:00:10.768] [modloading-worker-0/INFO] [epicfight/]: Assigned animation id 73 to off_highest
[05Jan2026 06:00:10.768] [modloading-worker-0/INFO] [epicfight/]: Assigned animation id 74 to off_middle
[05Jan2026 06:00:10.768] [modloading-worker-0/INFO] [epicfight/]: Assigned animation id 75 to zombie/idle
[05Jan2026 06:00:10.769] [modloading-worker-0/INFO] [epicfight/]: Assigned animation id 76 to zombie/walk
[05Jan2026 06:00:10.769] [modloading-worker-0/INFO] [epicfight/]: Assigned animation id 77 to zombie/chase
[05Jan2026 06:00:10.769] [modloading-worker-0/INFO] [epicfight/]: Assigned animation id 78 to creeper/idle
[05Jan2026 06:00:10.769] [modloading-worker-0/INFO] [epicfight/]: Assigned animation id 79 to creeper/walk
[05Jan2026 06:00:10.769] [modloading-worker-0/INFO] [epicfight/]: Assigned animation id 80 to enderman/idle
[05Jan2026 06:00:10.769] [modloading-worker-0/INFO] [epicfight/]: Assigned animation id 81 to enderman/walk
[05Jan2026 06:00:10.769] [modloading-worker-0/INFO] [epicfight/]: Assigned animation id 82 to enderman/rage_idle
[05Jan2026 06:00:10.769] [modloading-worker-0/INFO] [epicfight/]: Assigned animation id 83 to enderman/rage_walk
[05Jan2026 06:00:10.770] [modloading-worker-0/INFO] [epicfight/]: Assigned animation id 84 to wither_skeleton/walk
[05Jan2026 06:00:10.770] [modloading-worker-0/INFO] [epicfight/]: Assigned animation id 85 to wither_skeleton/chase
[05Jan2026 06:00:10.770] [modloading-worker-0/INFO] [epicfight/]: Assigned animation id 86 to wither_skeleton/idle
[05Jan2026 06:00:10.771] [modloading-worker-0/INFO] [epicfight/]: Assigned animation id 87 to wither_skeleton/special_spawn
[05Jan2026 06:00:10.771] [modloading-worker-0/INFO] [epicfight/]: Assigned animation id 88 to spider/idle
[05Jan2026 06:00:10.771] [modloading-worker-0/INFO] [epicfight/]: Assigned animation id 89 to spider/crawl
[05Jan2026 06:00:10.771] [modloading-worker-0/INFO] [epicfight/]: Assigned animation id 90 to iron_golem/idle
[05Jan2026 06:00:10.771] [modloading-worker-0/INFO] [epicfight/]: Assigned animation id 91 to iron_golem/walk
[05Jan2026 06:00:10.771] [modloading-worker-0/INFO] [epicfight/]: Assigned animation id 92 to hoglin/idle
[05Jan2026 06:00:10.772] [modloading-worker-0/INFO] [epicfight/]: Assigned animation id 93 to hoglin/walk
[05Jan2026 06:00:10.772] [modloading-worker-0/INFO] [epicfight/]: Assigned animation id 94 to illager/idle
[05Jan2026 06:00:10.772] [modloading-worker-0/INFO] [epicfight/]: Assigned animation id 95 to illager/walk
[05Jan2026 06:00:10.772] [modloading-worker-0/INFO] [epicfight/]: Assigned animation id 96 to illager/idle_aggressive
[05Jan2026 06:00:10.772] [modloading-worker-0/INFO] [epicfight/]: Assigned animation id 97 to illager/chase
[05Jan2026 06:00:10.772] [modloading-worker-0/INFO] [epicfight/]: Assigned animation id 98 to illager/spellcast
[05Jan2026 06:00:10.772] [modloading-worker-0/INFO] [epicfight/]: Assigned animation id 99 to ravager/idle
[05Jan2026 06:00:10.772] [modloading-worker-0/INFO] [epicfight/]: Assigned animation id 100 to ravager/walk
[05Jan2026 06:00:10.772] [modloading-worker-0/INFO] [epicfight/]: Assigned animation id 101 to vex/idle
[05Jan2026 06:00:10.772] [modloading-worker-0/INFO] [epicfight/]: Assigned animation id 102 to vex/flip
[05Jan2026 06:00:10.773] [modloading-worker-0/INFO] [epicfight/]: Assigned animation id 103 to piglin/idle
[05Jan2026 06:00:10.773] [modloading-worker-0/INFO] [epicfight/]: Assigned animation id 104 to piglin/walk
[05Jan2026 06:00:10.773] [modloading-worker-0/INFO] [epicfight/]: Assigned animation id 105 to piglin/zombified_idle
[05Jan2026 06:00:10.773] [modloading-worker-0/INFO] [epicfight/]: Assigned animation id 106 to piglin/zombified_walk
[05Jan2026 06:00:10.773] [modloading-worker-0/INFO] [epicfight/]: Assigned animation id 107 to piglin/zombified_chase
[05Jan2026 06:00:10.773] [modloading-worker-0/INFO] [epicfight/]: Assigned animation id 108 to piglin/celebrate1
[05Jan2026 06:00:10.773] [modloading-worker-0/INFO] [epicfight/]: Assigned animation id 109 to piglin/celebrate2
[05Jan2026 06:00:10.773] [modloading-worker-0/INFO] [epicfight/]: Assigned animation id 110 to piglin/celebrate3
[05Jan2026 06:00:10.774] [modloading-worker-0/INFO] [epicfight/]: Assigned animation id 111 to piglin/admire
[05Jan2026 06:00:10.774] [modloading-worker-0/INFO] [epicfight/]: Assigned animation id 112 to wither/idle
[05Jan2026 06:00:10.774] [modloading-worker-0/INFO] [epicfight/]: Assigned animation id 113 to biped/skill/guard_spear
[05Jan2026 06:00:10.774] [modloading-worker-0/INFO] [epicfight/]: Assigned animation id 114 to biped/skill/guard_sword
[05Jan2026 06:00:10.774] [modloading-worker-0/INFO] [epicfight/]: Assigned animation id 115 to biped/skill/guard_dualsword
[05Jan2026 06:00:10.774] [modloading-worker-0/INFO] [epicfight/]: Assigned animation id 116 to biped/skill/guard_greatsword
[05Jan2026 06:00:10.774] [modloading-worker-0/INFO] [epicfight/]: Assigned animation id 117 to biped/skill/guard_uchigatana
[05Jan2026 06:00:10.775] [modloading-worker-0/INFO] [epicfight/]: Assigned animation id 118 to biped/skill/guard_longsword
[05Jan2026 06:00:10.775] [modloading-worker-0/INFO] [epicfight/]: Assigned animation id 119 to biped/skill/steel_whirlwind_charging
[05Jan2026 06:00:10.775] [modloading-worker-0/INFO] [epicfight/]: Assigned animation id 120 to biped/skill/roll_forward
[05Jan2026 06:00:10.776] [modloading-worker-0/INFO] [epicfight/]: Assigned animation id 121 to biped/skill/roll_backward
[05Jan2026 06:00:10.776] [modloading-worker-0/INFO] [epicfight/]: Assigned animation id 122 to biped/skill/step_forward
[05Jan2026 06:00:10.776] [modloading-worker-0/INFO] [epicfight/]: Assigned animation id 123 to biped/skill/step_backward
[05Jan2026 06:00:10.776] [modloading-worker-0/INFO] [epicfight/]: Assigned animation id 124 to biped/skill/step_left
[05Jan2026 06:00:10.776] [modloading-worker-0/INFO] [epicfight/]: Assigned animation id 125 to biped/skill/step_right
[05Jan2026 06:00:10.776] [modloading-worker-0/INFO] [epicfight/]: Assigned animation id 126 to biped/skill/knockdown_wakeup_left
[05Jan2026 06:00:10.777] [modloading-worker-0/INFO] [epicfight/]: Assigned animation id 127 to biped/skill/knockdown_wakeup_right
[05Jan2026 06:00:10.777] [modloading-worker-0/INFO] [epicfight/]: Assigned animation id 128 to biped/skill/demolition_leap_charge
[05Jan2026 06:00:10.777] [modloading-worker-0/INFO] [epicfight/]: Assigned animation id 129 to biped/skill/demolition_leap
[05Jan2026 06:00:10.777] [modloading-worker-0/INFO] [epicfight/]: Assigned animation id 130 to biped/skill/phantom_ascent_forward
[05Jan2026 06:00:10.778] [modloading-worker-0/INFO] [epicfight/]: Assigned animation id 131 to biped/skill/phantom_ascent_backward
[05Jan2026 06:00:10.781] [modloading-worker-0/INFO] [epicfight/]: Assigned animation id 132 to biped/combat/fist_auto1
[05Jan2026 06:00:10.785] [modloading-worker-0/INFO] [epicfight/]: Assigned animation id 133 to biped/combat/fist_auto2
[05Jan2026 06:00:10.785] [modloading-worker-0/INFO] [epicfight/]: Assigned animation id 134 to biped/combat/fist_auto3
[05Jan2026 06:00:10.785] [modloading-worker-0/INFO] [epicfight/]: Assigned animation id 135 to biped/combat/fist_dash
[05Jan2026 06:00:10.786] [modloading-worker-0/INFO] [epicfight/]: Assigned animation id 136 to biped/combat/sword_auto1
[05Jan2026 06:00:10.786] [modloading-worker-0/INFO] [epicfight/]: Assigned animation id 137 to biped/combat/sword_auto2
[05Jan2026 06:00:10.786] [modloading-worker-0/INFO] [epicfight/]: Assigned animation id 138 to biped/combat/sword_auto3
[05Jan2026 06:00:10.787] [modloading-worker-0/INFO] [epicfight/]: Assigned animation id 139 to biped/combat/sword_dash
[05Jan2026 06:00:10.787] [modloading-worker-0/INFO] [epicfight/]: Assigned animation id 140 to biped/combat/greatsword_auto1
[05Jan2026 06:00:10.787] [modloading-worker-0/INFO] [epicfight/]: Assigned animation id 141 to biped/combat/greatsword_auto2
[05Jan2026 06:00:10.787] [modloading-worker-0/INFO] [epicfight/]: Assigned animation id 142 to biped/combat/greatsword_dash
[05Jan2026 06:00:10.788] [modloading-worker-0/INFO] [epicfight/]: Assigned animation id 143 to biped/combat/spear_onehand_auto
[05Jan2026 06:00:10.788] [modloading-worker-0/INFO] [epicfight/]: Assigned animation id 144 to biped/combat/spear_twohand_auto1
[05Jan2026 06:00:10.788] [modloading-worker-0/INFO] [epicfight/]: Assigned animation id 145 to biped/combat/spear_twohand_auto2
[05Jan2026 06:00:10.788] [modloading-worker-0/INFO] [epicfight/]: Assigned animation id 146 to biped/combat/spear_dash
[05Jan2026 06:00:10.788] [modloading-worker-0/INFO] [epicfight/]: Assigned animation id 147 to 136
[05Jan2026 06:00:10.789] [modloading-worker-0/INFO] [epicfight/]: Assigned animation id 148 to biped/combat/sword_auto4
[05Jan2026 06:00:10.789] [modloading-worker-0/INFO] [epicfight/]: Assigned animation id 149 to biped/combat/tool_dash
[05Jan2026 06:00:10.789] [modloading-worker-0/INFO] [epicfight/]: Assigned animation id 150 to biped/combat/axe_dash
[05Jan2026 06:00:10.789] [modloading-worker-0/INFO] [epicfight/]: Assigned animation id 151 to biped/combat/sword_dual_auto1
[05Jan2026 06:00:10.789] [modloading-worker-0/INFO] [epicfight/]: Assigned animation id 152 to biped/combat/sword_dual_auto2
[05Jan2026 06:00:10.789] [modloading-worker-0/INFO] [epicfight/]: Assigned animation id 153 to biped/combat/sword_dual_auto3
[05Jan2026 06:00:10.790] [modloading-worker-0/INFO] [epicfight/]: Assigned animation id 154 to biped/combat/sword_dual_dash
[05Jan2026 06:00:10.790] [modloading-worker-0/INFO] [epicfight/]: Assigned animation id 155 to biped/combat/uchigatana_auto1
[05Jan2026 06:00:10.790] [modloading-worker-0/INFO] [epicfight/]: Assigned animation id 156 to biped/combat/uchigatana_auto2
[05Jan2026 06:00:10.790] [modloading-worker-0/INFO] [epicfight/]: Assigned animation id 157 to biped/combat/uchigatana_auto3
[05Jan2026 06:00:10.790] [modloading-worker-0/INFO] [epicfight/]: Assigned animation id 158 to biped/combat/uchigatana_dash
[05Jan2026 06:00:10.794] [modloading-worker-0/INFO] [epicfight/]: Assigned animation id 159 to biped/combat/uchigatana_sheath_auto
[05Jan2026 06:00:10.794] [modloading-worker-0/INFO] [epicfight/]: Assigned animation id 160 to biped/combat/uchigatana_sheath_dash
[05Jan2026 06:00:10.794] [modloading-worker-0/INFO] [epicfight/]: Assigned animation id 161 to biped/combat/axe_auto1
[05Jan2026 06:00:10.794] [modloading-worker-0/INFO] [epicfight/]: Assigned animation id 162 to biped/combat/axe_auto2
[05Jan2026 06:00:10.795] [modloading-worker-0/INFO] [epicfight/]: Assigned animation id 163 to biped/combat/longsword_auto1
[05Jan2026 06:00:10.795] [modloading-worker-0/INFO] [epicfight/]: Assigned animation id 164 to biped/combat/longsword_auto2
[05Jan2026 06:00:10.795] [modloading-worker-0/INFO] [epicfight/]: Assigned animation id 165 to biped/combat/longsword_auto3
[05Jan2026 06:00:10.795] [modloading-worker-0/INFO] [epicfight/]: Assigned animation id 166 to biped/combat/longsword_dash
[05Jan2026 06:00:10.796] [modloading-worker-0/INFO] [epicfight/]: Assigned animation id 167 to biped/combat/longsword_liechtenauer_auto1
[05Jan2026 06:00:10.796] [modloading-worker-0/INFO] [epicfight/]: Assigned animation id 168 to biped/combat/longsword_liechtenauer_auto2
[05Jan2026 06:00:10.796] [modloading-worker-0/INFO] [epicfight/]: Assigned animation id 169 to biped/combat/longsword_liechtenauer_auto3
[05Jan2026 06:00:10.796] [modloading-worker-0/INFO] [epicfight/]: Assigned animation id 170 to biped/combat/tachi_auto1
[05Jan2026 06:00:10.796] [modloading-worker-0/INFO] [epicfight/]: Assigned animation id 171 to biped/combat/tachi_auto2
[05Jan2026 06:00:10.796] [modloading-worker-0/INFO] [epicfight/]: Assigned animation id 172 to biped/combat/tachi_auto3
[05Jan2026 06:00:10.797] [modloading-worker-0/INFO] [epicfight/]: Assigned animation id 173 to biped/combat/tachi_dash
[05Jan2026 06:00:10.797] [modloading-worker-0/INFO] [epicfight/]: Assigned animation id 174 to biped/combat/dagger_auto1
[05Jan2026 06:00:10.797] [modloading-worker-0/INFO] [epicfight/]: Assigned animation id 175 to biped/combat/dagger_auto2
[05Jan2026 06:00:10.797] [modloading-worker-0/INFO] [epicfight/]: Assigned animation id 176 to biped/combat/dagger_auto3
[05Jan2026 06:00:10.797] [modloading-worker-0/INFO] [epicfight/]: Assigned animation id 177 to biped/combat/dagger_dash
[05Jan2026 06:00:10.798] [modloading-worker-0/INFO] [epicfight/]: Assigned animation id 178 to biped/combat/dagger_dual_auto1
[05Jan2026 06:00:10.798] [modloading-worker-0/INFO] [epicfight/]: Assigned animation id 179 to biped/combat/dagger_dual_auto2
[05Jan2026 06:00:10.798] [modloading-worker-0/INFO] [epicfight/]: Assigned animation id 180 to biped/combat/dagger_dual_auto3
[05Jan2026 06:00:10.798] [modloading-worker-0/INFO] [epicfight/]: Assigned animation id 181 to biped/combat/dagger_dual_auto4
[05Jan2026 06:00:10.798] [modloading-worker-0/INFO] [epicfight/]: Assigned animation id 182 to biped/combat/dagger_dual_dash
[05Jan2026 06:00:10.798] [modloading-worker-0/INFO] [epicfight/]: Assigned animation id 183 to biped/combat/trident_auto1
[05Jan2026 06:00:10.798] [modloading-worker-0/INFO] [epicfight/]: Assigned animation id 184 to biped/combat/trident_auto2
[05Jan2026 06:00:10.799] [modloading-worker-0/INFO] [epicfight/]: Assigned animation id 185 to biped/combat/trident_auto3
[05Jan2026 06:00:10.799] [modloading-worker-0/INFO] [epicfight/]: Assigned animation id 186 to biped/combat/sword_airslash
[05Jan2026 06:00:10.799] [modloading-worker-0/INFO] [epicfight/]: Assigned animation id 187 to biped/combat/sword_dual_airslash
[05Jan2026 06:00:10.799] [modloading-worker-0/INFO] [epicfight/]: Assigned animation id 188 to biped/combat/uchigatana_airslash
[05Jan2026 06:00:10.799] [modloading-worker-0/INFO] [epicfight/]: Assigned animation id 189 to biped/combat/uchigatana_sheath_airslash
[05Jan2026 06:00:10.800] [modloading-worker-0/INFO] [epicfight/]: Assigned animation id 190 to biped/combat/spear_onehand_airslash
[05Jan2026 06:00:10.800] [modloading-worker-0/INFO] [epicfight/]: Assigned animation id 191 to biped/combat/spear_twohand_airslash
[05Jan2026 06:00:10.800] [modloading-worker-0/INFO] [epicfight/]: Assigned animation id 192 to biped/combat/longsword_airslash
[05Jan2026 06:00:10.800] [modloading-worker-0/INFO] [epicfight/]: Assigned animation id 193 to biped/combat/greatsword_airslash
[05Jan2026 06:00:10.800] [modloading-worker-0/INFO] [epicfight/]: Assigned animation id 194 to biped/combat/fist_airslash
[05Jan2026 06:00:10.801] [modloading-worker-0/INFO] [epicfight/]: Assigned animation id 195 to biped/combat/dagger_airslash
[05Jan2026 06:00:10.801] [modloading-worker-0/INFO] [epicfight/]: Assigned animation id 196 to 187
[05Jan2026 06:00:10.801] [modloading-worker-0/INFO] [epicfight/]: Assigned animation id 197 to biped/combat/axe_airslash
[05Jan2026 06:00:10.801] [modloading-worker-0/INFO] [epicfight/]: Assigned animation id 198 to biped/combat/sword_mount_attack
[05Jan2026 06:00:10.802] [modloading-worker-0/INFO] [epicfight/]: Assigned animation id 199 to biped/combat/spear_mount_attack
[05Jan2026 06:00:10.802] [modloading-worker-0/INFO] [epicfight/]: Assigned animation id 200 to biped/combat/mob_onehand1
[05Jan2026 06:00:10.802] [modloading-worker-0/INFO] [epicfight/]: Assigned animation id 201 to biped/combat/mob_onehand2
[05Jan2026 06:00:10.802] [modloading-worker-0/INFO] [epicfight/]: Assigned animation id 202 to biped/combat/mob_greatsword1
[05Jan2026 06:00:10.803] [modloading-worker-0/INFO] [epicfight/]: Assigned animation id 203 to biped/combat/mob_tachi_special
[05Jan2026 06:00:10.803] [modloading-worker-0/INFO] [epicfight/]: Assigned animation id 204 to biped/combat/mob_spear_onehand
[05Jan2026 06:00:10.803] [modloading-worker-0/INFO] [epicfight/]: Assigned animation id 205 to biped/combat/mob_spear_twohand1
[05Jan2026 06:00:10.803] [modloading-worker-0/INFO] [epicfight/]: Assigned animation id 206 to biped/combat/mob_spear_twohand2
[05Jan2026 06:00:10.803] [modloading-worker-0/INFO] [epicfight/]: Assigned animation id 207 to biped/combat/mob_spear_twohand3
[05Jan2026 06:00:10.804] [modloading-worker-0/INFO] [epicfight/]: Assigned animation id 208 to biped/combat/mob_sword_dual1
[05Jan2026 06:00:10.804] [modloading-worker-0/INFO] [epicfight/]: Assigned animation id 209 to biped/combat/mob_sword_dual2
[05Jan2026 06:00:10.805] [modloading-worker-0/INFO] [epicfight/]: Assigned animation id 210 to biped/combat/mob_sword_dual3
[05Jan2026 06:00:10.805] [modloading-worker-0/INFO] [epicfight/]: Assigned animation id 211 to biped/combat/mob_longsword1
[05Jan2026 06:00:10.805] [modloading-worker-0/INFO] [epicfight/]: Assigned animation id 212 to biped/combat/mob_longsword2
[05Jan2026 06:00:10.805] [modloading-worker-0/INFO] [epicfight/]: Assigned animation id 213 to biped/combat/mob_uchigatana1
[05Jan2026 06:00:10.805] [modloading-worker-0/INFO] [epicfight/]: Assigned animation id 214 to biped/combat/mob_uchigatana2
[05Jan2026 06:00:10.806] [modloading-worker-0/INFO] [epicfight/]: Assigned animation id 215 to biped/combat/mob_uchigatana3
[05Jan2026 06:00:10.806] [modloading-worker-0/INFO] [epicfight/]: Assigned animation id 216 to biped/combat/mob_dagger_onehand1
[05Jan2026 06:00:10.806] [modloading-worker-0/INFO] [epicfight/]: Assigned animation id 217 to biped/combat/mob_dagger_onehand2
[05Jan2026 06:00:10.806] [modloading-worker-0/INFO] [epicfight/]: Assigned animation id 218 to biped/combat/mob_dagger_onehand3
[05Jan2026 06:00:10.806] [modloading-worker-0/INFO] [epicfight/]: Assigned animation id 219 to biped/combat/mob_dagger_twohand1
[05Jan2026 06:00:10.806] [modloading-worker-0/INFO] [epicfight/]: Assigned animation id 220 to biped/combat/mob_dagger_twohand2
[05Jan2026 06:00:10.806] [modloading-worker-0/INFO] [epicfight/]: Assigned animation id 221 to biped/combat/mob_throw
[05Jan2026 06:00:10.806] [modloading-worker-0/INFO] [epicfight/]: Assigned animation id 222 to biped/skill/guard_sword_hit
[05Jan2026 06:00:10.807] [modloading-worker-0/INFO] [epicfight/]: Assigned animation id 223 to biped/skill/guard_sword_hit_active1
[05Jan2026 06:00:10.807] [modloading-worker-0/INFO] [epicfight/]: Assigned animation id 224 to biped/skill/guard_sword_hit_active2
[05Jan2026 06:00:10.807] [modloading-worker-0/INFO] [epicfight/]: Assigned animation id 225 to biped/skill/guard_sword_hit_active3
[05Jan2026 06:00:10.807] [modloading-worker-0/INFO] [epicfight/]: Assigned animation id 226 to biped/skill/guard_longsword_hit_active1
[05Jan2026 06:00:10.807] [modloading-worker-0/INFO] [epicfight/]: Assigned animation id 227 to biped/skill/guard_longsword_hit_active2
[05Jan2026 06:00:10.807] [modloading-worker-0/INFO] [epicfight/]: Assigned animation id 228 to biped/skill/guard_dualsword_hit
[05Jan2026 06:00:10.807] [modloading-worker-0/INFO] [epicfight/]: Assigned animation id 229 to biped/skill/guard_break1
[05Jan2026 06:00:10.807] [modloading-worker-0/INFO] [epicfight/]: Assigned animation id 230 to biped/skill/guard_break2
[05Jan2026 06:00:10.807] [modloading-worker-0/INFO] [epicfight/]: Assigned animation id 231 to biped/skill/guard_longsword_hit
[05Jan2026 06:00:10.807] [modloading-worker-0/INFO] [epicfight/]: Assigned animation id 232 to biped/skill/guard_spear_hit
[05Jan2026 06:00:10.808] [modloading-worker-0/INFO] [epicfight/]: Assigned animation id 233 to biped/skill/guard_greatsword_hit
[05Jan2026 06:00:10.808] [modloading-worker-0/INFO] [epicfight/]: Assigned animation id 234 to biped/skill/guard_uchigatana_hit
[05Jan2026 06:00:10.808] [modloading-worker-0/INFO] [epicfight/]: Assigned animation id 235 to biped/skill/greatsword_slam
[05Jan2026 06:00:10.808] [modloading-worker-0/INFO] [epicfight/]: Assigned animation id 236 to biped/skill/revelation_normal
[05Jan2026 06:00:10.808] [modloading-worker-0/INFO] [epicfight/]: Assigned animation id 237 to biped/skill/revelation_twohand
[05Jan2026 06:00:10.809] [modloading-worker-0/INFO] [epicfight/]: Assigned animation id 238 to biped/combat/hit_short
[05Jan2026 06:00:10.809] [modloading-worker-0/INFO] [epicfight/]: Assigned animation id 239 to biped/combat/hit_long
[05Jan2026 06:00:10.809] [modloading-worker-0/INFO] [epicfight/]: Assigned animation id 240 to biped/combat/hit_on_mount
[05Jan2026 06:00:10.809] [modloading-worker-0/INFO] [epicfight/]: Assigned animation id 241 to biped/living/landing
[05Jan2026 06:00:10.809] [modloading-worker-0/INFO] [epicfight/]: Assigned animation id 242 to biped/combat/knockdown
[05Jan2026 06:00:10.810] [modloading-worker-0/INFO] [epicfight/]: Assigned animation id 243 to biped/living/death
[05Jan2026 06:00:10.810] [modloading-worker-0/INFO] [epicfight/]: Assigned animation id 244 to creeper/hit_short
[05Jan2026 06:00:10.810] [modloading-worker-0/INFO] [epicfight/]: Assigned animation id 245 to creeper/hit_long
[05Jan2026 06:00:10.810] [modloading-worker-0/INFO] [epicfight/]: Assigned animation id 246 to creeper/death
[05Jan2026 06:00:10.810] [modloading-worker-0/INFO] [epicfight/]: Assigned animation id 247 to enderman/hit_short
[05Jan2026 06:00:10.810] [modloading-worker-0/INFO] [epicfight/]: Assigned animation id 248 to enderman/hit_long
[05Jan2026 06:00:10.811] [modloading-worker-0/INFO] [epicfight/]: Assigned animation id 249 to enderman/neutralized
[05Jan2026 06:00:10.811] [modloading-worker-0/INFO] [epicfight/]: Assigned animation id 250 to enderman/convert_rage
[05Jan2026 06:00:10.811] [modloading-worker-0/INFO] [epicfight/]: Assigned animation id 251 to enderman/tp_kick1
[05Jan2026 06:00:10.811] [modloading-worker-0/INFO] [epicfight/]: Assigned animation id 252 to enderman/tp_kick2
[05Jan2026 06:00:10.811] [modloading-worker-0/INFO] [epicfight/]: Assigned animation id 253 to enderman/rush_kick
[05Jan2026 06:00:10.811] [modloading-worker-0/INFO] [epicfight/]: Assigned animation id 254 to enderman/jump_kick
[05Jan2026 06:00:10.812] [modloading-worker-0/INFO] [epicfight/]: Assigned animation id 255 to enderman/knee
[05Jan2026 06:00:10.812] [modloading-worker-0/INFO] [epicfight/]: Assigned animation id 256 to enderman/kick_twice
[05Jan2026 06:00:10.812] [modloading-worker-0/INFO] [epicfight/]: Assigned animation id 257 to enderman/grasp
[05Jan2026 06:00:10.812] [modloading-worker-0/INFO] [epicfight/]: Assigned animation id 258 to enderman/death
[05Jan2026 06:00:10.812] [modloading-worker-0/INFO] [epicfight/]: Assigned animation id 259 to enderman/teleport
[05Jan2026 06:00:10.812] [modloading-worker-0/INFO] [epicfight/]: Assigned animation id 260 to dragon/idle
[05Jan2026 06:00:10.813] [modloading-worker-0/INFO] [epicfight/]: Assigned animation id 261 to dragon/walk
[05Jan2026 06:00:10.813] [modloading-worker-0/INFO] [epicfight/]: Assigned animation id 262 to dragon/fly
[05Jan2026 06:00:10.814] [modloading-worker-0/INFO] [epicfight/]: Assigned animation id 263 to dragon/death
[05Jan2026 06:00:10.814] [modloading-worker-0/INFO] [epicfight/]: Assigned animation id 264 to dragon/ground_to_fly
[05Jan2026 06:00:10.815] [modloading-worker-0/INFO] [epicfight/]: Assigned animation id 265 to dragon/fly_to_ground
[05Jan2026 06:00:10.816] [modloading-worker-0/INFO] [epicfight/]: Assigned animation id 266 to dragon/attack1
[05Jan2026 06:00:10.817] [modloading-worker-0/INFO] [epicfight/]: Assigned animation id 267 to dragon/attack2
[05Jan2026 06:00:10.817] [modloading-worker-0/INFO] [epicfight/]: Assigned animation id 268 to dragon/attack3
[05Jan2026 06:00:10.817] [modloading-worker-0/INFO] [epicfight/]: Assigned animation id 269 to dragon/attack4
[05Jan2026 06:00:10.818] [modloading-worker-0/INFO] [epicfight/]: Assigned animation id 270 to dragon/attack4_recovery
[05Jan2026 06:00:10.818] [modloading-worker-0/INFO] [epicfight/]: Assigned animation id 271 to dragon/fireball
[05Jan2026 06:00:10.818] [modloading-worker-0/INFO] [epicfight/]: Assigned animation id 272 to dragon/airstrike
[05Jan2026 06:00:10.818] [modloading-worker-0/INFO] [epicfight/]: Assigned animation id 273 to dragon/backjump_prepare
[05Jan2026 06:00:10.818] [modloading-worker-0/INFO] [epicfight/]: Assigned animation id 274 to dragon/backjump_move
[05Jan2026 06:00:10.819] [modloading-worker-0/INFO] [epicfight/]: Assigned animation id 275 to dragon/backjump_recovery
[05Jan2026 06:00:10.819] [modloading-worker-0/INFO] [epicfight/]: Assigned animation id 276 to dragon/crystal_link
[05Jan2026 06:00:10.820] [modloading-worker-0/INFO] [epicfight/]: Assigned animation id 277 to dragon/neutralized
[05Jan2026 06:00:10.820] [modloading-worker-0/INFO] [epicfight/]: Assigned animation id 278 to dragon/neutralized_recovery
[05Jan2026 06:00:10.820] [modloading-worker-0/INFO] [epicfight/]: Assigned animation id 279 to spider/attack
[05Jan2026 06:00:10.820] [modloading-worker-0/INFO] [epicfight/]: Assigned animation id 280 to spider/jump_attack
[05Jan2026 06:00:10.821] [modloading-worker-0/INFO] [epicfight/]: Assigned animation id 281 to spider/hit
[05Jan2026 06:00:10.821] [modloading-worker-0/INFO] [epicfight/]: Assigned animation id 282 to spider/neutralized
[05Jan2026 06:00:10.821] [modloading-worker-0/INFO] [epicfight/]: Assigned animation id 283 to spider/death
[05Jan2026 06:00:10.821] [modloading-worker-0/INFO] [epicfight/]: Assigned animation id 284 to iron_golem/attack1
[05Jan2026 06:00:10.821] [modloading-worker-0/INFO] [epicfight/]: Assigned animation id 285 to iron_golem/attack2
[05Jan2026 06:00:10.821] [modloading-worker-0/INFO] [epicfight/]: Assigned animation id 286 to iron_golem/attack3
[05Jan2026 06:00:10.821] [modloading-worker-0/INFO] [epicfight/]: Assigned animation id 287 to iron_golem/attack4
[05Jan2026 06:00:10.822] [modloading-worker-0/INFO] [epicfight/]: Assigned animation id 288 to iron_golem/death
[05Jan2026 06:00:10.822] [modloading-worker-0/INFO] [epicfight/]: Assigned animation id 289 to illager/swing_axe1
[05Jan2026 06:00:10.822] [modloading-worker-0/INFO] [epicfight/]: Assigned animation id 290 to illager/swing_axe2
[05Jan2026 06:00:10.822] [modloading-worker-0/INFO] [epicfight/]: Assigned animation id 291 to illager/swing_axe3
[05Jan2026 06:00:10.822] [modloading-worker-0/INFO] [epicfight/]: Assigned animation id 292 to piglin/death
[05Jan2026 06:00:10.822] [modloading-worker-0/INFO] [epicfight/]: Assigned animation id 293 to hoglin/death
[05Jan2026 06:00:10.823] [modloading-worker-0/INFO] [epicfight/]: Assigned animation id 294 to hoglin/attack
[05Jan2026 06:00:10.823] [modloading-worker-0/INFO] [epicfight/]: Assigned animation id 295 to ravager/death
[05Jan2026 06:00:10.823] [modloading-worker-0/INFO] [epicfight/]: Assigned animation id 296 to ravager/groggy
[05Jan2026 06:00:10.823] [modloading-worker-0/INFO] [epicfight/]: Assigned animation id 297 to ravager/attack1
[05Jan2026 06:00:10.823] [modloading-worker-0/INFO] [epicfight/]: Assigned animation id 298 to ravager/attack2
[05Jan2026 06:00:10.823] [modloading-worker-0/INFO] [epicfight/]: Assigned animation id 299 to ravager/attack3
[05Jan2026 06:00:10.823] [modloading-worker-0/INFO] [epicfight/]: Assigned animation id 300 to vex/hit
[05Jan2026 06:00:10.824] [modloading-worker-0/INFO] [epicfight/]: Assigned animation id 301 to vex/death
[05Jan2026 06:00:10.824] [modloading-worker-0/INFO] [epicfight/]: Assigned animation id 302 to vex/charge
[05Jan2026 06:00:10.824] [modloading-worker-0/INFO] [epicfight/]: Assigned animation id 303 to vex/neutralized
[05Jan2026 06:00:10.824] [modloading-worker-0/INFO] [epicfight/]: Assigned animation id 304 to witch/drink
[05Jan2026 06:00:10.825] [modloading-worker-0/INFO] [epicfight/]: Assigned animation id 305 to wither_skeleton/sword_attack1
[05Jan2026 06:00:10.825] [modloading-worker-0/INFO] [epicfight/]: Assigned animation id 306 to wither_skeleton/sword_attack2
[05Jan2026 06:00:10.825] [modloading-worker-0/INFO] [epicfight/]: Assigned animation id 307 to wither_skeleton/sword_attack3
[05Jan2026 06:00:10.825] [modloading-worker-0/INFO] [epicfight/]: Assigned animation id 308 to wither/rush
[05Jan2026 06:00:10.826] [modloading-worker-0/INFO] [epicfight/]: Assigned animation id 309 to wither/death
[05Jan2026 06:00:10.826] [modloading-worker-0/INFO] [epicfight/]: Assigned animation id 310 to wither/neutralized
[05Jan2026 06:00:10.826] [modloading-worker-0/INFO] [epicfight/]: Assigned animation id 311 to wither/spell_wither_armor
[05Jan2026 06:00:10.827] [modloading-worker-0/INFO] [epicfight/]: Assigned animation id 312 to wither/charging_blocked
[05Jan2026 06:00:10.827] [modloading-worker-0/INFO] [epicfight/]: Assigned animation id 313 to wither/ghost_stand
[05Jan2026 06:00:10.827] [modloading-worker-0/INFO] [epicfight/]: Assigned animation id 314 to wither/swirl
[05Jan2026 06:00:10.828] [modloading-worker-0/INFO] [epicfight/]: Assigned animation id 315 to wither/laser
[05Jan2026 06:00:10.828] [modloading-worker-0/INFO] [epicfight/]: Assigned animation id 316 to wither/backflip
[05Jan2026 06:00:10.829] [modloading-worker-0/INFO] [epicfight/]: Assigned animation id 317 to zombie/attack1
[05Jan2026 06:00:10.829] [modloading-worker-0/INFO] [epicfight/]: Assigned animation id 318 to zombie/attack2
[05Jan2026 06:00:10.829] [modloading-worker-0/INFO] [epicfight/]: Assigned animation id 319 to zombie/attack3
[05Jan2026 06:00:10.829] [modloading-worker-0/INFO] [epicfight/]: Assigned animation id 320 to biped/skill/sweeping_edge
[05Jan2026 06:00:10.829] [modloading-worker-0/INFO] [epicfight/]: Assigned animation id 321 to biped/skill/dancing_edge
[05Jan2026 06:00:10.829] [modloading-worker-0/INFO] [epicfight/]: Assigned animation id 322 to biped/skill/the_guillotine
[05Jan2026 06:00:10.829] [modloading-worker-0/INFO] [epicfight/]: Assigned animation id 323 to biped/skill/heartpiercer
[05Jan2026 06:00:10.830] [modloading-worker-0/INFO] [epicfight/]: Assigned animation id 324 to 146
[05Jan2026 06:00:10.830] [modloading-worker-0/INFO] [epicfight/]: Assigned animation id 325 to biped/skill/grasping_spire_second
[05Jan2026 06:00:10.830] [modloading-worker-0/INFO] [epicfight/]: Assigned animation id 326 to biped/skill/steel_whirlwind
[05Jan2026 06:00:10.831] [modloading-worker-0/INFO] [epicfight/]: Assigned animation id 327 to biped/skill/battojutsu
[05Jan2026 06:00:10.831] [modloading-worker-0/INFO] [epicfight/]: Assigned animation id 328 to biped/skill/battojutsu_dash
[05Jan2026 06:00:10.831] [modloading-worker-0/INFO] [epicfight/]: Assigned animation id 329 to biped/skill/rushing_tempo1
[05Jan2026 06:00:10.831] [modloading-worker-0/INFO] [epicfight/]: Assigned animation id 330 to biped/skill/rushing_tempo2
[05Jan2026 06:00:10.832] [modloading-worker-0/INFO] [epicfight/]: Assigned animation id 331 to biped/skill/rushing_tempo3
[05Jan2026 06:00:10.832] [modloading-worker-0/INFO] [epicfight/]: Assigned animation id 332 to biped/skill/relentless_combo
[05Jan2026 06:00:10.832] [modloading-worker-0/INFO] [epicfight/]: Assigned animation id 333 to biped/skill/eviscerate_first
[05Jan2026 06:00:10.832] [modloading-worker-0/INFO] [epicfight/]: Assigned animation id 334 to biped/skill/eviscerate_second
[05Jan2026 06:00:10.832] [modloading-worker-0/INFO] [epicfight/]: Assigned animation id 335 to biped/skill/blade_rush_combo1
[05Jan2026 06:00:10.834] [modloading-worker-0/INFO] [epicfight/]: Assigned animation id 336 to biped/skill/blade_rush_combo2
[05Jan2026 06:00:10.834] [modloading-worker-0/INFO] [epicfight/]: Assigned animation id 337 to biped/skill/blade_rush_combo3
[05Jan2026 06:00:10.835] [modloading-worker-0/INFO] [epicfight/]: Assigned animation id 338 to biped/interact/blade_rush_hit
[05Jan2026 06:00:10.836] [modloading-worker-0/INFO] [epicfight/]: Assigned animation id 339 to biped/skill/blade_rush_execute
[05Jan2026 06:00:10.836] [modloading-worker-0/INFO] [epicfight/]: Assigned animation id 340 to biped/skill/blade_rush_failed
[05Jan2026 06:00:10.837] [modloading-worker-0/INFO] [epicfight/]: Assigned animation id 341 to biped/skill/blade_rush_try
[05Jan2026 06:00:10.837] [modloading-worker-0/INFO] [epicfight/]: Assigned animation id 342 to biped/skill/wrathful_lighting
[05Jan2026 06:00:10.837] [modloading-worker-0/INFO] [epicfight/]: Assigned animation id 343 to biped/skill/tsunami
[05Jan2026 06:00:10.840] [modloading-worker-0/INFO] [epicfight/]: Assigned animation id 344 to biped/skill/tsunami_reinforced
[05Jan2026 06:00:10.840] [modloading-worker-0/INFO] [epicfight/]: Assigned animation id 345 to biped/skill/everlasting_allegiance_call
[05Jan2026 06:00:10.841] [modloading-worker-0/INFO] [epicfight/]: Assigned animation id 346 to biped/skill/everlasting_allegiance_catch
[05Jan2026 06:00:10.841] [modloading-worker-0/INFO] [epicfight/]: Assigned animation id 347 to biped/skill/sharp_stab
[05Jan2026 06:00:10.892] [Forge Version Check/INFO] [net.minecraftforge.fml.VersionChecker/]: [forge] Found status: OUTDATED Current: 47.3.7 Target: 47.4.10
[05Jan2026 06:00:10.892] [Forge Version Check/INFO] [net.minecraftforge.fml.VersionChecker/]: [zillagersweararmor] Starting version check at https://raw.githubusercontent.com/seymourimadeit/illagersweararmor/master/update.json
[05Jan2026 06:00:10.913] [Forge Version Check/INFO] [net.minecraftforge.fml.VersionChecker/]: [zillagersweararmor] Found status: BETA Current: 1.20.1-1.3.4 Target: null
[05Jan2026 06:00:10.915] [Forge Version Check/INFO] [net.minecraftforge.fml.VersionChecker/]: [gravestone] Starting version check at https://update.maxhenkel.de/forge/gravestone
[05Jan2026 06:00:11.469] [main/ERROR] [net.minecraft.Util/]: Entity dungeonnowloading:fairkeeper_serpent_caller has no attributes
[05Jan2026 06:00:11.470] [main/ERROR] [net.minecraft.Util/]: Entity dungeonnowloading:fairkeeper_serpent_caller has no attributes
[05Jan2026 06:00:11.470] [main/ERROR] [net.minecraft.Util/]: Entity dungeonnowloading:fairkeeper_serpent_caller has no attributes
[05Jan2026 06:00:11.471] [main/ERROR] [net.minecraft.Util/]: Entity dungeonnowloading:fairkeeper_serpent_caller has no attributes
[05Jan2026 06:00:11.471] [main/ERROR] [net.minecraft.Util/]: Entity dungeonnowloading:fairkeeper_serpent_caller has no attributes
[05Jan2026 06:00:11.471] [main/ERROR] [net.minecraft.Util/]: Entity dungeonnowloading:fairkeeper_serpent_caller has no attributes
[05Jan2026 06:00:11.472] [main/ERROR] [net.minecraft.Util/]: Entity dungeonnowloading:fairkeeper_serpent_caller has no attributes
[05Jan2026 06:00:11.472] [main/ERROR] [net.minecraft.Util/]: Entity dungeonnowloading:fairkeeper_serpent_caller has no attributes
[05Jan2026 06:00:11.473] [main/ERROR] [net.minecraft.Util/]: Entity dungeonnowloading:fairkeeper_serpent_caller has no attributes
[05Jan2026 06:00:11.473] [main/ERROR] [net.minecraft.Util/]: Entity dungeonnowloading:fairkeeper_serpent_caller has no attributes
[05Jan2026 06:00:11.473] [main/ERROR] [net.minecraft.Util/]: Entity dungeonnowloading:fairkeeper_serpent_caller has no attributes
[05Jan2026 06:00:11.474] [main/ERROR] [net.minecraft.Util/]: Entity dungeonnowloading:fairkeeper_serpent_caller has no attributes
[05Jan2026 06:00:11.474] [main/ERROR] [net.minecraft.Util/]: Entity dungeonnowloading:fairkeeper_serpent_caller has no attributes
[05Jan2026 06:00:11.474] [main/ERROR] [net.minecraft.Util/]: Entity dungeonnowloading:fairkeeper_serpent_caller has no attributes
[05Jan2026 06:00:11.475] [main/ERROR] [net.minecraft.Util/]: Entity dungeonnowloading:fairkeeper_serpent_caller has no attributes
[05Jan2026 06:00:11.475] [main/ERROR] [net.minecraft.Util/]: Entity dungeonnowloading:fairkeeper_serpent_caller has no attributes
[05Jan2026 06:00:11.475] [main/ERROR] [net.minecraft.Util/]: Entity dungeonnowloading:fairkeeper_serpent_caller has no attributes
[05Jan2026 06:00:11.476] [main/ERROR] [net.minecraft.Util/]: Entity dungeonnowloading:fairkeeper_serpent_caller has no attributes
[05Jan2026 06:00:11.476] [main/ERROR] [net.minecraft.Util/]: Entity dungeonnowloading:fairkeeper_serpent_caller has no attributes
[05Jan2026 06:00:11.476] [main/ERROR] [net.minecraft.Util/]: Entity dungeonnowloading:fairkeeper_serpent_caller has no attributes
[05Jan2026 06:00:11.477] [main/ERROR] [net.minecraft.Util/]: Entity dungeonnowloading:fairkeeper_serpent_caller has no attributes
[05Jan2026 06:00:11.477] [main/ERROR] [net.minecraft.Util/]: Entity dungeonnowloading:fairkeeper_serpent_caller has no attributes
[05Jan2026 06:00:11.477] [main/ERROR] [net.minecraft.Util/]: Entity dungeonnowloading:fairkeeper_serpent_caller has no attributes
[05Jan2026 06:00:11.478] [main/ERROR] [net.minecraft.Util/]: Entity dungeonnowloading:fairkeeper_serpent_caller has no attributes
[05Jan2026 06:00:11.478] [main/ERROR] [net.minecraft.Util/]: Entity dungeonnowloading:fairkeeper_serpent_caller has no attributes
[05Jan2026 06:00:11.478] [main/ERROR] [net.minecraft.Util/]: Entity dungeonnowloading:fairkeeper_serpent_caller has no attributes
[05Jan2026 06:00:11.479] [main/ERROR] [net.minecraft.Util/]: Entity dungeonnowloading:fairkeeper_serpent_caller has no attributes
[05Jan2026 06:00:11.479] [main/ERROR] [net.minecraft.Util/]: Entity dungeonnowloading:fairkeeper_serpent_caller has no attributes
[05Jan2026 06:00:11.479] [main/ERROR] [net.minecraft.Util/]: Entity dungeonnowloading:fairkeeper_serpent_caller has no attributes
[05Jan2026 06:00:11.480] [main/ERROR] [net.minecraft.Util/]: Entity dungeonnowloading:fairkeeper_serpent_caller has no attributes
[05Jan2026 06:00:11.480] [main/ERROR] [net.minecraft.Util/]: Entity dungeonnowloading:fairkeeper_serpent_caller has no attributes
[05Jan2026 06:00:11.480] [main/ERROR] [net.minecraft.Util/]: Entity dungeonnowloading:fairkeeper_serpent_caller has no attributes
[05Jan2026 06:00:11.481] [main/ERROR] [net.minecraft.Util/]: Entity dungeonnowloading:fairkeeper_serpent_caller has no attributes
[05Jan2026 06:00:11.551] [Forge Version Check/INFO] [net.minecraftforge.fml.VersionChecker/]: [gravestone] Found status: OUTDATED Current: 1.20.1-1.0.16 Target: 1.20.1-1.0.35
[05Jan2026 06:00:11.551] [Forge Version Check/INFO] [net.minecraftforge.fml.VersionChecker/]: [puzzleslib] Starting version check at https://raw.githubusercontent.com/Fuzss/modresources/main/update/puzzleslib.json
[05Jan2026 06:00:11.565] [Forge Version Check/INFO] [net.minecraftforge.fml.VersionChecker/]: [puzzleslib] Found status: OUTDATED Current: 8.1.21 Target: 8.1.33
[05Jan2026 06:00:11.565] [Forge Version Check/INFO] [net.minecraftforge.fml.VersionChecker/]: [smallships] Starting version check at https://raw.githubusercontent.com/talhanation/smallships/main/update.json
[05Jan2026 06:00:11.576] [Forge Version Check/INFO] [net.minecraftforge.fml.VersionChecker/]: [smallships] Found status: OUTDATED Current: 2.0.0-b1.3.1 Target: 2.0.0-b1.4
[05Jan2026 06:00:14.779] [main/INFO] [com.mojang.authlib.yggdrasil.YggdrasilAuthenticationService/]: Environment: authHost='https://authserver.mojang.com', accountsHost='https://api.mojang.com', sessionHost='https://sessionserver.mojang.com', servicesHost='https://api.minecraftservices.com', name='PROD'
[05Jan2026 06:00:14.829] [main/WARN] [net.minecraft.server.packs.VanillaPackResourcesBuilder/]: Assets URL 'union:/workspaces/thepapu/servidor_minecraft/libraries/net/minecraft/server/1.20.1-20230612.114412/server-1.20.1-20230612.114412-srg.jar%23235!/assets/.mcassetsroot' uses unexpected schema
[05Jan2026 06:00:14.829] [main/WARN] [net.minecraft.server.packs.VanillaPackResourcesBuilder/]: Assets URL 'union:/workspaces/thepapu/servidor_minecraft/libraries/net/minecraft/server/1.20.1-20230612.114412/server-1.20.1-20230612.114412-srg.jar%23235!/data/.mcassetsroot' uses unexpected schema
[05Jan2026 06:00:16.203] [main/ERROR] [net.minecraft.Util/]: Invalid path in pack: bloodandmadness:forge/biome_modifier/celestial_emissary_I.json, ignoring
[05Jan2026 06:00:16.204] [main/ERROR] [net.minecraft.Util/]: Invalid path in pack: bloodandmadness:forge/biome_modifier/brainsucker_I.json, ignoring
[05Jan2026 06:00:17.377] [main/INFO] [Spartan Weaponry/]: Finished registering commands for Spartan Weaponry!
[05Jan2026 06:00:17.400] [main/INFO] [com.github.alexthe666.alexsmobs.AlexsMobs/]: Adding datapack listener capsid_recipes
[05Jan2026 06:00:17.581] [Worker-Main-1/ERROR] [net.minecraft.tags.TagLoader/]: Couldn't load tag integrated_api:collections/any_taiga as it is missing following references: #repurposed_structures:collections/taigas (from integrated_api-1.5.1+1.20.1-forge.jar)
[05Jan2026 06:00:17.581] [Worker-Main-3/ERROR] [net.minecraft.tags.TagLoader/]: Couldn't load tag minecraft:mushroom_grow_block as it is missing following references: netherdungeons:growth_mauve (from netherdungeons-1.1.0-snapshot3a.jar)
[05Jan2026 06:00:18.550] [Worker-Main-2/INFO] [Spartan Weaponry/]: Adding Diamond Weapons to the End City Treasure Loot Table!
[05Jan2026 06:00:18.663] [Worker-Main-2/INFO] [Spartan Weaponry/]: Adding Longbow and Heavy Crossbow related loot to the Village Fletcher Loot Table!
[05Jan2026 06:00:18.927] [Worker-Main-2/INFO] [Spartan Weaponry/]: Adding Iron Weapons to the Village Weaponsmith Loot Table!
[05Jan2026 06:00:19.173] [main/WARN] [net.minecraft.world.level.storage.loot.LootDataManager/]: Found loot table element validation problem in {loot_tables:iter_rpg:entities/revenant}.pools[0].entries[0].functions[1]: Parameters [<parameter minecraft:tool>] are not provided in this context
[05Jan2026 06:00:19.174] [main/WARN] [net.minecraft.world.level.storage.loot.LootDataManager/]: Found loot table element validation problem in {loot_tables:iter_rpg:entities/fiend}.pools[0].entries[0].functions[1]: Parameters [<parameter minecraft:tool>] are not provided in this context
[05Jan2026 06:00:19.174] [main/WARN] [net.minecraft.world.level.storage.loot.LootDataManager/]: Found loot table element validation problem in {loot_tables:iter_rpg:entities/griever}.pools[1].entries[0].functions[1]: Parameters [<parameter minecraft:tool>] are not provided in this context
[05Jan2026 06:00:19.174] [main/WARN] [net.minecraft.world.level.storage.loot.LootDataManager/]: Found loot table element validation problem in {loot_tables:iter_rpg:entities/revenant}.pools[1].entries[0].functions[1]: Parameters [<parameter minecraft:tool>] are not provided in this context
[05Jan2026 06:00:19.174] [main/WARN] [net.minecraft.world.level.storage.loot.LootDataManager/]: Found loot table element validation problem in {loot_tables:iter_rpg:entities/griever}.pools[0].entries[0].functions[1]: Parameters [<parameter minecraft:tool>] are not provided in this context
[05Jan2026 06:00:19.174] [main/WARN] [net.minecraft.world.level.storage.loot.LootDataManager/]: Found loot table element validation problem in {loot_tables:iter_rpg:entities/griever}.pools[0].entries[1].functions[1]: Parameters [<parameter minecraft:tool>] are not provided in this context
[05Jan2026 06:00:19.174] [main/WARN] [net.minecraft.world.level.storage.loot.LootDataManager/]: Found loot table element validation problem in {loot_tables:iter_rpg:entities/sorrowsealed}.pools[1].entries[0].functions[1]: Parameters [<parameter minecraft:tool>] are not provided in this context
[05Jan2026 06:00:19.174] [main/WARN] [net.minecraft.world.level.storage.loot.LootDataManager/]: Found loot table element validation problem in {loot_tables:iter_rpg:entities/earth_elemental}.pools[1].entries[0].functions[1]: Parameters [<parameter minecraft:tool>] are not provided in this context
[05Jan2026 06:00:19.174] [main/WARN] [net.minecraft.world.level.storage.loot.LootDataManager/]: Found loot table element validation problem in {loot_tables:iter_rpg:entities/void_elemental}.pools[0].entries[0].functions[1]: Parameters [<parameter minecraft:tool>] are not provided in this context
[05Jan2026 06:00:19.175] [main/WARN] [net.minecraft.world.level.storage.loot.LootDataManager/]: Found loot table element validation problem in {loot_tables:iter_rpg:entities/mournstone}.pools[1].entries[0].functions[1]: Parameters [<parameter minecraft:tool>] are not provided in this context
[05Jan2026 06:00:19.175] [main/WARN] [net.minecraft.world.level.storage.loot.LootDataManager/]: Found loot table element validation problem in {loot_tables:iter_rpg:entities/mournstone}.pools[0].entries[0].functions[1]: Parameters [<parameter minecraft:tool>] are not provided in this context
[05Jan2026 06:00:19.175] [main/WARN] [net.minecraft.world.level.storage.loot.LootDataManager/]: Found loot table element validation problem in {loot_tables:iter_rpg:entities/carcass}.pools[0].entries[0].functions[1]: Parameters [<parameter minecraft:tool>] are not provided in this context
[05Jan2026 06:00:19.175] [main/WARN] [net.minecraft.world.level.storage.loot.LootDataManager/]: Found loot table element validation problem in {loot_tables:iter_rpg:entities/sorrowsealed}.pools[0].entries[0].functions[1]: Parameters [<parameter minecraft:tool>] are not provided in this context
[05Jan2026 06:00:19.175] [main/WARN] [net.minecraft.world.level.storage.loot.LootDataManager/]: Found loot table element validation problem in {loot_tables:iter_rpg:entities/mournstone}.pools[1].entries[1].functions[1]: Parameters [<parameter minecraft:tool>] are not provided in this context
[05Jan2026 06:00:19.175] [main/WARN] [net.minecraft.world.level.storage.loot.LootDataManager/]: Found loot table element validation problem in {loot_tables:iter_rpg:entities/water_elemental}.pools[1].entries[0].functions[1]: Parameters [<parameter minecraft:tool>] are not provided in this context
[05Jan2026 06:00:19.175] [main/WARN] [net.minecraft.world.level.storage.loot.LootDataManager/]: Found loot table element validation problem in {loot_tables:iter_rpg:entities/fire_elemental}.pools[1].entries[0].functions[1]: Parameters [<parameter minecraft:tool>] are not provided in this context
[05Jan2026 06:00:19.175] [main/WARN] [net.minecraft.world.level.storage.loot.LootDataManager/]: Found loot table element validation problem in {loot_tables:iter_rpg:entities/weeper}.pools[0].entries[0].functions[1]: Parameters [<parameter minecraft:tool>] are not provided in this context
[05Jan2026 06:00:19.176] [main/WARN] [net.minecraft.world.level.storage.loot.LootDataManager/]: Found loot table element validation problem in {loot_tables:iter_rpg:entities/carcass}.pools[1].entries[0].functions[1]: Parameters [<parameter minecraft:tool>] are not provided in this context
[05Jan2026 06:00:19.176] [main/WARN] [net.minecraft.world.level.storage.loot.LootDataManager/]: Found loot table element validation problem in {loot_tables:iter_rpg:entities/weeper}.pools[1].entries[1].functions[1]: Parameters [<parameter minecraft:tool>] are not provided in this context
[05Jan2026 06:00:19.176] [main/WARN] [net.minecraft.world.level.storage.loot.LootDataManager/]: Found loot table element validation problem in {loot_tables:iter_rpg:entities/giant_spider}.pools[0].entries[1].functions[1]: Parameters [<parameter minecraft:tool>] are not provided in this context
[05Jan2026 06:00:19.176] [main/WARN] [net.minecraft.world.level.storage.loot.LootDataManager/]: Found loot table element validation problem in {loot_tables:iter_rpg:entities/giant_spider}.pools[0].entries[2].functions[1]: Parameters [<parameter minecraft:tool>] are not provided in this context
[05Jan2026 06:00:19.176] [main/WARN] [net.minecraft.world.level.storage.loot.LootDataManager/]: Found loot table element validation problem in {loot_tables:iter_rpg:entities/weeper}.pools[1].entries[0].functions[1]: Parameters [<parameter minecraft:tool>] are not provided in this context
[05Jan2026 06:00:19.176] [main/WARN] [net.minecraft.world.level.storage.loot.LootDataManager/]: Found loot table element validation problem in {loot_tables:iter_rpg:entities/griever}.pools[1].entries[1].functions[1]: Parameters [<parameter minecraft:tool>] are not provided in this context
[05Jan2026 06:00:19.188] [main/ERROR] [net.minecraft.world.item.crafting.RecipeManager/]: Parsing error loading recipe forbidden_arcanus:fungyss_fence
com.google.gson.JsonParseException: An ingredient entry needs either a tag or an item
	at net.minecraft.world.item.crafting.Ingredient.m_43919_(Ingredient.java:226) ~[server-1.20.1-20230612.114412-srg.jar%23235!/:?]
	at net.minecraftforge.common.crafting.VanillaIngredientSerializer.parse(VanillaIngredientSerializer.java:27) ~[forge-1.20.1-47.3.7-universal.jar%23240!/:?]
	at net.minecraftforge.common.crafting.CraftingHelper.getIngredient(CraftingHelper.java:148) ~[forge-1.20.1-47.3.7-universal.jar%23240!/:?]
	at net.minecraft.world.item.crafting.Ingredient.m_288218_(Ingredient.java:194) ~[server-1.20.1-20230612.114412-srg.jar%23235!/:?]
	at net.minecraft.world.item.crafting.ShapedRecipe.m_44210_(ShapedRecipe.java:278) ~[server-1.20.1-20230612.114412-srg.jar%23235!/:?]
	at net.minecraft.world.item.crafting.ShapedRecipe$Serializer.m_6729_(ShapedRecipe.java:306) ~[server-1.20.1-20230612.114412-srg.jar%23235!/:?]
	at net.minecraft.world.item.crafting.ShapedRecipe$Serializer.m_6729_(ShapedRecipe.java:301) ~[server-1.20.1-20230612.114412-srg.jar%23235!/:?]
	at net.minecraftforge.common.extensions.IForgeRecipeSerializer.fromJson(IForgeRecipeSerializer.java:23) ~[forge-1.20.1-47.3.7-universal.jar%23240!/:?]
	at net.minecraft.world.item.crafting.RecipeManager.fromJson(RecipeManager.java:171) ~[server-1.20.1-20230612.114412-srg.jar%23235!/:?]
	at net.minecraft.world.item.crafting.RecipeManager.m_5787_(RecipeManager.java:67) ~[server-1.20.1-20230612.114412-srg.jar%23235!/:?]
	at net.minecraft.world.item.crafting.RecipeManager.m_5787_(RecipeManager.java:34) ~[server-1.20.1-20230612.114412-srg.jar%23235!/:?]
	at net.minecraft.server.packs.resources.SimplePreparableReloadListener.m_10789_(SimplePreparableReloadListener.java:13) ~[server-1.20.1-20230612.114412-srg.jar%23235!/:?]
	at java.util.concurrent.CompletableFuture$UniAccept.tryFire(CompletableFuture.java:718) ~[?:?]
	at java.util.concurrent.CompletableFuture$Completion.run(CompletableFuture.java:482) ~[?:?]
	at net.minecraft.server.packs.resources.SimpleReloadInstance.m_143940_(SimpleReloadInstance.java:69) ~[server-1.20.1-20230612.114412-srg.jar%23235!/:?]
	at net.minecraft.Util.m_214652_(Util.java:783) ~[server-1.20.1-20230612.114412-srg.jar%23235!/:?]
	at net.minecraft.Util.m_214679_(Util.java:772) ~[server-1.20.1-20230612.114412-srg.jar%23235!/:?]
	at net.minecraft.server.Main.main(Main.java:166) ~[server-1.20.1-20230612.114412-srg.jar%23235!/:?]
	at jdk.internal.reflect.NativeMethodAccessorImpl.invoke0(Native Method) ~[?:?]
	at jdk.internal.reflect.NativeMethodAccessorImpl.invoke(NativeMethodAccessorImpl.java:77) ~[?:?]
	at jdk.internal.reflect.DelegatingMethodAccessorImpl.invoke(DelegatingMethodAccessorImpl.java:43) ~[?:?]
	at java.lang.reflect.Method.invoke(Method.java:569) ~[?:?]
	at net.minecraftforge.fml.loading.targets.CommonLaunchHandler.runTarget(CommonLaunchHandler.java:111) ~[fmlloader-1.20.1-47.3.7.jar%2369!/:?]
	at net.minecraftforge.fml.loading.targets.CommonLaunchHandler.serverService(CommonLaunchHandler.java:103) ~[fmlloader-1.20.1-47.3.7.jar%2369!/:?]
	at net.minecraftforge.fml.loading.targets.CommonServerLaunchHandler.lambda$makeService$0(CommonServerLaunchHandler.java:27) ~[fmlloader-1.20.1-47.3.7.jar%2369!/:?]
	at cpw.mods.modlauncher.LaunchServiceHandlerDecorator.launch(LaunchServiceHandlerDecorator.java:30) ~[modlauncher-10.0.9.jar%2355!/:?]
	at cpw.mods.modlauncher.LaunchServiceHandler.launch(LaunchServiceHandler.java:53) ~[modlauncher-10.0.9.jar%2355!/:?]
	at cpw.mods.modlauncher.LaunchServiceHandler.launch(LaunchServiceHandler.java:71) ~[modlauncher-10.0.9.jar%2355!/:?]
	at cpw.mods.modlauncher.Launcher.run(Launcher.java:108) ~[modlauncher-10.0.9.jar%2355!/:?]
	at cpw.mods.modlauncher.Launcher.main(Launcher.java:78) ~[modlauncher-10.0.9.jar%2355!/:?]
	at cpw.mods.modlauncher.BootstrapLaunchConsumer.accept(BootstrapLaunchConsumer.java:26) ~[modlauncher-10.0.9.jar%2355!/:?]
	at cpw.mods.modlauncher.BootstrapLaunchConsumer.accept(BootstrapLaunchConsumer.java:23) ~[modlauncher-10.0.9.jar%2355!/:?]
	at cpw.mods.bootstraplauncher.BootstrapLauncher.main(BootstrapLauncher.java:141) ~[bootstraplauncher-1.1.2.jar:?]
[05Jan2026 06:00:19.203] [main/ERROR] [net.minecraft.world.item.crafting.RecipeManager/]: Parsing error loading recipe iter_rpg:packed_snow_bricks_cut_wall
com.google.gson.JsonSyntaxException: Unknown item 'iter_rpg:packed_snow_bricks'
	at net.minecraft.world.item.crafting.ShapedRecipe.m_151280_(ShapedRecipe.java:292) ~[server-1.20.1-20230612.114412-srg.jar%23235!/:?]
	at java.util.Optional.orElseThrow(Optional.java:403) ~[?:?]
	at net.minecraft.world.item.crafting.ShapedRecipe.m_151278_(ShapedRecipe.java:291) ~[server-1.20.1-20230612.114412-srg.jar%23235!/:?]
	at net.minecraft.world.item.crafting.Ingredient.m_43919_(Ingredient.java:219) ~[server-1.20.1-20230612.114412-srg.jar%23235!/:?]
	at net.minecraftforge.common.crafting.VanillaIngredientSerializer.parse(VanillaIngredientSerializer.java:27) ~[forge-1.20.1-47.3.7-universal.jar%23240!/:?]
	at net.minecraftforge.common.crafting.CraftingHelper.getIngredient(CraftingHelper.java:148) ~[forge-1.20.1-47.3.7-universal.jar%23240!/:?]
	at net.minecraft.world.item.crafting.Ingredient.m_288218_(Ingredient.java:194) ~[server-1.20.1-20230612.114412-srg.jar%23235!/:?]
	at net.minecraft.world.item.crafting.SingleItemRecipe$Serializer.m_6729_(SingleItemRecipe.java:91) ~[server-1.20.1-20230612.114412-srg.jar%23235!/:?]
	at net.minecraft.world.item.crafting.SingleItemRecipe$Serializer.m_6729_(SingleItemRecipe.java:72) ~[server-1.20.1-20230612.114412-srg.jar%23235!/:?]
	at net.minecraftforge.common.extensions.IForgeRecipeSerializer.fromJson(IForgeRecipeSerializer.java:23) ~[forge-1.20.1-47.3.7-universal.jar%23240!/:?]
	at net.minecraft.world.item.crafting.RecipeManager.fromJson(RecipeManager.java:171) ~[server-1.20.1-20230612.114412-srg.jar%23235!/:?]
	at net.minecraft.world.item.crafting.RecipeManager.m_5787_(RecipeManager.java:67) ~[server-1.20.1-20230612.114412-srg.jar%23235!/:?]
	at net.minecraft.world.item.crafting.RecipeManager.m_5787_(RecipeManager.java:34) ~[server-1.20.1-20230612.114412-srg.jar%23235!/:?]
	at net.minecraft.server.packs.resources.SimplePreparableReloadListener.m_10789_(SimplePreparableReloadListener.java:13) ~[server-1.20.1-20230612.114412-srg.jar%23235!/:?]
	at java.util.concurrent.CompletableFuture$UniAccept.tryFire(CompletableFuture.java:718) ~[?:?]
	at java.util.concurrent.CompletableFuture$Completion.run(CompletableFuture.java:482) ~[?:?]
	at net.minecraft.server.packs.resources.SimpleReloadInstance.m_143940_(SimpleReloadInstance.java:69) ~[server-1.20.1-20230612.114412-srg.jar%23235!/:?]
	at net.minecraft.Util.m_214652_(Util.java:783) ~[server-1.20.1-20230612.114412-srg.jar%23235!/:?]
	at net.minecraft.Util.m_214679_(Util.java:772) ~[server-1.20.1-20230612.114412-srg.jar%23235!/:?]
	at net.minecraft.server.Main.main(Main.java:166) ~[server-1.20.1-20230612.114412-srg.jar%23235!/:?]
	at jdk.internal.reflect.NativeMethodAccessorImpl.invoke0(Native Method) ~[?:?]
	at jdk.internal.reflect.NativeMethodAccessorImpl.invoke(NativeMethodAccessorImpl.java:77) ~[?:?]
	at jdk.internal.reflect.DelegatingMethodAccessorImpl.invoke(DelegatingMethodAccessorImpl.java:43) ~[?:?]
	at java.lang.reflect.Method.invoke(Method.java:569) ~[?:?]
	at net.minecraftforge.fml.loading.targets.CommonLaunchHandler.runTarget(CommonLaunchHandler.java:111) ~[fmlloader-1.20.1-47.3.7.jar%2369!/:?]
	at net.minecraftforge.fml.loading.targets.CommonLaunchHandler.serverService(CommonLaunchHandler.java:103) ~[fmlloader-1.20.1-47.3.7.jar%2369!/:?]
	at net.minecraftforge.fml.loading.targets.CommonServerLaunchHandler.lambda$makeService$0(CommonServerLaunchHandler.java:27) ~[fmlloader-1.20.1-47.3.7.jar%2369!/:?]
	at cpw.mods.modlauncher.LaunchServiceHandlerDecorator.launch(LaunchServiceHandlerDecorator.java:30) ~[modlauncher-10.0.9.jar%2355!/:?]
	at cpw.mods.modlauncher.LaunchServiceHandler.launch(LaunchServiceHandler.java:53) ~[modlauncher-10.0.9.jar%2355!/:?]
	at cpw.mods.modlauncher.LaunchServiceHandler.launch(LaunchServiceHandler.java:71) ~[modlauncher-10.0.9.jar%2355!/:?]
	at cpw.mods.modlauncher.Launcher.run(Launcher.java:108) ~[modlauncher-10.0.9.jar%2355!/:?]
	at cpw.mods.modlauncher.Launcher.main(Launcher.java:78) ~[modlauncher-10.0.9.jar%2355!/:?]
	at cpw.mods.modlauncher.BootstrapLaunchConsumer.accept(BootstrapLaunchConsumer.java:26) ~[modlauncher-10.0.9.jar%2355!/:?]
	at cpw.mods.modlauncher.BootstrapLaunchConsumer.accept(BootstrapLaunchConsumer.java:23) ~[modlauncher-10.0.9.jar%2355!/:?]
	at cpw.mods.bootstraplauncher.BootstrapLauncher.main(BootstrapLauncher.java:141) ~[bootstraplauncher-1.1.2.jar:?]
[05Jan2026 06:00:19.235] [main/ERROR] [net.minecraft.world.item.crafting.RecipeManager/]: Parsing error loading recipe iter_rpg:smooth_ice_bricks_cut_wall
com.google.gson.JsonSyntaxException: Unknown item 'iter_rpg:ice_bricks'
	at net.minecraft.world.item.crafting.ShapedRecipe.m_151280_(ShapedRecipe.java:292) ~[server-1.20.1-20230612.114412-srg.jar%23235!/:?]
	at java.util.Optional.orElseThrow(Optional.java:403) ~[?:?]
	at net.minecraft.world.item.crafting.ShapedRecipe.m_151278_(ShapedRecipe.java:291) ~[server-1.20.1-20230612.114412-srg.jar%23235!/:?]
	at net.minecraft.world.item.crafting.Ingredient.m_43919_(Ingredient.java:219) ~[server-1.20.1-20230612.114412-srg.jar%23235!/:?]
	at net.minecraftforge.common.crafting.VanillaIngredientSerializer.parse(VanillaIngredientSerializer.java:27) ~[forge-1.20.1-47.3.7-universal.jar%23240!/:?]
	at net.minecraftforge.common.crafting.CraftingHelper.getIngredient(CraftingHelper.java:148) ~[forge-1.20.1-47.3.7-universal.jar%23240!/:?]
	at net.minecraft.world.item.crafting.Ingredient.m_288218_(Ingredient.java:194) ~[server-1.20.1-20230612.114412-srg.jar%23235!/:?]
	at net.minecraft.world.item.crafting.SingleItemRecipe$Serializer.m_6729_(SingleItemRecipe.java:91) ~[server-1.20.1-20230612.114412-srg.jar%23235!/:?]
	at net.minecraft.world.item.crafting.SingleItemRecipe$Serializer.m_6729_(SingleItemRecipe.java:72) ~[server-1.20.1-20230612.114412-srg.jar%23235!/:?]
	at net.minecraftforge.common.extensions.IForgeRecipeSerializer.fromJson(IForgeRecipeSerializer.java:23) ~[forge-1.20.1-47.3.7-universal.jar%23240!/:?]
	at net.minecraft.world.item.crafting.RecipeManager.fromJson(RecipeManager.java:171) ~[server-1.20.1-20230612.114412-srg.jar%23235!/:?]
	at net.minecraft.world.item.crafting.RecipeManager.m_5787_(RecipeManager.java:67) ~[server-1.20.1-20230612.114412-srg.jar%23235!/:?]
	at net.minecraft.world.item.crafting.RecipeManager.m_5787_(RecipeManager.java:34) ~[server-1.20.1-20230612.114412-srg.jar%23235!/:?]
	at net.minecraft.server.packs.resources.SimplePreparableReloadListener.m_10789_(SimplePreparableReloadListener.java:13) ~[server-1.20.1-20230612.114412-srg.jar%23235!/:?]
	at java.util.concurrent.CompletableFuture$UniAccept.tryFire(CompletableFuture.java:718) ~[?:?]
	at java.util.concurrent.CompletableFuture$Completion.run(CompletableFuture.java:482) ~[?:?]
	at net.minecraft.server.packs.resources.SimpleReloadInstance.m_143940_(SimpleReloadInstance.java:69) ~[server-1.20.1-20230612.114412-srg.jar%23235!/:?]
	at net.minecraft.Util.m_214652_(Util.java:783) ~[server-1.20.1-20230612.114412-srg.jar%23235!/:?]
	at net.minecraft.Util.m_214679_(Util.java:772) ~[server-1.20.1-20230612.114412-srg.jar%23235!/:?]
	at net.minecraft.server.Main.main(Main.java:166) ~[server-1.20.1-20230612.114412-srg.jar%23235!/:?]
	at jdk.internal.reflect.NativeMethodAccessorImpl.invoke0(Native Method) ~[?:?]
	at jdk.internal.reflect.NativeMethodAccessorImpl.invoke(NativeMethodAccessorImpl.java:77) ~[?:?]
	at jdk.internal.reflect.DelegatingMethodAccessorImpl.invoke(DelegatingMethodAccessorImpl.java:43) ~[?:?]
	at java.lang.reflect.Method.invoke(Method.java:569) ~[?:?]
	at net.minecraftforge.fml.loading.targets.CommonLaunchHandler.runTarget(CommonLaunchHandler.java:111) ~[fmlloader-1.20.1-47.3.7.jar%2369!/:?]
	at net.minecraftforge.fml.loading.targets.CommonLaunchHandler.serverService(CommonLaunchHandler.java:103) ~[fmlloader-1.20.1-47.3.7.jar%2369!/:?]
	at net.minecraftforge.fml.loading.targets.CommonServerLaunchHandler.lambda$makeService$0(CommonServerLaunchHandler.java:27) ~[fmlloader-1.20.1-47.3.7.jar%2369!/:?]
	at cpw.mods.modlauncher.LaunchServiceHandlerDecorator.launch(LaunchServiceHandlerDecorator.java:30) ~[modlauncher-10.0.9.jar%2355!/:?]
	at cpw.mods.modlauncher.LaunchServiceHandler.launch(LaunchServiceHandler.java:53) ~[modlauncher-10.0.9.jar%2355!/:?]
	at cpw.mods.modlauncher.LaunchServiceHandler.launch(LaunchServiceHandler.java:71) ~[modlauncher-10.0.9.jar%2355!/:?]
	at cpw.mods.modlauncher.Launcher.run(Launcher.java:108) ~[modlauncher-10.0.9.jar%2355!/:?]
	at cpw.mods.modlauncher.Launcher.main(Launcher.java:78) ~[modlauncher-10.0.9.jar%2355!/:?]
	at cpw.mods.modlauncher.BootstrapLaunchConsumer.accept(BootstrapLaunchConsumer.java:26) ~[modlauncher-10.0.9.jar%2355!/:?]
	at cpw.mods.modlauncher.BootstrapLaunchConsumer.accept(BootstrapLaunchConsumer.java:23) ~[modlauncher-10.0.9.jar%2355!/:?]
	at cpw.mods.bootstraplauncher.BootstrapLauncher.main(BootstrapLauncher.java:141) ~[bootstraplauncher-1.1.2.jar:?]
[05Jan2026 06:00:19.240] [main/ERROR] [net.minecraft.world.item.crafting.RecipeManager/]: Parsing error loading recipe legendary_monsters:ender_hammer
com.google.gson.JsonSyntaxException: Unknown item 'legendary_monsters:ender_hammer'
	at net.minecraftforge.common.crafting.CraftingHelper.getItem(CraftingHelper.java:160) ~[forge-1.20.1-47.3.7-universal.jar%23240!/:?]
	at net.minecraftforge.common.crafting.CraftingHelper.getItemStack(CraftingHelper.java:186) ~[forge-1.20.1-47.3.7-universal.jar%23240!/:?]
	at net.minecraft.world.item.crafting.ShapedRecipe.m_151274_(ShapedRecipe.java:286) ~[server-1.20.1-20230612.114412-srg.jar%23235!/:?]
	at net.minecraft.world.item.crafting.ShapedRecipe$Serializer.m_6729_(ShapedRecipe.java:311) ~[server-1.20.1-20230612.114412-srg.jar%23235!/:?]
	at net.minecraft.world.item.crafting.ShapedRecipe$Serializer.m_6729_(ShapedRecipe.java:301) ~[server-1.20.1-20230612.114412-srg.jar%23235!/:?]
	at net.minecraftforge.common.extensions.IForgeRecipeSerializer.fromJson(IForgeRecipeSerializer.java:23) ~[forge-1.20.1-47.3.7-universal.jar%23240!/:?]
	at net.minecraft.world.item.crafting.RecipeManager.fromJson(RecipeManager.java:171) ~[server-1.20.1-20230612.114412-srg.jar%23235!/:?]
	at net.minecraft.world.item.crafting.RecipeManager.m_5787_(RecipeManager.java:67) ~[server-1.20.1-20230612.114412-srg.jar%23235!/:?]
	at net.minecraft.world.item.crafting.RecipeManager.m_5787_(RecipeManager.java:34) ~[server-1.20.1-20230612.114412-srg.jar%23235!/:?]
	at net.minecraft.server.packs.resources.SimplePreparableReloadListener.m_10789_(SimplePreparableReloadListener.java:13) ~[server-1.20.1-20230612.114412-srg.jar%23235!/:?]
	at java.util.concurrent.CompletableFuture$UniAccept.tryFire(CompletableFuture.java:718) ~[?:?]
	at java.util.concurrent.CompletableFuture$Completion.run(CompletableFuture.java:482) ~[?:?]
	at net.minecraft.server.packs.resources.SimpleReloadInstance.m_143940_(SimpleReloadInstance.java:69) ~[server-1.20.1-20230612.114412-srg.jar%23235!/:?]
	at net.minecraft.Util.m_214652_(Util.java:783) ~[server-1.20.1-20230612.114412-srg.jar%23235!/:?]
	at net.minecraft.Util.m_214679_(Util.java:772) ~[server-1.20.1-20230612.114412-srg.jar%23235!/:?]
	at net.minecraft.server.Main.main(Main.java:166) ~[server-1.20.1-20230612.114412-srg.jar%23235!/:?]
	at jdk.internal.reflect.NativeMethodAccessorImpl.invoke0(Native Method) ~[?:?]
	at jdk.internal.reflect.NativeMethodAccessorImpl.invoke(NativeMethodAccessorImpl.java:77) ~[?:?]
	at jdk.internal.reflect.DelegatingMethodAccessorImpl.invoke(DelegatingMethodAccessorImpl.java:43) ~[?:?]
	at java.lang.reflect.Method.invoke(Method.java:569) ~[?:?]
	at net.minecraftforge.fml.loading.targets.CommonLaunchHandler.runTarget(CommonLaunchHandler.java:111) ~[fmlloader-1.20.1-47.3.7.jar%2369!/:?]
	at net.minecraftforge.fml.loading.targets.CommonLaunchHandler.serverService(CommonLaunchHandler.java:103) ~[fmlloader-1.20.1-47.3.7.jar%2369!/:?]
	at net.minecraftforge.fml.loading.targets.CommonServerLaunchHandler.lambda$makeService$0(CommonServerLaunchHandler.java:27) ~[fmlloader-1.20.1-47.3.7.jar%2369!/:?]
	at cpw.mods.modlauncher.LaunchServiceHandlerDecorator.launch(LaunchServiceHandlerDecorator.java:30) ~[modlauncher-10.0.9.jar%2355!/:?]
	at cpw.mods.modlauncher.LaunchServiceHandler.launch(LaunchServiceHandler.java:53) ~[modlauncher-10.0.9.jar%2355!/:?]
	at cpw.mods.modlauncher.LaunchServiceHandler.launch(LaunchServiceHandler.java:71) ~[modlauncher-10.0.9.jar%2355!/:?]
	at cpw.mods.modlauncher.Launcher.run(Launcher.java:108) ~[modlauncher-10.0.9.jar%2355!/:?]
	at cpw.mods.modlauncher.Launcher.main(Launcher.java:78) ~[modlauncher-10.0.9.jar%2355!/:?]
	at cpw.mods.modlauncher.BootstrapLaunchConsumer.accept(BootstrapLaunchConsumer.java:26) ~[modlauncher-10.0.9.jar%2355!/:?]
	at cpw.mods.modlauncher.BootstrapLaunchConsumer.accept(BootstrapLaunchConsumer.java:23) ~[modlauncher-10.0.9.jar%2355!/:?]
	at cpw.mods.bootstraplauncher.BootstrapLauncher.main(BootstrapLauncher.java:141) ~[bootstraplauncher-1.1.2.jar:?]
[05Jan2026 06:00:19.247] [main/ERROR] [net.minecraft.world.item.crafting.RecipeManager/]: Parsing error loading recipe smallships:bamboo_drakkar
com.google.gson.JsonSyntaxException: Unknown item 'minecraft:bamboo_boat'
	at net.minecraft.world.item.crafting.ShapedRecipe.m_151280_(ShapedRecipe.java:292) ~[server-1.20.1-20230612.114412-srg.jar%23235!/:?]
	at java.util.Optional.orElseThrow(Optional.java:403) ~[?:?]
	at net.minecraft.world.item.crafting.ShapedRecipe.m_151278_(ShapedRecipe.java:291) ~[server-1.20.1-20230612.114412-srg.jar%23235!/:?]
	at net.minecraft.world.item.crafting.Ingredient.m_43919_(Ingredient.java:219) ~[server-1.20.1-20230612.114412-srg.jar%23235!/:?]
	at net.minecraftforge.common.crafting.VanillaIngredientSerializer.parse(VanillaIngredientSerializer.java:27) ~[forge-1.20.1-47.3.7-universal.jar%23240!/:?]
	at net.minecraftforge.common.crafting.CraftingHelper.getIngredient(CraftingHelper.java:148) ~[forge-1.20.1-47.3.7-universal.jar%23240!/:?]
	at net.minecraft.world.item.crafting.Ingredient.m_288218_(Ingredient.java:194) ~[server-1.20.1-20230612.114412-srg.jar%23235!/:?]
	at net.minecraft.world.item.crafting.ShapedRecipe.m_44210_(ShapedRecipe.java:278) ~[server-1.20.1-20230612.114412-srg.jar%23235!/:?]
	at net.minecraft.world.item.crafting.ShapedRecipe$Serializer.m_6729_(ShapedRecipe.java:306) ~[server-1.20.1-20230612.114412-srg.jar%23235!/:?]
	at net.minecraft.world.item.crafting.ShapedRecipe$Serializer.m_6729_(ShapedRecipe.java:301) ~[server-1.20.1-20230612.114412-srg.jar%23235!/:?]
	at net.minecraftforge.common.extensions.IForgeRecipeSerializer.fromJson(IForgeRecipeSerializer.java:23) ~[forge-1.20.1-47.3.7-universal.jar%23240!/:?]
	at net.minecraft.world.item.crafting.RecipeManager.fromJson(RecipeManager.java:171) ~[server-1.20.1-20230612.114412-srg.jar%23235!/:?]
	at net.minecraft.world.item.crafting.RecipeManager.m_5787_(RecipeManager.java:67) ~[server-1.20.1-20230612.114412-srg.jar%23235!/:?]
	at net.minecraft.world.item.crafting.RecipeManager.m_5787_(RecipeManager.java:34) ~[server-1.20.1-20230612.114412-srg.jar%23235!/:?]
	at net.minecraft.server.packs.resources.SimplePreparableReloadListener.m_10789_(SimplePreparableReloadListener.java:13) ~[server-1.20.1-20230612.114412-srg.jar%23235!/:?]
	at java.util.concurrent.CompletableFuture$UniAccept.tryFire(CompletableFuture.java:718) ~[?:?]
	at java.util.concurrent.CompletableFuture$Completion.run(CompletableFuture.java:482) ~[?:?]
	at net.minecraft.server.packs.resources.SimpleReloadInstance.m_143940_(SimpleReloadInstance.java:69) ~[server-1.20.1-20230612.114412-srg.jar%23235!/:?]
	at net.minecraft.Util.m_214652_(Util.java:783) ~[server-1.20.1-20230612.114412-srg.jar%23235!/:?]
	at net.minecraft.Util.m_214679_(Util.java:772) ~[server-1.20.1-20230612.114412-srg.jar%23235!/:?]
	at net.minecraft.server.Main.main(Main.java:166) ~[server-1.20.1-20230612.114412-srg.jar%23235!/:?]
	at jdk.internal.reflect.NativeMethodAccessorImpl.invoke0(Native Method) ~[?:?]
	at jdk.internal.reflect.NativeMethodAccessorImpl.invoke(NativeMethodAccessorImpl.java:77) ~[?:?]
	at jdk.internal.reflect.DelegatingMethodAccessorImpl.invoke(DelegatingMethodAccessorImpl.java:43) ~[?:?]
	at java.lang.reflect.Method.invoke(Method.java:569) ~[?:?]
	at net.minecraftforge.fml.loading.targets.CommonLaunchHandler.runTarget(CommonLaunchHandler.java:111) ~[fmlloader-1.20.1-47.3.7.jar%2369!/:?]
	at net.minecraftforge.fml.loading.targets.CommonLaunchHandler.serverService(CommonLaunchHandler.java:103) ~[fmlloader-1.20.1-47.3.7.jar%2369!/:?]
	at net.minecraftforge.fml.loading.targets.CommonServerLaunchHandler.lambda$makeService$0(CommonServerLaunchHandler.java:27) ~[fmlloader-1.20.1-47.3.7.jar%2369!/:?]
	at cpw.mods.modlauncher.LaunchServiceHandlerDecorator.launch(LaunchServiceHandlerDecorator.java:30) ~[modlauncher-10.0.9.jar%2355!/:?]
	at cpw.mods.modlauncher.LaunchServiceHandler.launch(LaunchServiceHandler.java:53) ~[modlauncher-10.0.9.jar%2355!/:?]
	at cpw.mods.modlauncher.LaunchServiceHandler.launch(LaunchServiceHandler.java:71) ~[modlauncher-10.0.9.jar%2355!/:?]
	at cpw.mods.modlauncher.Launcher.run(Launcher.java:108) ~[modlauncher-10.0.9.jar%2355!/:?]
	at cpw.mods.modlauncher.Launcher.main(Launcher.java:78) ~[modlauncher-10.0.9.jar%2355!/:?]
	at cpw.mods.modlauncher.BootstrapLaunchConsumer.accept(BootstrapLaunchConsumer.java:26) ~[modlauncher-10.0.9.jar%2355!/:?]
	at cpw.mods.modlauncher.BootstrapLaunchConsumer.accept(BootstrapLaunchConsumer.java:23) ~[modlauncher-10.0.9.jar%2355!/:?]
	at cpw.mods.bootstraplauncher.BootstrapLauncher.main(BootstrapLauncher.java:141) ~[bootstraplauncher-1.1.2.jar:?]
[05Jan2026 06:00:19.250] [main/ERROR] [net.minecraft.world.item.crafting.RecipeManager/]: Parsing error loading recipe iter_rpg:smooth_ice_cut_slab
com.google.gson.JsonSyntaxException: Unknown item 'iter_rpg:smooth_ice'
	at net.minecraft.world.item.crafting.ShapedRecipe.m_151280_(ShapedRecipe.java:292) ~[server-1.20.1-20230612.114412-srg.jar%23235!/:?]
	at java.util.Optional.orElseThrow(Optional.java:403) ~[?:?]
	at net.minecraft.world.item.crafting.ShapedRecipe.m_151278_(ShapedRecipe.java:291) ~[server-1.20.1-20230612.114412-srg.jar%23235!/:?]
	at net.minecraft.world.item.crafting.Ingredient.m_43919_(Ingredient.java:219) ~[server-1.20.1-20230612.114412-srg.jar%23235!/:?]
	at net.minecraftforge.common.crafting.VanillaIngredientSerializer.parse(VanillaIngredientSerializer.java:27) ~[forge-1.20.1-47.3.7-universal.jar%23240!/:?]
	at net.minecraftforge.common.crafting.CraftingHelper.getIngredient(CraftingHelper.java:148) ~[forge-1.20.1-47.3.7-universal.jar%23240!/:?]
	at net.minecraft.world.item.crafting.Ingredient.m_288218_(Ingredient.java:194) ~[server-1.20.1-20230612.114412-srg.jar%23235!/:?]
	at net.minecraft.world.item.crafting.SingleItemRecipe$Serializer.m_6729_(SingleItemRecipe.java:91) ~[server-1.20.1-20230612.114412-srg.jar%23235!/:?]
	at net.minecraft.world.item.crafting.SingleItemRecipe$Serializer.m_6729_(SingleItemRecipe.java:72) ~[server-1.20.1-20230612.114412-srg.jar%23235!/:?]
	at net.minecraftforge.common.extensions.IForgeRecipeSerializer.fromJson(IForgeRecipeSerializer.java:23) ~[forge-1.20.1-47.3.7-universal.jar%23240!/:?]
	at net.minecraft.world.item.crafting.RecipeManager.fromJson(RecipeManager.java:171) ~[server-1.20.1-20230612.114412-srg.jar%23235!/:?]
	at net.minecraft.world.item.crafting.RecipeManager.m_5787_(RecipeManager.java:67) ~[server-1.20.1-20230612.114412-srg.jar%23235!/:?]
	at net.minecraft.world.item.crafting.RecipeManager.m_5787_(RecipeManager.java:34) ~[server-1.20.1-20230612.114412-srg.jar%23235!/:?]
	at net.minecraft.server.packs.resources.SimplePreparableReloadListener.m_10789_(SimplePreparableReloadListener.java:13) ~[server-1.20.1-20230612.114412-srg.jar%23235!/:?]
	at java.util.concurrent.CompletableFuture$UniAccept.tryFire(CompletableFuture.java:718) ~[?:?]
	at java.util.concurrent.CompletableFuture$Completion.run(CompletableFuture.java:482) ~[?:?]
	at net.minecraft.server.packs.resources.SimpleReloadInstance.m_143940_(SimpleReloadInstance.java:69) ~[server-1.20.1-20230612.114412-srg.jar%23235!/:?]
	at net.minecraft.Util.m_214652_(Util.java:783) ~[server-1.20.1-20230612.114412-srg.jar%23235!/:?]
	at net.minecraft.Util.m_214679_(Util.java:772) ~[server-1.20.1-20230612.114412-srg.jar%23235!/:?]
	at net.minecraft.server.Main.main(Main.java:166) ~[server-1.20.1-20230612.114412-srg.jar%23235!/:?]
	at jdk.internal.reflect.NativeMethodAccessorImpl.invoke0(Native Method) ~[?:?]
	at jdk.internal.reflect.NativeMethodAccessorImpl.invoke(NativeMethodAccessorImpl.java:77) ~[?:?]
	at jdk.internal.reflect.DelegatingMethodAccessorImpl.invoke(DelegatingMethodAccessorImpl.java:43) ~[?:?]
	at java.lang.reflect.Method.invoke(Method.java:569) ~[?:?]
	at net.minecraftforge.fml.loading.targets.CommonLaunchHandler.runTarget(CommonLaunchHandler.java:111) ~[fmlloader-1.20.1-47.3.7.jar%2369!/:?]
	at net.minecraftforge.fml.loading.targets.CommonLaunchHandler.serverService(CommonLaunchHandler.java:103) ~[fmlloader-1.20.1-47.3.7.jar%2369!/:?]
	at net.minecraftforge.fml.loading.targets.CommonServerLaunchHandler.lambda$makeService$0(CommonServerLaunchHandler.java:27) ~[fmlloader-1.20.1-47.3.7.jar%2369!/:?]
	at cpw.mods.modlauncher.LaunchServiceHandlerDecorator.launch(LaunchServiceHandlerDecorator.java:30) ~[modlauncher-10.0.9.jar%2355!/:?]
	at cpw.mods.modlauncher.LaunchServiceHandler.launch(LaunchServiceHandler.java:53) ~[modlauncher-10.0.9.jar%2355!/:?]
	at cpw.mods.modlauncher.LaunchServiceHandler.launch(LaunchServiceHandler.java:71) ~[modlauncher-10.0.9.jar%2355!/:?]
	at cpw.mods.modlauncher.Launcher.run(Launcher.java:108) ~[modlauncher-10.0.9.jar%2355!/:?]
	at cpw.mods.modlauncher.Launcher.main(Launcher.java:78) ~[modlauncher-10.0.9.jar%2355!/:?]
	at cpw.mods.modlauncher.BootstrapLaunchConsumer.accept(BootstrapLaunchConsumer.java:26) ~[modlauncher-10.0.9.jar%2355!/:?]
	at cpw.mods.modlauncher.BootstrapLaunchConsumer.accept(BootstrapLaunchConsumer.java:23) ~[modlauncher-10.0.9.jar%2355!/:?]
	at cpw.mods.bootstraplauncher.BootstrapLauncher.main(BootstrapLauncher.java:141) ~[bootstraplauncher-1.1.2.jar:?]
[05Jan2026 06:00:19.253] [main/ERROR] [net.minecraft.world.item.crafting.RecipeManager/]: Parsing error loading recipe forbidden_arcanus:aurum_fence
com.google.gson.JsonParseException: An ingredient entry needs either a tag or an item
	at net.minecraft.world.item.crafting.Ingredient.m_43919_(Ingredient.java:226) ~[server-1.20.1-20230612.114412-srg.jar%23235!/:?]
	at net.minecraftforge.common.crafting.VanillaIngredientSerializer.parse(VanillaIngredientSerializer.java:27) ~[forge-1.20.1-47.3.7-universal.jar%23240!/:?]
	at net.minecraftforge.common.crafting.CraftingHelper.getIngredient(CraftingHelper.java:148) ~[forge-1.20.1-47.3.7-universal.jar%23240!/:?]
	at net.minecraft.world.item.crafting.Ingredient.m_288218_(Ingredient.java:194) ~[server-1.20.1-20230612.114412-srg.jar%23235!/:?]
	at net.minecraft.world.item.crafting.ShapedRecipe.m_44210_(ShapedRecipe.java:278) ~[server-1.20.1-20230612.114412-srg.jar%23235!/:?]
	at net.minecraft.world.item.crafting.ShapedRecipe$Serializer.m_6729_(ShapedRecipe.java:306) ~[server-1.20.1-20230612.114412-srg.jar%23235!/:?]
	at net.minecraft.world.item.crafting.ShapedRecipe$Serializer.m_6729_(ShapedRecipe.java:301) ~[server-1.20.1-20230612.114412-srg.jar%23235!/:?]
	at net.minecraftforge.common.extensions.IForgeRecipeSerializer.fromJson(IForgeRecipeSerializer.java:23) ~[forge-1.20.1-47.3.7-universal.jar%23240!/:?]
	at net.minecraft.world.item.crafting.RecipeManager.fromJson(RecipeManager.java:171) ~[server-1.20.1-20230612.114412-srg.jar%23235!/:?]
	at net.minecraft.world.item.crafting.RecipeManager.m_5787_(RecipeManager.java:67) ~[server-1.20.1-20230612.114412-srg.jar%23235!/:?]
	at net.minecraft.world.item.crafting.RecipeManager.m_5787_(RecipeManager.java:34) ~[server-1.20.1-20230612.114412-srg.jar%23235!/:?]
	at net.minecraft.server.packs.resources.SimplePreparableReloadListener.m_10789_(SimplePreparableReloadListener.java:13) ~[server-1.20.1-20230612.114412-srg.jar%23235!/:?]
	at java.util.concurrent.CompletableFuture$UniAccept.tryFire(CompletableFuture.java:718) ~[?:?]
	at java.util.concurrent.CompletableFuture$Completion.run(CompletableFuture.java:482) ~[?:?]
	at net.minecraft.server.packs.resources.SimpleReloadInstance.m_143940_(SimpleReloadInstance.java:69) ~[server-1.20.1-20230612.114412-srg.jar%23235!/:?]
	at net.minecraft.Util.m_214652_(Util.java:783) ~[server-1.20.1-20230612.114412-srg.jar%23235!/:?]
	at net.minecraft.Util.m_214679_(Util.java:772) ~[server-1.20.1-20230612.114412-srg.jar%23235!/:?]
	at net.minecraft.server.Main.main(Main.java:166) ~[server-1.20.1-20230612.114412-srg.jar%23235!/:?]
	at jdk.internal.reflect.NativeMethodAccessorImpl.invoke0(Native Method) ~[?:?]
	at jdk.internal.reflect.NativeMethodAccessorImpl.invoke(NativeMethodAccessorImpl.java:77) ~[?:?]
	at jdk.internal.reflect.DelegatingMethodAccessorImpl.invoke(DelegatingMethodAccessorImpl.java:43) ~[?:?]
	at java.lang.reflect.Method.invoke(Method.java:569) ~[?:?]
	at net.minecraftforge.fml.loading.targets.CommonLaunchHandler.runTarget(CommonLaunchHandler.java:111) ~[fmlloader-1.20.1-47.3.7.jar%2369!/:?]
	at net.minecraftforge.fml.loading.targets.CommonLaunchHandler.serverService(CommonLaunchHandler.java:103) ~[fmlloader-1.20.1-47.3.7.jar%2369!/:?]
	at net.minecraftforge.fml.loading.targets.CommonServerLaunchHandler.lambda$makeService$0(CommonServerLaunchHandler.java:27) ~[fmlloader-1.20.1-47.3.7.jar%2369!/:?]
	at cpw.mods.modlauncher.LaunchServiceHandlerDecorator.launch(LaunchServiceHandlerDecorator.java:30) ~[modlauncher-10.0.9.jar%2355!/:?]
	at cpw.mods.modlauncher.LaunchServiceHandler.launch(LaunchServiceHandler.java:53) ~[modlauncher-10.0.9.jar%2355!/:?]
	at cpw.mods.modlauncher.LaunchServiceHandler.launch(LaunchServiceHandler.java:71) ~[modlauncher-10.0.9.jar%2355!/:?]
	at cpw.mods.modlauncher.Launcher.run(Launcher.java:108) ~[modlauncher-10.0.9.jar%2355!/:?]
	at cpw.mods.modlauncher.Launcher.main(Launcher.java:78) ~[modlauncher-10.0.9.jar%2355!/:?]
	at cpw.mods.modlauncher.BootstrapLaunchConsumer.accept(BootstrapLaunchConsumer.java:26) ~[modlauncher-10.0.9.jar%2355!/:?]
	at cpw.mods.modlauncher.BootstrapLaunchConsumer.accept(BootstrapLaunchConsumer.java:23) ~[modlauncher-10.0.9.jar%2355!/:?]
	at cpw.mods.bootstraplauncher.BootstrapLauncher.main(BootstrapLauncher.java:141) ~[bootstraplauncher-1.1.2.jar:?]
[05Jan2026 06:00:19.254] [main/ERROR] [net.minecraft.world.item.crafting.RecipeManager/]: Parsing error loading recipe iter_rpg:packed_snow_bricks_cut_slab
com.google.gson.JsonSyntaxException: Unknown item 'iter_rpg:packed_snow_bricks'
	at net.minecraft.world.item.crafting.ShapedRecipe.m_151280_(ShapedRecipe.java:292) ~[server-1.20.1-20230612.114412-srg.jar%23235!/:?]
	at java.util.Optional.orElseThrow(Optional.java:403) ~[?:?]
	at net.minecraft.world.item.crafting.ShapedRecipe.m_151278_(ShapedRecipe.java:291) ~[server-1.20.1-20230612.114412-srg.jar%23235!/:?]
	at net.minecraft.world.item.crafting.Ingredient.m_43919_(Ingredient.java:219) ~[server-1.20.1-20230612.114412-srg.jar%23235!/:?]
	at net.minecraftforge.common.crafting.VanillaIngredientSerializer.parse(VanillaIngredientSerializer.java:27) ~[forge-1.20.1-47.3.7-universal.jar%23240!/:?]
	at net.minecraftforge.common.crafting.CraftingHelper.getIngredient(CraftingHelper.java:148) ~[forge-1.20.1-47.3.7-universal.jar%23240!/:?]
	at net.minecraft.world.item.crafting.Ingredient.m_288218_(Ingredient.java:194) ~[server-1.20.1-20230612.114412-srg.jar%23235!/:?]
	at net.minecraft.world.item.crafting.SingleItemRecipe$Serializer.m_6729_(SingleItemRecipe.java:91) ~[server-1.20.1-20230612.114412-srg.jar%23235!/:?]
	at net.minecraft.world.item.crafting.SingleItemRecipe$Serializer.m_6729_(SingleItemRecipe.java:72) ~[server-1.20.1-20230612.114412-srg.jar%23235!/:?]
	at net.minecraftforge.common.extensions.IForgeRecipeSerializer.fromJson(IForgeRecipeSerializer.java:23) ~[forge-1.20.1-47.3.7-universal.jar%23240!/:?]
	at net.minecraft.world.item.crafting.RecipeManager.fromJson(RecipeManager.java:171) ~[server-1.20.1-20230612.114412-srg.jar%23235!/:?]
	at net.minecraft.world.item.crafting.RecipeManager.m_5787_(RecipeManager.java:67) ~[server-1.20.1-20230612.114412-srg.jar%23235!/:?]
	at net.minecraft.world.item.crafting.RecipeManager.m_5787_(RecipeManager.java:34) ~[server-1.20.1-20230612.114412-srg.jar%23235!/:?]
	at net.minecraft.server.packs.resources.SimplePreparableReloadListener.m_10789_(SimplePreparableReloadListener.java:13) ~[server-1.20.1-20230612.114412-srg.jar%23235!/:?]
	at java.util.concurrent.CompletableFuture$UniAccept.tryFire(CompletableFuture.java:718) ~[?:?]
	at java.util.concurrent.CompletableFuture$Completion.run(CompletableFuture.java:482) ~[?:?]
	at net.minecraft.server.packs.resources.SimpleReloadInstance.m_143940_(SimpleReloadInstance.java:69) ~[server-1.20.1-20230612.114412-srg.jar%23235!/:?]
	at net.minecraft.Util.m_214652_(Util.java:783) ~[server-1.20.1-20230612.114412-srg.jar%23235!/:?]
	at net.minecraft.Util.m_214679_(Util.java:772) ~[server-1.20.1-20230612.114412-srg.jar%23235!/:?]
	at net.minecraft.server.Main.main(Main.java:166) ~[server-1.20.1-20230612.114412-srg.jar%23235!/:?]
	at jdk.internal.reflect.NativeMethodAccessorImpl.invoke0(Native Method) ~[?:?]
	at jdk.internal.reflect.NativeMethodAccessorImpl.invoke(NativeMethodAccessorImpl.java:77) ~[?:?]
	at jdk.internal.reflect.DelegatingMethodAccessorImpl.invoke(DelegatingMethodAccessorImpl.java:43) ~[?:?]
	at java.lang.reflect.Method.invoke(Method.java:569) ~[?:?]
	at net.minecraftforge.fml.loading.targets.CommonLaunchHandler.runTarget(CommonLaunchHandler.java:111) ~[fmlloader-1.20.1-47.3.7.jar%2369!/:?]
	at net.minecraftforge.fml.loading.targets.CommonLaunchHandler.serverService(CommonLaunchHandler.java:103) ~[fmlloader-1.20.1-47.3.7.jar%2369!/:?]
	at net.minecraftforge.fml.loading.targets.CommonServerLaunchHandler.lambda$makeService$0(CommonServerLaunchHandler.java:27) ~[fmlloader-1.20.1-47.3.7.jar%2369!/:?]
	at cpw.mods.modlauncher.LaunchServiceHandlerDecorator.launch(LaunchServiceHandlerDecorator.java:30) ~[modlauncher-10.0.9.jar%2355!/:?]
	at cpw.mods.modlauncher.LaunchServiceHandler.launch(LaunchServiceHandler.java:53) ~[modlauncher-10.0.9.jar%2355!/:?]
	at cpw.mods.modlauncher.LaunchServiceHandler.launch(LaunchServiceHandler.java:71) ~[modlauncher-10.0.9.jar%2355!/:?]
	at cpw.mods.modlauncher.Launcher.run(Launcher.java:108) ~[modlauncher-10.0.9.jar%2355!/:?]
	at cpw.mods.modlauncher.Launcher.main(Launcher.java:78) ~[modlauncher-10.0.9.jar%2355!/:?]
	at cpw.mods.modlauncher.BootstrapLaunchConsumer.accept(BootstrapLaunchConsumer.java:26) ~[modlauncher-10.0.9.jar%2355!/:?]
	at cpw.mods.modlauncher.BootstrapLaunchConsumer.accept(BootstrapLaunchConsumer.java:23) ~[modlauncher-10.0.9.jar%2355!/:?]
	at cpw.mods.bootstraplauncher.BootstrapLauncher.main(BootstrapLauncher.java:141) ~[bootstraplauncher-1.1.2.jar:?]
[05Jan2026 06:00:19.258] [main/ERROR] [net.minecraft.world.item.crafting.RecipeManager/]: Parsing error loading recipe forbidden_arcanus:edelwood_fence
com.google.gson.JsonParseException: An ingredient entry needs either a tag or an item
	at net.minecraft.world.item.crafting.Ingredient.m_43919_(Ingredient.java:226) ~[server-1.20.1-20230612.114412-srg.jar%23235!/:?]
	at net.minecraftforge.common.crafting.VanillaIngredientSerializer.parse(VanillaIngredientSerializer.java:27) ~[forge-1.20.1-47.3.7-universal.jar%23240!/:?]
	at net.minecraftforge.common.crafting.CraftingHelper.getIngredient(CraftingHelper.java:148) ~[forge-1.20.1-47.3.7-universal.jar%23240!/:?]
	at net.minecraft.world.item.crafting.Ingredient.m_288218_(Ingredient.java:194) ~[server-1.20.1-20230612.114412-srg.jar%23235!/:?]
	at net.minecraft.world.item.crafting.ShapedRecipe.m_44210_(ShapedRecipe.java:278) ~[server-1.20.1-20230612.114412-srg.jar%23235!/:?]
	at net.minecraft.world.item.crafting.ShapedRecipe$Serializer.m_6729_(ShapedRecipe.java:306) ~[server-1.20.1-20230612.114412-srg.jar%23235!/:?]
	at net.minecraft.world.item.crafting.ShapedRecipe$Serializer.m_6729_(ShapedRecipe.java:301) ~[server-1.20.1-20230612.114412-srg.jar%23235!/:?]
	at net.minecraftforge.common.extensions.IForgeRecipeSerializer.fromJson(IForgeRecipeSerializer.java:23) ~[forge-1.20.1-47.3.7-universal.jar%23240!/:?]
	at net.minecraft.world.item.crafting.RecipeManager.fromJson(RecipeManager.java:171) ~[server-1.20.1-20230612.114412-srg.jar%23235!/:?]
	at net.minecraft.world.item.crafting.RecipeManager.m_5787_(RecipeManager.java:67) ~[server-1.20.1-20230612.114412-srg.jar%23235!/:?]
	at net.minecraft.world.item.crafting.RecipeManager.m_5787_(RecipeManager.java:34) ~[server-1.20.1-20230612.114412-srg.jar%23235!/:?]
	at net.minecraft.server.packs.resources.SimplePreparableReloadListener.m_10789_(SimplePreparableReloadListener.java:13) ~[server-1.20.1-20230612.114412-srg.jar%23235!/:?]
	at java.util.concurrent.CompletableFuture$UniAccept.tryFire(CompletableFuture.java:718) ~[?:?]
	at java.util.concurrent.CompletableFuture$Completion.run(CompletableFuture.java:482) ~[?:?]
	at net.minecraft.server.packs.resources.SimpleReloadInstance.m_143940_(SimpleReloadInstance.java:69) ~[server-1.20.1-20230612.114412-srg.jar%23235!/:?]
	at net.minecraft.Util.m_214652_(Util.java:783) ~[server-1.20.1-20230612.114412-srg.jar%23235!/:?]
	at net.minecraft.Util.m_214679_(Util.java:772) ~[server-1.20.1-20230612.114412-srg.jar%23235!/:?]
	at net.minecraft.server.Main.main(Main.java:166) ~[server-1.20.1-20230612.114412-srg.jar%23235!/:?]
	at jdk.internal.reflect.NativeMethodAccessorImpl.invoke0(Native Method) ~[?:?]
	at jdk.internal.reflect.NativeMethodAccessorImpl.invoke(NativeMethodAccessorImpl.java:77) ~[?:?]
	at jdk.internal.reflect.DelegatingMethodAccessorImpl.invoke(DelegatingMethodAccessorImpl.java:43) ~[?:?]
	at java.lang.reflect.Method.invoke(Method.java:569) ~[?:?]
	at net.minecraftforge.fml.loading.targets.CommonLaunchHandler.runTarget(CommonLaunchHandler.java:111) ~[fmlloader-1.20.1-47.3.7.jar%2369!/:?]
	at net.minecraftforge.fml.loading.targets.CommonLaunchHandler.serverService(CommonLaunchHandler.java:103) ~[fmlloader-1.20.1-47.3.7.jar%2369!/:?]
	at net.minecraftforge.fml.loading.targets.CommonServerLaunchHandler.lambda$makeService$0(CommonServerLaunchHandler.java:27) ~[fmlloader-1.20.1-47.3.7.jar%2369!/:?]
	at cpw.mods.modlauncher.LaunchServiceHandlerDecorator.launch(LaunchServiceHandlerDecorator.java:30) ~[modlauncher-10.0.9.jar%2355!/:?]
	at cpw.mods.modlauncher.LaunchServiceHandler.launch(LaunchServiceHandler.java:53) ~[modlauncher-10.0.9.jar%2355!/:?]
	at cpw.mods.modlauncher.LaunchServiceHandler.launch(LaunchServiceHandler.java:71) ~[modlauncher-10.0.9.jar%2355!/:?]
	at cpw.mods.modlauncher.Launcher.run(Launcher.java:108) ~[modlauncher-10.0.9.jar%2355!/:?]
	at cpw.mods.modlauncher.Launcher.main(Launcher.java:78) ~[modlauncher-10.0.9.jar%2355!/:?]
	at cpw.mods.modlauncher.BootstrapLaunchConsumer.accept(BootstrapLaunchConsumer.java:26) ~[modlauncher-10.0.9.jar%2355!/:?]
	at cpw.mods.modlauncher.BootstrapLaunchConsumer.accept(BootstrapLaunchConsumer.java:23) ~[modlauncher-10.0.9.jar%2355!/:?]
	at cpw.mods.bootstraplauncher.BootstrapLauncher.main(BootstrapLauncher.java:141) ~[bootstraplauncher-1.1.2.jar:?]
[05Jan2026 06:00:19.260] [main/ERROR] [net.minecraft.world.item.crafting.RecipeManager/]: Parsing error loading recipe iter_rpg:packed_snow_bricks_cut_ornate
com.google.gson.JsonSyntaxException: Unknown item 'iter_rpg:packed_snow_bricks'
	at net.minecraft.world.item.crafting.ShapedRecipe.m_151280_(ShapedRecipe.java:292) ~[server-1.20.1-20230612.114412-srg.jar%23235!/:?]
	at java.util.Optional.orElseThrow(Optional.java:403) ~[?:?]
	at net.minecraft.world.item.crafting.ShapedRecipe.m_151278_(ShapedRecipe.java:291) ~[server-1.20.1-20230612.114412-srg.jar%23235!/:?]
	at net.minecraft.world.item.crafting.Ingredient.m_43919_(Ingredient.java:219) ~[server-1.20.1-20230612.114412-srg.jar%23235!/:?]
	at net.minecraftforge.common.crafting.VanillaIngredientSerializer.parse(VanillaIngredientSerializer.java:27) ~[forge-1.20.1-47.3.7-universal.jar%23240!/:?]
	at net.minecraftforge.common.crafting.CraftingHelper.getIngredient(CraftingHelper.java:148) ~[forge-1.20.1-47.3.7-universal.jar%23240!/:?]
	at net.minecraft.world.item.crafting.Ingredient.m_288218_(Ingredient.java:194) ~[server-1.20.1-20230612.114412-srg.jar%23235!/:?]
	at net.minecraft.world.item.crafting.SingleItemRecipe$Serializer.m_6729_(SingleItemRecipe.java:91) ~[server-1.20.1-20230612.114412-srg.jar%23235!/:?]
	at net.minecraft.world.item.crafting.SingleItemRecipe$Serializer.m_6729_(SingleItemRecipe.java:72) ~[server-1.20.1-20230612.114412-srg.jar%23235!/:?]
	at net.minecraftforge.common.extensions.IForgeRecipeSerializer.fromJson(IForgeRecipeSerializer.java:23) ~[forge-1.20.1-47.3.7-universal.jar%23240!/:?]
	at net.minecraft.world.item.crafting.RecipeManager.fromJson(RecipeManager.java:171) ~[server-1.20.1-20230612.114412-srg.jar%23235!/:?]
	at net.minecraft.world.item.crafting.RecipeManager.m_5787_(RecipeManager.java:67) ~[server-1.20.1-20230612.114412-srg.jar%23235!/:?]
	at net.minecraft.world.item.crafting.RecipeManager.m_5787_(RecipeManager.java:34) ~[server-1.20.1-20230612.114412-srg.jar%23235!/:?]
	at net.minecraft.server.packs.resources.SimplePreparableReloadListener.m_10789_(SimplePreparableReloadListener.java:13) ~[server-1.20.1-20230612.114412-srg.jar%23235!/:?]
	at java.util.concurrent.CompletableFuture$UniAccept.tryFire(CompletableFuture.java:718) ~[?:?]
	at java.util.concurrent.CompletableFuture$Completion.run(CompletableFuture.java:482) ~[?:?]
	at net.minecraft.server.packs.resources.SimpleReloadInstance.m_143940_(SimpleReloadInstance.java:69) ~[server-1.20.1-20230612.114412-srg.jar%23235!/:?]
	at net.minecraft.Util.m_214652_(Util.java:783) ~[server-1.20.1-20230612.114412-srg.jar%23235!/:?]
	at net.minecraft.Util.m_214679_(Util.java:772) ~[server-1.20.1-20230612.114412-srg.jar%23235!/:?]
	at net.minecraft.server.Main.main(Main.java:166) ~[server-1.20.1-20230612.114412-srg.jar%23235!/:?]
	at jdk.internal.reflect.NativeMethodAccessorImpl.invoke0(Native Method) ~[?:?]
	at jdk.internal.reflect.NativeMethodAccessorImpl.invoke(NativeMethodAccessorImpl.java:77) ~[?:?]
	at jdk.internal.reflect.DelegatingMethodAccessorImpl.invoke(DelegatingMethodAccessorImpl.java:43) ~[?:?]
	at java.lang.reflect.Method.invoke(Method.java:569) ~[?:?]
	at net.minecraftforge.fml.loading.targets.CommonLaunchHandler.runTarget(CommonLaunchHandler.java:111) ~[fmlloader-1.20.1-47.3.7.jar%2369!/:?]
	at net.minecraftforge.fml.loading.targets.CommonLaunchHandler.serverService(CommonLaunchHandler.java:103) ~[fmlloader-1.20.1-47.3.7.jar%2369!/:?]
	at net.minecraftforge.fml.loading.targets.CommonServerLaunchHandler.lambda$makeService$0(CommonServerLaunchHandler.java:27) ~[fmlloader-1.20.1-47.3.7.jar%2369!/:?]
	at cpw.mods.modlauncher.LaunchServiceHandlerDecorator.launch(LaunchServiceHandlerDecorator.java:30) ~[modlauncher-10.0.9.jar%2355!/:?]
	at cpw.mods.modlauncher.LaunchServiceHandler.launch(LaunchServiceHandler.java:53) ~[modlauncher-10.0.9.jar%2355!/:?]
	at cpw.mods.modlauncher.LaunchServiceHandler.launch(LaunchServiceHandler.java:71) ~[modlauncher-10.0.9.jar%2355!/:?]
	at cpw.mods.modlauncher.Launcher.run(Launcher.java:108) ~[modlauncher-10.0.9.jar%2355!/:?]
	at cpw.mods.modlauncher.Launcher.main(Launcher.java:78) ~[modlauncher-10.0.9.jar%2355!/:?]
	at cpw.mods.modlauncher.BootstrapLaunchConsumer.accept(BootstrapLaunchConsumer.java:26) ~[modlauncher-10.0.9.jar%2355!/:?]
	at cpw.mods.modlauncher.BootstrapLaunchConsumer.accept(BootstrapLaunchConsumer.java:23) ~[modlauncher-10.0.9.jar%2355!/:?]
	at cpw.mods.bootstraplauncher.BootstrapLauncher.main(BootstrapLauncher.java:141) ~[bootstraplauncher-1.1.2.jar:?]
[05Jan2026 06:00:19.264] [main/ERROR] [net.minecraft.world.item.crafting.RecipeManager/]: Parsing error loading recipe forbidden_arcanus:aurum_chest_boat
com.google.gson.JsonParseException: An ingredient entry needs either a tag or an item
	at net.minecraft.world.item.crafting.Ingredient.m_43919_(Ingredient.java:226) ~[server-1.20.1-20230612.114412-srg.jar%23235!/:?]
	at net.minecraftforge.common.crafting.VanillaIngredientSerializer.parse(VanillaIngredientSerializer.java:27) ~[forge-1.20.1-47.3.7-universal.jar%23240!/:?]
	at net.minecraftforge.common.crafting.CraftingHelper.getIngredient(CraftingHelper.java:148) ~[forge-1.20.1-47.3.7-universal.jar%23240!/:?]
	at net.minecraft.world.item.crafting.Ingredient.m_288218_(Ingredient.java:194) ~[server-1.20.1-20230612.114412-srg.jar%23235!/:?]
	at net.minecraft.world.item.crafting.ShapelessRecipe$Serializer.m_44275_(ShapelessRecipe.java:104) ~[server-1.20.1-20230612.114412-srg.jar%23235!/:?]
	at net.minecraft.world.item.crafting.ShapelessRecipe$Serializer.m_6729_(ShapelessRecipe.java:89) ~[server-1.20.1-20230612.114412-srg.jar%23235!/:?]
	at net.minecraft.world.item.crafting.ShapelessRecipe$Serializer.m_6729_(ShapelessRecipe.java:84) ~[server-1.20.1-20230612.114412-srg.jar%23235!/:?]
	at net.minecraftforge.common.extensions.IForgeRecipeSerializer.fromJson(IForgeRecipeSerializer.java:23) ~[forge-1.20.1-47.3.7-universal.jar%23240!/:?]
	at net.minecraft.world.item.crafting.RecipeManager.fromJson(RecipeManager.java:171) ~[server-1.20.1-20230612.114412-srg.jar%23235!/:?]
	at net.minecraft.world.item.crafting.RecipeManager.m_5787_(RecipeManager.java:67) ~[server-1.20.1-20230612.114412-srg.jar%23235!/:?]
	at net.minecraft.world.item.crafting.RecipeManager.m_5787_(RecipeManager.java:34) ~[server-1.20.1-20230612.114412-srg.jar%23235!/:?]
	at net.minecraft.server.packs.resources.SimplePreparableReloadListener.m_10789_(SimplePreparableReloadListener.java:13) ~[server-1.20.1-20230612.114412-srg.jar%23235!/:?]
	at java.util.concurrent.CompletableFuture$UniAccept.tryFire(CompletableFuture.java:718) ~[?:?]
	at java.util.concurrent.CompletableFuture$Completion.run(CompletableFuture.java:482) ~[?:?]
	at net.minecraft.server.packs.resources.SimpleReloadInstance.m_143940_(SimpleReloadInstance.java:69) ~[server-1.20.1-20230612.114412-srg.jar%23235!/:?]
	at net.minecraft.Util.m_214652_(Util.java:783) ~[server-1.20.1-20230612.114412-srg.jar%23235!/:?]
	at net.minecraft.Util.m_214679_(Util.java:772) ~[server-1.20.1-20230612.114412-srg.jar%23235!/:?]
	at net.minecraft.server.Main.main(Main.java:166) ~[server-1.20.1-20230612.114412-srg.jar%23235!/:?]
	at jdk.internal.reflect.NativeMethodAccessorImpl.invoke0(Native Method) ~[?:?]
	at jdk.internal.reflect.NativeMethodAccessorImpl.invoke(NativeMethodAccessorImpl.java:77) ~[?:?]
	at jdk.internal.reflect.DelegatingMethodAccessorImpl.invoke(DelegatingMethodAccessorImpl.java:43) ~[?:?]
	at java.lang.reflect.Method.invoke(Method.java:569) ~[?:?]
	at net.minecraftforge.fml.loading.targets.CommonLaunchHandler.runTarget(CommonLaunchHandler.java:111) ~[fmlloader-1.20.1-47.3.7.jar%2369!/:?]
	at net.minecraftforge.fml.loading.targets.CommonLaunchHandler.serverService(CommonLaunchHandler.java:103) ~[fmlloader-1.20.1-47.3.7.jar%2369!/:?]
	at net.minecraftforge.fml.loading.targets.CommonServerLaunchHandler.lambda$makeService$0(CommonServerLaunchHandler.java:27) ~[fmlloader-1.20.1-47.3.7.jar%2369!/:?]
	at cpw.mods.modlauncher.LaunchServiceHandlerDecorator.launch(LaunchServiceHandlerDecorator.java:30) ~[modlauncher-10.0.9.jar%2355!/:?]
	at cpw.mods.modlauncher.LaunchServiceHandler.launch(LaunchServiceHandler.java:53) ~[modlauncher-10.0.9.jar%2355!/:?]
	at cpw.mods.modlauncher.LaunchServiceHandler.launch(LaunchServiceHandler.java:71) ~[modlauncher-10.0.9.jar%2355!/:?]
	at cpw.mods.modlauncher.Launcher.run(Launcher.java:108) ~[modlauncher-10.0.9.jar%2355!/:?]
	at cpw.mods.modlauncher.Launcher.main(Launcher.java:78) ~[modlauncher-10.0.9.jar%2355!/:?]
	at cpw.mods.modlauncher.BootstrapLaunchConsumer.accept(BootstrapLaunchConsumer.java:26) ~[modlauncher-10.0.9.jar%2355!/:?]
	at cpw.mods.modlauncher.BootstrapLaunchConsumer.accept(BootstrapLaunchConsumer.java:23) ~[modlauncher-10.0.9.jar%2355!/:?]
	at cpw.mods.bootstraplauncher.BootstrapLauncher.main(BootstrapLauncher.java:141) ~[bootstraplauncher-1.1.2.jar:?]
[05Jan2026 06:00:19.266] [main/ERROR] [net.minecraft.world.item.crafting.RecipeManager/]: Parsing error loading recipe forbidden_arcanus:corrupted_pixie
com.google.gson.JsonSyntaxException: Unknown item 'forbidden_arcanus:dark_soul'
	at net.minecraft.world.item.crafting.ShapedRecipe.m_151280_(ShapedRecipe.java:292) ~[server-1.20.1-20230612.114412-srg.jar%23235!/:?]
	at java.util.Optional.orElseThrow(Optional.java:403) ~[?:?]
	at net.minecraft.world.item.crafting.ShapedRecipe.m_151278_(ShapedRecipe.java:291) ~[server-1.20.1-20230612.114412-srg.jar%23235!/:?]
	at net.minecraft.world.item.crafting.Ingredient.m_43919_(Ingredient.java:219) ~[server-1.20.1-20230612.114412-srg.jar%23235!/:?]
	at net.minecraftforge.common.crafting.VanillaIngredientSerializer.parse(VanillaIngredientSerializer.java:27) ~[forge-1.20.1-47.3.7-universal.jar%23240!/:?]
	at net.minecraftforge.common.crafting.CraftingHelper.getIngredient(CraftingHelper.java:148) ~[forge-1.20.1-47.3.7-universal.jar%23240!/:?]
	at net.minecraft.world.item.crafting.Ingredient.m_288218_(Ingredient.java:194) ~[server-1.20.1-20230612.114412-srg.jar%23235!/:?]
	at net.minecraft.world.item.crafting.ShapedRecipe.m_44210_(ShapedRecipe.java:278) ~[server-1.20.1-20230612.114412-srg.jar%23235!/:?]
	at net.minecraft.world.item.crafting.ShapedRecipe$Serializer.m_6729_(ShapedRecipe.java:306) ~[server-1.20.1-20230612.114412-srg.jar%23235!/:?]
	at net.minecraft.world.item.crafting.ShapedRecipe$Serializer.m_6729_(ShapedRecipe.java:301) ~[server-1.20.1-20230612.114412-srg.jar%23235!/:?]
	at net.minecraftforge.common.extensions.IForgeRecipeSerializer.fromJson(IForgeRecipeSerializer.java:23) ~[forge-1.20.1-47.3.7-universal.jar%23240!/:?]
	at net.minecraft.world.item.crafting.RecipeManager.fromJson(RecipeManager.java:171) ~[server-1.20.1-20230612.114412-srg.jar%23235!/:?]
	at net.minecraft.world.item.crafting.RecipeManager.m_5787_(RecipeManager.java:67) ~[server-1.20.1-20230612.114412-srg.jar%23235!/:?]
	at net.minecraft.world.item.crafting.RecipeManager.m_5787_(RecipeManager.java:34) ~[server-1.20.1-20230612.114412-srg.jar%23235!/:?]
	at net.minecraft.server.packs.resources.SimplePreparableReloadListener.m_10789_(SimplePreparableReloadListener.java:13) ~[server-1.20.1-20230612.114412-srg.jar%23235!/:?]
	at java.util.concurrent.CompletableFuture$UniAccept.tryFire(CompletableFuture.java:718) ~[?:?]
	at java.util.concurrent.CompletableFuture$Completion.run(CompletableFuture.java:482) ~[?:?]
	at net.minecraft.server.packs.resources.SimpleReloadInstance.m_143940_(SimpleReloadInstance.java:69) ~[server-1.20.1-20230612.114412-srg.jar%23235!/:?]
	at net.minecraft.Util.m_214652_(Util.java:783) ~[server-1.20.1-20230612.114412-srg.jar%23235!/:?]
	at net.minecraft.Util.m_214679_(Util.java:772) ~[server-1.20.1-20230612.114412-srg.jar%23235!/:?]
	at net.minecraft.server.Main.main(Main.java:166) ~[server-1.20.1-20230612.114412-srg.jar%23235!/:?]
	at jdk.internal.reflect.NativeMethodAccessorImpl.invoke0(Native Method) ~[?:?]
	at jdk.internal.reflect.NativeMethodAccessorImpl.invoke(NativeMethodAccessorImpl.java:77) ~[?:?]
	at jdk.internal.reflect.DelegatingMethodAccessorImpl.invoke(DelegatingMethodAccessorImpl.java:43) ~[?:?]
	at java.lang.reflect.Method.invoke(Method.java:569) ~[?:?]
	at net.minecraftforge.fml.loading.targets.CommonLaunchHandler.runTarget(CommonLaunchHandler.java:111) ~[fmlloader-1.20.1-47.3.7.jar%2369!/:?]
	at net.minecraftforge.fml.loading.targets.CommonLaunchHandler.serverService(CommonLaunchHandler.java:103) ~[fmlloader-1.20.1-47.3.7.jar%2369!/:?]
	at net.minecraftforge.fml.loading.targets.CommonServerLaunchHandler.lambda$makeService$0(CommonServerLaunchHandler.java:27) ~[fmlloader-1.20.1-47.3.7.jar%2369!/:?]
	at cpw.mods.modlauncher.LaunchServiceHandlerDecorator.launch(LaunchServiceHandlerDecorator.java:30) ~[modlauncher-10.0.9.jar%2355!/:?]
	at cpw.mods.modlauncher.LaunchServiceHandler.launch(LaunchServiceHandler.java:53) ~[modlauncher-10.0.9.jar%2355!/:?]
	at cpw.mods.modlauncher.LaunchServiceHandler.launch(LaunchServiceHandler.java:71) ~[modlauncher-10.0.9.jar%2355!/:?]
	at cpw.mods.modlauncher.Launcher.run(Launcher.java:108) ~[modlauncher-10.0.9.jar%2355!/:?]
	at cpw.mods.modlauncher.Launcher.main(Launcher.java:78) ~[modlauncher-10.0.9.jar%2355!/:?]
	at cpw.mods.modlauncher.BootstrapLaunchConsumer.accept(BootstrapLaunchConsumer.java:26) ~[modlauncher-10.0.9.jar%2355!/:?]
	at cpw.mods.modlauncher.BootstrapLaunchConsumer.accept(BootstrapLaunchConsumer.java:23) ~[modlauncher-10.0.9.jar%2355!/:?]
	at cpw.mods.bootstraplauncher.BootstrapLauncher.main(BootstrapLauncher.java:141) ~[bootstraplauncher-1.1.2.jar:?]
[05Jan2026 06:00:19.275] [main/ERROR] [net.minecraft.world.item.crafting.RecipeManager/]: Parsing error loading recipe iter_rpg:packed_snow_cut_bricks
com.google.gson.JsonSyntaxException: Unknown item 'iter_rpg:packed_snow'
	at net.minecraft.world.item.crafting.ShapedRecipe.m_151280_(ShapedRecipe.java:292) ~[server-1.20.1-20230612.114412-srg.jar%23235!/:?]
	at java.util.Optional.orElseThrow(Optional.java:403) ~[?:?]
	at net.minecraft.world.item.crafting.ShapedRecipe.m_151278_(ShapedRecipe.java:291) ~[server-1.20.1-20230612.114412-srg.jar%23235!/:?]
	at net.minecraft.world.item.crafting.Ingredient.m_43919_(Ingredient.java:219) ~[server-1.20.1-20230612.114412-srg.jar%23235!/:?]
	at net.minecraftforge.common.crafting.VanillaIngredientSerializer.parse(VanillaIngredientSerializer.java:27) ~[forge-1.20.1-47.3.7-universal.jar%23240!/:?]
	at net.minecraftforge.common.crafting.CraftingHelper.getIngredient(CraftingHelper.java:148) ~[forge-1.20.1-47.3.7-universal.jar%23240!/:?]
	at net.minecraft.world.item.crafting.Ingredient.m_288218_(Ingredient.java:194) ~[server-1.20.1-20230612.114412-srg.jar%23235!/:?]
	at net.minecraft.world.item.crafting.SingleItemRecipe$Serializer.m_6729_(SingleItemRecipe.java:91) ~[server-1.20.1-20230612.114412-srg.jar%23235!/:?]
	at net.minecraft.world.item.crafting.SingleItemRecipe$Serializer.m_6729_(SingleItemRecipe.java:72) ~[server-1.20.1-20230612.114412-srg.jar%23235!/:?]
	at net.minecraftforge.common.extensions.IForgeRecipeSerializer.fromJson(IForgeRecipeSerializer.java:23) ~[forge-1.20.1-47.3.7-universal.jar%23240!/:?]
	at net.minecraft.world.item.crafting.RecipeManager.fromJson(RecipeManager.java:171) ~[server-1.20.1-20230612.114412-srg.jar%23235!/:?]
	at net.minecraft.world.item.crafting.RecipeManager.m_5787_(RecipeManager.java:67) ~[server-1.20.1-20230612.114412-srg.jar%23235!/:?]
	at net.minecraft.world.item.crafting.RecipeManager.m_5787_(RecipeManager.java:34) ~[server-1.20.1-20230612.114412-srg.jar%23235!/:?]
	at net.minecraft.server.packs.resources.SimplePreparableReloadListener.m_10789_(SimplePreparableReloadListener.java:13) ~[server-1.20.1-20230612.114412-srg.jar%23235!/:?]
	at java.util.concurrent.CompletableFuture$UniAccept.tryFire(CompletableFuture.java:718) ~[?:?]
	at java.util.concurrent.CompletableFuture$Completion.run(CompletableFuture.java:482) ~[?:?]
	at net.minecraft.server.packs.resources.SimpleReloadInstance.m_143940_(SimpleReloadInstance.java:69) ~[server-1.20.1-20230612.114412-srg.jar%23235!/:?]
	at net.minecraft.Util.m_214652_(Util.java:783) ~[server-1.20.1-20230612.114412-srg.jar%23235!/:?]
	at net.minecraft.Util.m_214679_(Util.java:772) ~[server-1.20.1-20230612.114412-srg.jar%23235!/:?]
	at net.minecraft.server.Main.main(Main.java:166) ~[server-1.20.1-20230612.114412-srg.jar%23235!/:?]
	at jdk.internal.reflect.NativeMethodAccessorImpl.invoke0(Native Method) ~[?:?]
	at jdk.internal.reflect.NativeMethodAccessorImpl.invoke(NativeMethodAccessorImpl.java:77) ~[?:?]
	at jdk.internal.reflect.DelegatingMethodAccessorImpl.invoke(DelegatingMethodAccessorImpl.java:43) ~[?:?]
	at java.lang.reflect.Method.invoke(Method.java:569) ~[?:?]
	at net.minecraftforge.fml.loading.targets.CommonLaunchHandler.runTarget(CommonLaunchHandler.java:111) ~[fmlloader-1.20.1-47.3.7.jar%2369!/:?]
	at net.minecraftforge.fml.loading.targets.CommonLaunchHandler.serverService(CommonLaunchHandler.java:103) ~[fmlloader-1.20.1-47.3.7.jar%2369!/:?]
	at net.minecraftforge.fml.loading.targets.CommonServerLaunchHandler.lambda$makeService$0(CommonServerLaunchHandler.java:27) ~[fmlloader-1.20.1-47.3.7.jar%2369!/:?]
	at cpw.mods.modlauncher.LaunchServiceHandlerDecorator.launch(LaunchServiceHandlerDecorator.java:30) ~[modlauncher-10.0.9.jar%2355!/:?]
	at cpw.mods.modlauncher.LaunchServiceHandler.launch(LaunchServiceHandler.java:53) ~[modlauncher-10.0.9.jar%2355!/:?]
	at cpw.mods.modlauncher.LaunchServiceHandler.launch(LaunchServiceHandler.java:71) ~[modlauncher-10.0.9.jar%2355!/:?]
	at cpw.mods.modlauncher.Launcher.run(Launcher.java:108) ~[modlauncher-10.0.9.jar%2355!/:?]
	at cpw.mods.modlauncher.Launcher.main(Launcher.java:78) ~[modlauncher-10.0.9.jar%2355!/:?]
	at cpw.mods.modlauncher.BootstrapLaunchConsumer.accept(BootstrapLaunchConsumer.java:26) ~[modlauncher-10.0.9.jar%2355!/:?]
	at cpw.mods.modlauncher.BootstrapLaunchConsumer.accept(BootstrapLaunchConsumer.java:23) ~[modlauncher-10.0.9.jar%2355!/:?]
	at cpw.mods.bootstraplauncher.BootstrapLauncher.main(BootstrapLauncher.java:141) ~[bootstraplauncher-1.1.2.jar:?]
[05Jan2026 06:00:19.280] [main/ERROR] [net.minecraft.world.item.crafting.RecipeManager/]: Parsing error loading recipe forbidden_arcanus:edelwood_chest_boat
com.google.gson.JsonParseException: An ingredient entry needs either a tag or an item
	at net.minecraft.world.item.crafting.Ingredient.m_43919_(Ingredient.java:226) ~[server-1.20.1-20230612.114412-srg.jar%23235!/:?]
	at net.minecraftforge.common.crafting.VanillaIngredientSerializer.parse(VanillaIngredientSerializer.java:27) ~[forge-1.20.1-47.3.7-universal.jar%23240!/:?]
	at net.minecraftforge.common.crafting.CraftingHelper.getIngredient(CraftingHelper.java:148) ~[forge-1.20.1-47.3.7-universal.jar%23240!/:?]
	at net.minecraft.world.item.crafting.Ingredient.m_288218_(Ingredient.java:194) ~[server-1.20.1-20230612.114412-srg.jar%23235!/:?]
	at net.minecraft.world.item.crafting.ShapelessRecipe$Serializer.m_44275_(ShapelessRecipe.java:104) ~[server-1.20.1-20230612.114412-srg.jar%23235!/:?]
	at net.minecraft.world.item.crafting.ShapelessRecipe$Serializer.m_6729_(ShapelessRecipe.java:89) ~[server-1.20.1-20230612.114412-srg.jar%23235!/:?]
	at net.minecraft.world.item.crafting.ShapelessRecipe$Serializer.m_6729_(ShapelessRecipe.java:84) ~[server-1.20.1-20230612.114412-srg.jar%23235!/:?]
	at net.minecraftforge.common.extensions.IForgeRecipeSerializer.fromJson(IForgeRecipeSerializer.java:23) ~[forge-1.20.1-47.3.7-universal.jar%23240!/:?]
	at net.minecraft.world.item.crafting.RecipeManager.fromJson(RecipeManager.java:171) ~[server-1.20.1-20230612.114412-srg.jar%23235!/:?]
	at net.minecraft.world.item.crafting.RecipeManager.m_5787_(RecipeManager.java:67) ~[server-1.20.1-20230612.114412-srg.jar%23235!/:?]
	at net.minecraft.world.item.crafting.RecipeManager.m_5787_(RecipeManager.java:34) ~[server-1.20.1-20230612.114412-srg.jar%23235!/:?]
	at net.minecraft.server.packs.resources.SimplePreparableReloadListener.m_10789_(SimplePreparableReloadListener.java:13) ~[server-1.20.1-20230612.114412-srg.jar%23235!/:?]
	at java.util.concurrent.CompletableFuture$UniAccept.tryFire(CompletableFuture.java:718) ~[?:?]
	at java.util.concurrent.CompletableFuture$Completion.run(CompletableFuture.java:482) ~[?:?]
	at net.minecraft.server.packs.resources.SimpleReloadInstance.m_143940_(SimpleReloadInstance.java:69) ~[server-1.20.1-20230612.114412-srg.jar%23235!/:?]
	at net.minecraft.Util.m_214652_(Util.java:783) ~[server-1.20.1-20230612.114412-srg.jar%23235!/:?]
	at net.minecraft.Util.m_214679_(Util.java:772) ~[server-1.20.1-20230612.114412-srg.jar%23235!/:?]
	at net.minecraft.server.Main.main(Main.java:166) ~[server-1.20.1-20230612.114412-srg.jar%23235!/:?]
	at jdk.internal.reflect.NativeMethodAccessorImpl.invoke0(Native Method) ~[?:?]
	at jdk.internal.reflect.NativeMethodAccessorImpl.invoke(NativeMethodAccessorImpl.java:77) ~[?:?]
	at jdk.internal.reflect.DelegatingMethodAccessorImpl.invoke(DelegatingMethodAccessorImpl.java:43) ~[?:?]
	at java.lang.reflect.Method.invoke(Method.java:569) ~[?:?]
	at net.minecraftforge.fml.loading.targets.CommonLaunchHandler.runTarget(CommonLaunchHandler.java:111) ~[fmlloader-1.20.1-47.3.7.jar%2369!/:?]
	at net.minecraftforge.fml.loading.targets.CommonLaunchHandler.serverService(CommonLaunchHandler.java:103) ~[fmlloader-1.20.1-47.3.7.jar%2369!/:?]
	at net.minecraftforge.fml.loading.targets.CommonServerLaunchHandler.lambda$makeService$0(CommonServerLaunchHandler.java:27) ~[fmlloader-1.20.1-47.3.7.jar%2369!/:?]
	at cpw.mods.modlauncher.LaunchServiceHandlerDecorator.launch(LaunchServiceHandlerDecorator.java:30) ~[modlauncher-10.0.9.jar%2355!/:?]
	at cpw.mods.modlauncher.LaunchServiceHandler.launch(LaunchServiceHandler.java:53) ~[modlauncher-10.0.9.jar%2355!/:?]
	at cpw.mods.modlauncher.LaunchServiceHandler.launch(LaunchServiceHandler.java:71) ~[modlauncher-10.0.9.jar%2355!/:?]
	at cpw.mods.modlauncher.Launcher.run(Launcher.java:108) ~[modlauncher-10.0.9.jar%2355!/:?]
	at cpw.mods.modlauncher.Launcher.main(Launcher.java:78) ~[modlauncher-10.0.9.jar%2355!/:?]
	at cpw.mods.modlauncher.BootstrapLaunchConsumer.accept(BootstrapLaunchConsumer.java:26) ~[modlauncher-10.0.9.jar%2355!/:?]
	at cpw.mods.modlauncher.BootstrapLaunchConsumer.accept(BootstrapLaunchConsumer.java:23) ~[modlauncher-10.0.9.jar%2355!/:?]
	at cpw.mods.bootstraplauncher.BootstrapLauncher.main(BootstrapLauncher.java:141) ~[bootstraplauncher-1.1.2.jar:?]
[05Jan2026 06:00:19.282] [main/ERROR] [net.minecraft.world.item.crafting.RecipeManager/]: Parsing error loading recipe forbidden_arcanus:aurum_fence_gate
com.google.gson.JsonParseException: An ingredient entry needs either a tag or an item
	at net.minecraft.world.item.crafting.Ingredient.m_43919_(Ingredient.java:226) ~[server-1.20.1-20230612.114412-srg.jar%23235!/:?]
	at net.minecraftforge.common.crafting.VanillaIngredientSerializer.parse(VanillaIngredientSerializer.java:27) ~[forge-1.20.1-47.3.7-universal.jar%23240!/:?]
	at net.minecraftforge.common.crafting.CraftingHelper.getIngredient(CraftingHelper.java:148) ~[forge-1.20.1-47.3.7-universal.jar%23240!/:?]
	at net.minecraft.world.item.crafting.Ingredient.m_288218_(Ingredient.java:194) ~[server-1.20.1-20230612.114412-srg.jar%23235!/:?]
	at net.minecraft.world.item.crafting.ShapedRecipe.m_44210_(ShapedRecipe.java:278) ~[server-1.20.1-20230612.114412-srg.jar%23235!/:?]
	at net.minecraft.world.item.crafting.ShapedRecipe$Serializer.m_6729_(ShapedRecipe.java:306) ~[server-1.20.1-20230612.114412-srg.jar%23235!/:?]
	at net.minecraft.world.item.crafting.ShapedRecipe$Serializer.m_6729_(ShapedRecipe.java:301) ~[server-1.20.1-20230612.114412-srg.jar%23235!/:?]
	at net.minecraftforge.common.extensions.IForgeRecipeSerializer.fromJson(IForgeRecipeSerializer.java:23) ~[forge-1.20.1-47.3.7-universal.jar%23240!/:?]
	at net.minecraft.world.item.crafting.RecipeManager.fromJson(RecipeManager.java:171) ~[server-1.20.1-20230612.114412-srg.jar%23235!/:?]
	at net.minecraft.world.item.crafting.RecipeManager.m_5787_(RecipeManager.java:67) ~[server-1.20.1-20230612.114412-srg.jar%23235!/:?]
	at net.minecraft.world.item.crafting.RecipeManager.m_5787_(RecipeManager.java:34) ~[server-1.20.1-20230612.114412-srg.jar%23235!/:?]
	at net.minecraft.server.packs.resources.SimplePreparableReloadListener.m_10789_(SimplePreparableReloadListener.java:13) ~[server-1.20.1-20230612.114412-srg.jar%23235!/:?]
	at java.util.concurrent.CompletableFuture$UniAccept.tryFire(CompletableFuture.java:718) ~[?:?]
	at java.util.concurrent.CompletableFuture$Completion.run(CompletableFuture.java:482) ~[?:?]
	at net.minecraft.server.packs.resources.SimpleReloadInstance.m_143940_(SimpleReloadInstance.java:69) ~[server-1.20.1-20230612.114412-srg.jar%23235!/:?]
	at net.minecraft.Util.m_214652_(Util.java:783) ~[server-1.20.1-20230612.114412-srg.jar%23235!/:?]
	at net.minecraft.Util.m_214679_(Util.java:772) ~[server-1.20.1-20230612.114412-srg.jar%23235!/:?]
	at net.minecraft.server.Main.main(Main.java:166) ~[server-1.20.1-20230612.114412-srg.jar%23235!/:?]
	at jdk.internal.reflect.NativeMethodAccessorImpl.invoke0(Native Method) ~[?:?]
	at jdk.internal.reflect.NativeMethodAccessorImpl.invoke(NativeMethodAccessorImpl.java:77) ~[?:?]
	at jdk.internal.reflect.DelegatingMethodAccessorImpl.invoke(DelegatingMethodAccessorImpl.java:43) ~[?:?]
	at java.lang.reflect.Method.invoke(Method.java:569) ~[?:?]
	at net.minecraftforge.fml.loading.targets.CommonLaunchHandler.runTarget(CommonLaunchHandler.java:111) ~[fmlloader-1.20.1-47.3.7.jar%2369!/:?]
	at net.minecraftforge.fml.loading.targets.CommonLaunchHandler.serverService(CommonLaunchHandler.java:103) ~[fmlloader-1.20.1-47.3.7.jar%2369!/:?]
	at net.minecraftforge.fml.loading.targets.CommonServerLaunchHandler.lambda$makeService$0(CommonServerLaunchHandler.java:27) ~[fmlloader-1.20.1-47.3.7.jar%2369!/:?]
	at cpw.mods.modlauncher.LaunchServiceHandlerDecorator.launch(LaunchServiceHandlerDecorator.java:30) ~[modlauncher-10.0.9.jar%2355!/:?]
	at cpw.mods.modlauncher.LaunchServiceHandler.launch(LaunchServiceHandler.java:53) ~[modlauncher-10.0.9.jar%2355!/:?]
	at cpw.mods.modlauncher.LaunchServiceHandler.launch(LaunchServiceHandler.java:71) ~[modlauncher-10.0.9.jar%2355!/:?]
	at cpw.mods.modlauncher.Launcher.run(Launcher.java:108) ~[modlauncher-10.0.9.jar%2355!/:?]
	at cpw.mods.modlauncher.Launcher.main(Launcher.java:78) ~[modlauncher-10.0.9.jar%2355!/:?]
	at cpw.mods.modlauncher.BootstrapLaunchConsumer.accept(BootstrapLaunchConsumer.java:26) ~[modlauncher-10.0.9.jar%2355!/:?]
	at cpw.mods.modlauncher.BootstrapLaunchConsumer.accept(BootstrapLaunchConsumer.java:23) ~[modlauncher-10.0.9.jar%2355!/:?]
	at cpw.mods.bootstraplauncher.BootstrapLauncher.main(BootstrapLauncher.java:141) ~[bootstraplauncher-1.1.2.jar:?]
[05Jan2026 06:00:19.285] [main/ERROR] [net.minecraft.world.item.crafting.RecipeManager/]: Parsing error loading recipe iter_rpg:packed_snow_cut_wall
com.google.gson.JsonSyntaxException: Unknown item 'iter_rpg:packed_snow'
	at net.minecraft.world.item.crafting.ShapedRecipe.m_151280_(ShapedRecipe.java:292) ~[server-1.20.1-20230612.114412-srg.jar%23235!/:?]
	at java.util.Optional.orElseThrow(Optional.java:403) ~[?:?]
	at net.minecraft.world.item.crafting.ShapedRecipe.m_151278_(ShapedRecipe.java:291) ~[server-1.20.1-20230612.114412-srg.jar%23235!/:?]
	at net.minecraft.world.item.crafting.Ingredient.m_43919_(Ingredient.java:219) ~[server-1.20.1-20230612.114412-srg.jar%23235!/:?]
	at net.minecraftforge.common.crafting.VanillaIngredientSerializer.parse(VanillaIngredientSerializer.java:27) ~[forge-1.20.1-47.3.7-universal.jar%23240!/:?]
	at net.minecraftforge.common.crafting.CraftingHelper.getIngredient(CraftingHelper.java:148) ~[forge-1.20.1-47.3.7-universal.jar%23240!/:?]
	at net.minecraft.world.item.crafting.Ingredient.m_288218_(Ingredient.java:194) ~[server-1.20.1-20230612.114412-srg.jar%23235!/:?]
	at net.minecraft.world.item.crafting.SingleItemRecipe$Serializer.m_6729_(SingleItemRecipe.java:91) ~[server-1.20.1-20230612.114412-srg.jar%23235!/:?]
	at net.minecraft.world.item.crafting.SingleItemRecipe$Serializer.m_6729_(SingleItemRecipe.java:72) ~[server-1.20.1-20230612.114412-srg.jar%23235!/:?]
	at net.minecraftforge.common.extensions.IForgeRecipeSerializer.fromJson(IForgeRecipeSerializer.java:23) ~[forge-1.20.1-47.3.7-universal.jar%23240!/:?]
	at net.minecraft.world.item.crafting.RecipeManager.fromJson(RecipeManager.java:171) ~[server-1.20.1-20230612.114412-srg.jar%23235!/:?]
	at net.minecraft.world.item.crafting.RecipeManager.m_5787_(RecipeManager.java:67) ~[server-1.20.1-20230612.114412-srg.jar%23235!/:?]
	at net.minecraft.world.item.crafting.RecipeManager.m_5787_(RecipeManager.java:34) ~[server-1.20.1-20230612.114412-srg.jar%23235!/:?]
	at net.minecraft.server.packs.resources.SimplePreparableReloadListener.m_10789_(SimplePreparableReloadListener.java:13) ~[server-1.20.1-20230612.114412-srg.jar%23235!/:?]
	at java.util.concurrent.CompletableFuture$UniAccept.tryFire(CompletableFuture.java:718) ~[?:?]
	at java.util.concurrent.CompletableFuture$Completion.run(CompletableFuture.java:482) ~[?:?]
	at net.minecraft.server.packs.resources.SimpleReloadInstance.m_143940_(SimpleReloadInstance.java:69) ~[server-1.20.1-20230612.114412-srg.jar%23235!/:?]
	at net.minecraft.Util.m_214652_(Util.java:783) ~[server-1.20.1-20230612.114412-srg.jar%23235!/:?]
	at net.minecraft.Util.m_214679_(Util.java:772) ~[server-1.20.1-20230612.114412-srg.jar%23235!/:?]
	at net.minecraft.server.Main.main(Main.java:166) ~[server-1.20.1-20230612.114412-srg.jar%23235!/:?]
	at jdk.internal.reflect.NativeMethodAccessorImpl.invoke0(Native Method) ~[?:?]
	at jdk.internal.reflect.NativeMethodAccessorImpl.invoke(NativeMethodAccessorImpl.java:77) ~[?:?]
	at jdk.internal.reflect.DelegatingMethodAccessorImpl.invoke(DelegatingMethodAccessorImpl.java:43) ~[?:?]
	at java.lang.reflect.Method.invoke(Method.java:569) ~[?:?]
	at net.minecraftforge.fml.loading.targets.CommonLaunchHandler.runTarget(CommonLaunchHandler.java:111) ~[fmlloader-1.20.1-47.3.7.jar%2369!/:?]
	at net.minecraftforge.fml.loading.targets.CommonLaunchHandler.serverService(CommonLaunchHandler.java:103) ~[fmlloader-1.20.1-47.3.7.jar%2369!/:?]
	at net.minecraftforge.fml.loading.targets.CommonServerLaunchHandler.lambda$makeService$0(CommonServerLaunchHandler.java:27) ~[fmlloader-1.20.1-47.3.7.jar%2369!/:?]
	at cpw.mods.modlauncher.LaunchServiceHandlerDecorator.launch(LaunchServiceHandlerDecorator.java:30) ~[modlauncher-10.0.9.jar%2355!/:?]
	at cpw.mods.modlauncher.LaunchServiceHandler.launch(LaunchServiceHandler.java:53) ~[modlauncher-10.0.9.jar%2355!/:?]
	at cpw.mods.modlauncher.LaunchServiceHandler.launch(LaunchServiceHandler.java:71) ~[modlauncher-10.0.9.jar%2355!/:?]
	at cpw.mods.modlauncher.Launcher.run(Launcher.java:108) ~[modlauncher-10.0.9.jar%2355!/:?]
	at cpw.mods.modlauncher.Launcher.main(Launcher.java:78) ~[modlauncher-10.0.9.jar%2355!/:?]
	at cpw.mods.modlauncher.BootstrapLaunchConsumer.accept(BootstrapLaunchConsumer.java:26) ~[modlauncher-10.0.9.jar%2355!/:?]
	at cpw.mods.modlauncher.BootstrapLaunchConsumer.accept(BootstrapLaunchConsumer.java:23) ~[modlauncher-10.0.9.jar%2355!/:?]
	at cpw.mods.bootstraplauncher.BootstrapLauncher.main(BootstrapLauncher.java:141) ~[bootstraplauncher-1.1.2.jar:?]
[05Jan2026 06:00:19.292] [main/ERROR] [net.minecraft.world.item.crafting.RecipeManager/]: Parsing error loading recipe iter_rpg:smooth_ice_bricks_cut_ornate
com.google.gson.JsonSyntaxException: Unknown item 'iter_rpg:ice_bricks'
	at net.minecraft.world.item.crafting.ShapedRecipe.m_151280_(ShapedRecipe.java:292) ~[server-1.20.1-20230612.114412-srg.jar%23235!/:?]
	at java.util.Optional.orElseThrow(Optional.java:403) ~[?:?]
	at net.minecraft.world.item.crafting.ShapedRecipe.m_151278_(ShapedRecipe.java:291) ~[server-1.20.1-20230612.114412-srg.jar%23235!/:?]
	at net.minecraft.world.item.crafting.Ingredient.m_43919_(Ingredient.java:219) ~[server-1.20.1-20230612.114412-srg.jar%23235!/:?]
	at net.minecraftforge.common.crafting.VanillaIngredientSerializer.parse(VanillaIngredientSerializer.java:27) ~[forge-1.20.1-47.3.7-universal.jar%23240!/:?]
	at net.minecraftforge.common.crafting.CraftingHelper.getIngredient(CraftingHelper.java:148) ~[forge-1.20.1-47.3.7-universal.jar%23240!/:?]
	at net.minecraft.world.item.crafting.Ingredient.m_288218_(Ingredient.java:194) ~[server-1.20.1-20230612.114412-srg.jar%23235!/:?]
	at net.minecraft.world.item.crafting.SingleItemRecipe$Serializer.m_6729_(SingleItemRecipe.java:91) ~[server-1.20.1-20230612.114412-srg.jar%23235!/:?]
	at net.minecraft.world.item.crafting.SingleItemRecipe$Serializer.m_6729_(SingleItemRecipe.java:72) ~[server-1.20.1-20230612.114412-srg.jar%23235!/:?]
	at net.minecraftforge.common.extensions.IForgeRecipeSerializer.fromJson(IForgeRecipeSerializer.java:23) ~[forge-1.20.1-47.3.7-universal.jar%23240!/:?]
	at net.minecraft.world.item.crafting.RecipeManager.fromJson(RecipeManager.java:171) ~[server-1.20.1-20230612.114412-srg.jar%23235!/:?]
	at net.minecraft.world.item.crafting.RecipeManager.m_5787_(RecipeManager.java:67) ~[server-1.20.1-20230612.114412-srg.jar%23235!/:?]
	at net.minecraft.world.item.crafting.RecipeManager.m_5787_(RecipeManager.java:34) ~[server-1.20.1-20230612.114412-srg.jar%23235!/:?]
	at net.minecraft.server.packs.resources.SimplePreparableReloadListener.m_10789_(SimplePreparableReloadListener.java:13) ~[server-1.20.1-20230612.114412-srg.jar%23235!/:?]
	at java.util.concurrent.CompletableFuture$UniAccept.tryFire(CompletableFuture.java:718) ~[?:?]
	at java.util.concurrent.CompletableFuture$Completion.run(CompletableFuture.java:482) ~[?:?]
	at net.minecraft.server.packs.resources.SimpleReloadInstance.m_143940_(SimpleReloadInstance.java:69) ~[server-1.20.1-20230612.114412-srg.jar%23235!/:?]
	at net.minecraft.Util.m_214652_(Util.java:783) ~[server-1.20.1-20230612.114412-srg.jar%23235!/:?]
	at net.minecraft.Util.m_214679_(Util.java:772) ~[server-1.20.1-20230612.114412-srg.jar%23235!/:?]
	at net.minecraft.server.Main.main(Main.java:166) ~[server-1.20.1-20230612.114412-srg.jar%23235!/:?]
	at jdk.internal.reflect.NativeMethodAccessorImpl.invoke0(Native Method) ~[?:?]
	at jdk.internal.reflect.NativeMethodAccessorImpl.invoke(NativeMethodAccessorImpl.java:77) ~[?:?]
	at jdk.internal.reflect.DelegatingMethodAccessorImpl.invoke(DelegatingMethodAccessorImpl.java:43) ~[?:?]
	at java.lang.reflect.Method.invoke(Method.java:569) ~[?:?]
	at net.minecraftforge.fml.loading.targets.CommonLaunchHandler.runTarget(CommonLaunchHandler.java:111) ~[fmlloader-1.20.1-47.3.7.jar%2369!/:?]
	at net.minecraftforge.fml.loading.targets.CommonLaunchHandler.serverService(CommonLaunchHandler.java:103) ~[fmlloader-1.20.1-47.3.7.jar%2369!/:?]
	at net.minecraftforge.fml.loading.targets.CommonServerLaunchHandler.lambda$makeService$0(CommonServerLaunchHandler.java:27) ~[fmlloader-1.20.1-47.3.7.jar%2369!/:?]
	at cpw.mods.modlauncher.LaunchServiceHandlerDecorator.launch(LaunchServiceHandlerDecorator.java:30) ~[modlauncher-10.0.9.jar%2355!/:?]
	at cpw.mods.modlauncher.LaunchServiceHandler.launch(LaunchServiceHandler.java:53) ~[modlauncher-10.0.9.jar%2355!/:?]
	at cpw.mods.modlauncher.LaunchServiceHandler.launch(LaunchServiceHandler.java:71) ~[modlauncher-10.0.9.jar%2355!/:?]
	at cpw.mods.modlauncher.Launcher.run(Launcher.java:108) ~[modlauncher-10.0.9.jar%2355!/:?]
	at cpw.mods.modlauncher.Launcher.main(Launcher.java:78) ~[modlauncher-10.0.9.jar%2355!/:?]
	at cpw.mods.modlauncher.BootstrapLaunchConsumer.accept(BootstrapLaunchConsumer.java:26) ~[modlauncher-10.0.9.jar%2355!/:?]
	at cpw.mods.modlauncher.BootstrapLaunchConsumer.accept(BootstrapLaunchConsumer.java:23) ~[modlauncher-10.0.9.jar%2355!/:?]
	at cpw.mods.bootstraplauncher.BootstrapLauncher.main(BootstrapLauncher.java:141) ~[bootstraplauncher-1.1.2.jar:?]
[05Jan2026 06:00:19.304] [main/ERROR] [net.minecraft.world.item.crafting.RecipeManager/]: Parsing error loading recipe iter_rpg:packed_snow_cut_slab_bricks
com.google.gson.JsonSyntaxException: Unknown item 'iter_rpg:packed_snow'
	at net.minecraft.world.item.crafting.ShapedRecipe.m_151280_(ShapedRecipe.java:292) ~[server-1.20.1-20230612.114412-srg.jar%23235!/:?]
	at java.util.Optional.orElseThrow(Optional.java:403) ~[?:?]
	at net.minecraft.world.item.crafting.ShapedRecipe.m_151278_(ShapedRecipe.java:291) ~[server-1.20.1-20230612.114412-srg.jar%23235!/:?]
	at net.minecraft.world.item.crafting.Ingredient.m_43919_(Ingredient.java:219) ~[server-1.20.1-20230612.114412-srg.jar%23235!/:?]
	at net.minecraftforge.common.crafting.VanillaIngredientSerializer.parse(VanillaIngredientSerializer.java:27) ~[forge-1.20.1-47.3.7-universal.jar%23240!/:?]
	at net.minecraftforge.common.crafting.CraftingHelper.getIngredient(CraftingHelper.java:148) ~[forge-1.20.1-47.3.7-universal.jar%23240!/:?]
	at net.minecraft.world.item.crafting.Ingredient.m_288218_(Ingredient.java:194) ~[server-1.20.1-20230612.114412-srg.jar%23235!/:?]
	at net.minecraft.world.item.crafting.SingleItemRecipe$Serializer.m_6729_(SingleItemRecipe.java:91) ~[server-1.20.1-20230612.114412-srg.jar%23235!/:?]
	at net.minecraft.world.item.crafting.SingleItemRecipe$Serializer.m_6729_(SingleItemRecipe.java:72) ~[server-1.20.1-20230612.114412-srg.jar%23235!/:?]
	at net.minecraftforge.common.extensions.IForgeRecipeSerializer.fromJson(IForgeRecipeSerializer.java:23) ~[forge-1.20.1-47.3.7-universal.jar%23240!/:?]
	at net.minecraft.world.item.crafting.RecipeManager.fromJson(RecipeManager.java:171) ~[server-1.20.1-20230612.114412-srg.jar%23235!/:?]
	at net.minecraft.world.item.crafting.RecipeManager.m_5787_(RecipeManager.java:67) ~[server-1.20.1-20230612.114412-srg.jar%23235!/:?]
	at net.minecraft.world.item.crafting.RecipeManager.m_5787_(RecipeManager.java:34) ~[server-1.20.1-20230612.114412-srg.jar%23235!/:?]
	at net.minecraft.server.packs.resources.SimplePreparableReloadListener.m_10789_(SimplePreparableReloadListener.java:13) ~[server-1.20.1-20230612.114412-srg.jar%23235!/:?]
	at java.util.concurrent.CompletableFuture$UniAccept.tryFire(CompletableFuture.java:718) ~[?:?]
	at java.util.concurrent.CompletableFuture$Completion.run(CompletableFuture.java:482) ~[?:?]
	at net.minecraft.server.packs.resources.SimpleReloadInstance.m_143940_(SimpleReloadInstance.java:69) ~[server-1.20.1-20230612.114412-srg.jar%23235!/:?]
	at net.minecraft.Util.m_214652_(Util.java:783) ~[server-1.20.1-20230612.114412-srg.jar%23235!/:?]
	at net.minecraft.Util.m_214679_(Util.java:772) ~[server-1.20.1-20230612.114412-srg.jar%23235!/:?]
	at net.minecraft.server.Main.main(Main.java:166) ~[server-1.20.1-20230612.114412-srg.jar%23235!/:?]
	at jdk.internal.reflect.NativeMethodAccessorImpl.invoke0(Native Method) ~[?:?]
	at jdk.internal.reflect.NativeMethodAccessorImpl.invoke(NativeMethodAccessorImpl.java:77) ~[?:?]
	at jdk.internal.reflect.DelegatingMethodAccessorImpl.invoke(DelegatingMethodAccessorImpl.java:43) ~[?:?]
	at java.lang.reflect.Method.invoke(Method.java:569) ~[?:?]
	at net.minecraftforge.fml.loading.targets.CommonLaunchHandler.runTarget(CommonLaunchHandler.java:111) ~[fmlloader-1.20.1-47.3.7.jar%2369!/:?]
	at net.minecraftforge.fml.loading.targets.CommonLaunchHandler.serverService(CommonLaunchHandler.java:103) ~[fmlloader-1.20.1-47.3.7.jar%2369!/:?]
	at net.minecraftforge.fml.loading.targets.CommonServerLaunchHandler.lambda$makeService$0(CommonServerLaunchHandler.java:27) ~[fmlloader-1.20.1-47.3.7.jar%2369!/:?]
	at cpw.mods.modlauncher.LaunchServiceHandlerDecorator.launch(LaunchServiceHandlerDecorator.java:30) ~[modlauncher-10.0.9.jar%2355!/:?]
	at cpw.mods.modlauncher.LaunchServiceHandler.launch(LaunchServiceHandler.java:53) ~[modlauncher-10.0.9.jar%2355!/:?]
	at cpw.mods.modlauncher.LaunchServiceHandler.launch(LaunchServiceHandler.java:71) ~[modlauncher-10.0.9.jar%2355!/:?]
	at cpw.mods.modlauncher.Launcher.run(Launcher.java:108) ~[modlauncher-10.0.9.jar%2355!/:?]
	at cpw.mods.modlauncher.Launcher.main(Launcher.java:78) ~[modlauncher-10.0.9.jar%2355!/:?]
	at cpw.mods.modlauncher.BootstrapLaunchConsumer.accept(BootstrapLaunchConsumer.java:26) ~[modlauncher-10.0.9.jar%2355!/:?]
	at cpw.mods.modlauncher.BootstrapLaunchConsumer.accept(BootstrapLaunchConsumer.java:23) ~[modlauncher-10.0.9.jar%2355!/:?]
	at cpw.mods.bootstraplauncher.BootstrapLauncher.main(BootstrapLauncher.java:141) ~[bootstraplauncher-1.1.2.jar:?]
[05Jan2026 06:00:19.310] [main/ERROR] [net.minecraft.world.item.crafting.RecipeManager/]: Parsing error loading recipe iter_rpg:smooth_ice_cut_slab_bricks
com.google.gson.JsonSyntaxException: Unknown item 'iter_rpg:smooth_ice'
	at net.minecraft.world.item.crafting.ShapedRecipe.m_151280_(ShapedRecipe.java:292) ~[server-1.20.1-20230612.114412-srg.jar%23235!/:?]
	at java.util.Optional.orElseThrow(Optional.java:403) ~[?:?]
	at net.minecraft.world.item.crafting.ShapedRecipe.m_151278_(ShapedRecipe.java:291) ~[server-1.20.1-20230612.114412-srg.jar%23235!/:?]
	at net.minecraft.world.item.crafting.Ingredient.m_43919_(Ingredient.java:219) ~[server-1.20.1-20230612.114412-srg.jar%23235!/:?]
	at net.minecraftforge.common.crafting.VanillaIngredientSerializer.parse(VanillaIngredientSerializer.java:27) ~[forge-1.20.1-47.3.7-universal.jar%23240!/:?]
	at net.minecraftforge.common.crafting.CraftingHelper.getIngredient(CraftingHelper.java:148) ~[forge-1.20.1-47.3.7-universal.jar%23240!/:?]
	at net.minecraft.world.item.crafting.Ingredient.m_288218_(Ingredient.java:194) ~[server-1.20.1-20230612.114412-srg.jar%23235!/:?]
	at net.minecraft.world.item.crafting.SingleItemRecipe$Serializer.m_6729_(SingleItemRecipe.java:91) ~[server-1.20.1-20230612.114412-srg.jar%23235!/:?]
	at net.minecraft.world.item.crafting.SingleItemRecipe$Serializer.m_6729_(SingleItemRecipe.java:72) ~[server-1.20.1-20230612.114412-srg.jar%23235!/:?]
	at net.minecraftforge.common.extensions.IForgeRecipeSerializer.fromJson(IForgeRecipeSerializer.java:23) ~[forge-1.20.1-47.3.7-universal.jar%23240!/:?]
	at net.minecraft.world.item.crafting.RecipeManager.fromJson(RecipeManager.java:171) ~[server-1.20.1-20230612.114412-srg.jar%23235!/:?]
	at net.minecraft.world.item.crafting.RecipeManager.m_5787_(RecipeManager.java:67) ~[server-1.20.1-20230612.114412-srg.jar%23235!/:?]
	at net.minecraft.world.item.crafting.RecipeManager.m_5787_(RecipeManager.java:34) ~[server-1.20.1-20230612.114412-srg.jar%23235!/:?]
	at net.minecraft.server.packs.resources.SimplePreparableReloadListener.m_10789_(SimplePreparableReloadListener.java:13) ~[server-1.20.1-20230612.114412-srg.jar%23235!/:?]
	at java.util.concurrent.CompletableFuture$UniAccept.tryFire(CompletableFuture.java:718) ~[?:?]
	at java.util.concurrent.CompletableFuture$Completion.run(CompletableFuture.java:482) ~[?:?]
	at net.minecraft.server.packs.resources.SimpleReloadInstance.m_143940_(SimpleReloadInstance.java:69) ~[server-1.20.1-20230612.114412-srg.jar%23235!/:?]
	at net.minecraft.Util.m_214652_(Util.java:783) ~[server-1.20.1-20230612.114412-srg.jar%23235!/:?]
	at net.minecraft.Util.m_214679_(Util.java:772) ~[server-1.20.1-20230612.114412-srg.jar%23235!/:?]
	at net.minecraft.server.Main.main(Main.java:166) ~[server-1.20.1-20230612.114412-srg.jar%23235!/:?]
	at jdk.internal.reflect.NativeMethodAccessorImpl.invoke0(Native Method) ~[?:?]
	at jdk.internal.reflect.NativeMethodAccessorImpl.invoke(NativeMethodAccessorImpl.java:77) ~[?:?]
	at jdk.internal.reflect.DelegatingMethodAccessorImpl.invoke(DelegatingMethodAccessorImpl.java:43) ~[?:?]
	at java.lang.reflect.Method.invoke(Method.java:569) ~[?:?]
	at net.minecraftforge.fml.loading.targets.CommonLaunchHandler.runTarget(CommonLaunchHandler.java:111) ~[fmlloader-1.20.1-47.3.7.jar%2369!/:?]
	at net.minecraftforge.fml.loading.targets.CommonLaunchHandler.serverService(CommonLaunchHandler.java:103) ~[fmlloader-1.20.1-47.3.7.jar%2369!/:?]
	at net.minecraftforge.fml.loading.targets.CommonServerLaunchHandler.lambda$makeService$0(CommonServerLaunchHandler.java:27) ~[fmlloader-1.20.1-47.3.7.jar%2369!/:?]
	at cpw.mods.modlauncher.LaunchServiceHandlerDecorator.launch(LaunchServiceHandlerDecorator.java:30) ~[modlauncher-10.0.9.jar%2355!/:?]
	at cpw.mods.modlauncher.LaunchServiceHandler.launch(LaunchServiceHandler.java:53) ~[modlauncher-10.0.9.jar%2355!/:?]
	at cpw.mods.modlauncher.LaunchServiceHandler.launch(LaunchServiceHandler.java:71) ~[modlauncher-10.0.9.jar%2355!/:?]
	at cpw.mods.modlauncher.Launcher.run(Launcher.java:108) ~[modlauncher-10.0.9.jar%2355!/:?]
	at cpw.mods.modlauncher.Launcher.main(Launcher.java:78) ~[modlauncher-10.0.9.jar%2355!/:?]
	at cpw.mods.modlauncher.BootstrapLaunchConsumer.accept(BootstrapLaunchConsumer.java:26) ~[modlauncher-10.0.9.jar%2355!/:?]
	at cpw.mods.modlauncher.BootstrapLaunchConsumer.accept(BootstrapLaunchConsumer.java:23) ~[modlauncher-10.0.9.jar%2355!/:?]
	at cpw.mods.bootstraplauncher.BootstrapLauncher.main(BootstrapLauncher.java:141) ~[bootstraplauncher-1.1.2.jar:?]
[05Jan2026 06:00:19.312] [main/ERROR] [net.minecraft.world.item.crafting.RecipeManager/]: Parsing error loading recipe netherdungeons:crafting/chiseled_polished_gilded_blackstone
com.google.gson.JsonSyntaxException: Unknown item 'netherdungeons:polished_gilded_blackstone_slab'
	at net.minecraft.world.item.crafting.ShapedRecipe.m_151280_(ShapedRecipe.java:292) ~[server-1.20.1-20230612.114412-srg.jar%23235!/:?]
	at java.util.Optional.orElseThrow(Optional.java:403) ~[?:?]
	at net.minecraft.world.item.crafting.ShapedRecipe.m_151278_(ShapedRecipe.java:291) ~[server-1.20.1-20230612.114412-srg.jar%23235!/:?]
	at net.minecraft.world.item.crafting.Ingredient.m_43919_(Ingredient.java:219) ~[server-1.20.1-20230612.114412-srg.jar%23235!/:?]
	at net.minecraftforge.common.crafting.VanillaIngredientSerializer.parse(VanillaIngredientSerializer.java:27) ~[forge-1.20.1-47.3.7-universal.jar%23240!/:?]
	at net.minecraftforge.common.crafting.CraftingHelper.getIngredient(CraftingHelper.java:148) ~[forge-1.20.1-47.3.7-universal.jar%23240!/:?]
	at net.minecraft.world.item.crafting.Ingredient.m_288218_(Ingredient.java:194) ~[server-1.20.1-20230612.114412-srg.jar%23235!/:?]
	at net.minecraft.world.item.crafting.ShapedRecipe.m_44210_(ShapedRecipe.java:278) ~[server-1.20.1-20230612.114412-srg.jar%23235!/:?]
	at net.minecraft.world.item.crafting.ShapedRecipe$Serializer.m_6729_(ShapedRecipe.java:306) ~[server-1.20.1-20230612.114412-srg.jar%23235!/:?]
	at net.minecraft.world.item.crafting.ShapedRecipe$Serializer.m_6729_(ShapedRecipe.java:301) ~[server-1.20.1-20230612.114412-srg.jar%23235!/:?]
	at net.minecraftforge.common.extensions.IForgeRecipeSerializer.fromJson(IForgeRecipeSerializer.java:23) ~[forge-1.20.1-47.3.7-universal.jar%23240!/:?]
	at net.minecraft.world.item.crafting.RecipeManager.fromJson(RecipeManager.java:171) ~[server-1.20.1-20230612.114412-srg.jar%23235!/:?]
	at net.minecraft.world.item.crafting.RecipeManager.m_5787_(RecipeManager.java:67) ~[server-1.20.1-20230612.114412-srg.jar%23235!/:?]
	at net.minecraft.world.item.crafting.RecipeManager.m_5787_(RecipeManager.java:34) ~[server-1.20.1-20230612.114412-srg.jar%23235!/:?]
	at net.minecraft.server.packs.resources.SimplePreparableReloadListener.m_10789_(SimplePreparableReloadListener.java:13) ~[server-1.20.1-20230612.114412-srg.jar%23235!/:?]
	at java.util.concurrent.CompletableFuture$UniAccept.tryFire(CompletableFuture.java:718) ~[?:?]
	at java.util.concurrent.CompletableFuture$Completion.run(CompletableFuture.java:482) ~[?:?]
	at net.minecraft.server.packs.resources.SimpleReloadInstance.m_143940_(SimpleReloadInstance.java:69) ~[server-1.20.1-20230612.114412-srg.jar%23235!/:?]
	at net.minecraft.Util.m_214652_(Util.java:783) ~[server-1.20.1-20230612.114412-srg.jar%23235!/:?]
	at net.minecraft.Util.m_214679_(Util.java:772) ~[server-1.20.1-20230612.114412-srg.jar%23235!/:?]
	at net.minecraft.server.Main.main(Main.java:166) ~[server-1.20.1-20230612.114412-srg.jar%23235!/:?]
	at jdk.internal.reflect.NativeMethodAccessorImpl.invoke0(Native Method) ~[?:?]
	at jdk.internal.reflect.NativeMethodAccessorImpl.invoke(NativeMethodAccessorImpl.java:77) ~[?:?]
	at jdk.internal.reflect.DelegatingMethodAccessorImpl.invoke(DelegatingMethodAccessorImpl.java:43) ~[?:?]
	at java.lang.reflect.Method.invoke(Method.java:569) ~[?:?]
	at net.minecraftforge.fml.loading.targets.CommonLaunchHandler.runTarget(CommonLaunchHandler.java:111) ~[fmlloader-1.20.1-47.3.7.jar%2369!/:?]
	at net.minecraftforge.fml.loading.targets.CommonLaunchHandler.serverService(CommonLaunchHandler.java:103) ~[fmlloader-1.20.1-47.3.7.jar%2369!/:?]
	at net.minecraftforge.fml.loading.targets.CommonServerLaunchHandler.lambda$makeService$0(CommonServerLaunchHandler.java:27) ~[fmlloader-1.20.1-47.3.7.jar%2369!/:?]
	at cpw.mods.modlauncher.LaunchServiceHandlerDecorator.launch(LaunchServiceHandlerDecorator.java:30) ~[modlauncher-10.0.9.jar%2355!/:?]
	at cpw.mods.modlauncher.LaunchServiceHandler.launch(LaunchServiceHandler.java:53) ~[modlauncher-10.0.9.jar%2355!/:?]
	at cpw.mods.modlauncher.LaunchServiceHandler.launch(LaunchServiceHandler.java:71) ~[modlauncher-10.0.9.jar%2355!/:?]
	at cpw.mods.modlauncher.Launcher.run(Launcher.java:108) ~[modlauncher-10.0.9.jar%2355!/:?]
	at cpw.mods.modlauncher.Launcher.main(Launcher.java:78) ~[modlauncher-10.0.9.jar%2355!/:?]
	at cpw.mods.modlauncher.BootstrapLaunchConsumer.accept(BootstrapLaunchConsumer.java:26) ~[modlauncher-10.0.9.jar%2355!/:?]
	at cpw.mods.modlauncher.BootstrapLaunchConsumer.accept(BootstrapLaunchConsumer.java:23) ~[modlauncher-10.0.9.jar%2355!/:?]
	at cpw.mods.bootstraplauncher.BootstrapLauncher.main(BootstrapLauncher.java:141) ~[bootstraplauncher-1.1.2.jar:?]
[05Jan2026 06:00:19.314] [main/INFO] [net.minecraft.world.item.crafting.RecipeManager/]: Skipping loading recipe grimoireofgaia:gaiapedia as it's serializer returned null
[05Jan2026 06:00:19.319] [main/ERROR] [net.minecraft.world.item.crafting.RecipeManager/]: Parsing error loading recipe forbidden_arcanus:edelwood_fence_gate
com.google.gson.JsonParseException: An ingredient entry needs either a tag or an item
	at net.minecraft.world.item.crafting.Ingredient.m_43919_(Ingredient.java:226) ~[server-1.20.1-20230612.114412-srg.jar%23235!/:?]
	at net.minecraftforge.common.crafting.VanillaIngredientSerializer.parse(VanillaIngredientSerializer.java:27) ~[forge-1.20.1-47.3.7-universal.jar%23240!/:?]
	at net.minecraftforge.common.crafting.CraftingHelper.getIngredient(CraftingHelper.java:148) ~[forge-1.20.1-47.3.7-universal.jar%23240!/:?]
	at net.minecraft.world.item.crafting.Ingredient.m_288218_(Ingredient.java:194) ~[server-1.20.1-20230612.114412-srg.jar%23235!/:?]
	at net.minecraft.world.item.crafting.ShapedRecipe.m_44210_(ShapedRecipe.java:278) ~[server-1.20.1-20230612.114412-srg.jar%23235!/:?]
	at net.minecraft.world.item.crafting.ShapedRecipe$Serializer.m_6729_(ShapedRecipe.java:306) ~[server-1.20.1-20230612.114412-srg.jar%23235!/:?]
	at net.minecraft.world.item.crafting.ShapedRecipe$Serializer.m_6729_(ShapedRecipe.java:301) ~[server-1.20.1-20230612.114412-srg.jar%23235!/:?]
	at net.minecraftforge.common.extensions.IForgeRecipeSerializer.fromJson(IForgeRecipeSerializer.java:23) ~[forge-1.20.1-47.3.7-universal.jar%23240!/:?]
	at net.minecraft.world.item.crafting.RecipeManager.fromJson(RecipeManager.java:171) ~[server-1.20.1-20230612.114412-srg.jar%23235!/:?]
	at net.minecraft.world.item.crafting.RecipeManager.m_5787_(RecipeManager.java:67) ~[server-1.20.1-20230612.114412-srg.jar%23235!/:?]
	at net.minecraft.world.item.crafting.RecipeManager.m_5787_(RecipeManager.java:34) ~[server-1.20.1-20230612.114412-srg.jar%23235!/:?]
	at net.minecraft.server.packs.resources.SimplePreparableReloadListener.m_10789_(SimplePreparableReloadListener.java:13) ~[server-1.20.1-20230612.114412-srg.jar%23235!/:?]
	at java.util.concurrent.CompletableFuture$UniAccept.tryFire(CompletableFuture.java:718) ~[?:?]
	at java.util.concurrent.CompletableFuture$Completion.run(CompletableFuture.java:482) ~[?:?]
	at net.minecraft.server.packs.resources.SimpleReloadInstance.m_143940_(SimpleReloadInstance.java:69) ~[server-1.20.1-20230612.114412-srg.jar%23235!/:?]
	at net.minecraft.Util.m_214652_(Util.java:783) ~[server-1.20.1-20230612.114412-srg.jar%23235!/:?]
	at net.minecraft.Util.m_214679_(Util.java:772) ~[server-1.20.1-20230612.114412-srg.jar%23235!/:?]
	at net.minecraft.server.Main.main(Main.java:166) ~[server-1.20.1-20230612.114412-srg.jar%23235!/:?]
	at jdk.internal.reflect.NativeMethodAccessorImpl.invoke0(Native Method) ~[?:?]
	at jdk.internal.reflect.NativeMethodAccessorImpl.invoke(NativeMethodAccessorImpl.java:77) ~[?:?]
	at jdk.internal.reflect.DelegatingMethodAccessorImpl.invoke(DelegatingMethodAccessorImpl.java:43) ~[?:?]
	at java.lang.reflect.Method.invoke(Method.java:569) ~[?:?]
	at net.minecraftforge.fml.loading.targets.CommonLaunchHandler.runTarget(CommonLaunchHandler.java:111) ~[fmlloader-1.20.1-47.3.7.jar%2369!/:?]
	at net.minecraftforge.fml.loading.targets.CommonLaunchHandler.serverService(CommonLaunchHandler.java:103) ~[fmlloader-1.20.1-47.3.7.jar%2369!/:?]
	at net.minecraftforge.fml.loading.targets.CommonServerLaunchHandler.lambda$makeService$0(CommonServerLaunchHandler.java:27) ~[fmlloader-1.20.1-47.3.7.jar%2369!/:?]
	at cpw.mods.modlauncher.LaunchServiceHandlerDecorator.launch(LaunchServiceHandlerDecorator.java:30) ~[modlauncher-10.0.9.jar%2355!/:?]
	at cpw.mods.modlauncher.LaunchServiceHandler.launch(LaunchServiceHandler.java:53) ~[modlauncher-10.0.9.jar%2355!/:?]
	at cpw.mods.modlauncher.LaunchServiceHandler.launch(LaunchServiceHandler.java:71) ~[modlauncher-10.0.9.jar%2355!/:?]
	at cpw.mods.modlauncher.Launcher.run(Launcher.java:108) ~[modlauncher-10.0.9.jar%2355!/:?]
	at cpw.mods.modlauncher.Launcher.main(Launcher.java:78) ~[modlauncher-10.0.9.jar%2355!/:?]
	at cpw.mods.modlauncher.BootstrapLaunchConsumer.accept(BootstrapLaunchConsumer.java:26) ~[modlauncher-10.0.9.jar%2355!/:?]
	at cpw.mods.modlauncher.BootstrapLaunchConsumer.accept(BootstrapLaunchConsumer.java:23) ~[modlauncher-10.0.9.jar%2355!/:?]
	at cpw.mods.bootstraplauncher.BootstrapLauncher.main(BootstrapLauncher.java:141) ~[bootstraplauncher-1.1.2.jar:?]
[05Jan2026 06:00:19.321] [main/ERROR] [net.minecraft.world.item.crafting.RecipeManager/]: Parsing error loading recipe naturalist:frontier_cap
com.google.gson.JsonSyntaxException: Invalid or unsupported recipe type 'forge:mod_loaded'
	at net.minecraft.world.item.crafting.RecipeManager.m_220253_(RecipeManager.java:170) ~[server-1.20.1-20230612.114412-srg.jar%23235!/:?]
	at java.util.Optional.orElseThrow(Optional.java:403) ~[?:?]
	at net.minecraft.world.item.crafting.RecipeManager.fromJson(RecipeManager.java:169) ~[server-1.20.1-20230612.114412-srg.jar%23235!/:?]
	at net.minecraft.world.item.crafting.RecipeManager.m_5787_(RecipeManager.java:67) ~[server-1.20.1-20230612.114412-srg.jar%23235!/:?]
	at net.minecraft.world.item.crafting.RecipeManager.m_5787_(RecipeManager.java:34) ~[server-1.20.1-20230612.114412-srg.jar%23235!/:?]
	at net.minecraft.server.packs.resources.SimplePreparableReloadListener.m_10789_(SimplePreparableReloadListener.java:13) ~[server-1.20.1-20230612.114412-srg.jar%23235!/:?]
	at java.util.concurrent.CompletableFuture$UniAccept.tryFire(CompletableFuture.java:718) ~[?:?]
	at java.util.concurrent.CompletableFuture$Completion.run(CompletableFuture.java:482) ~[?:?]
	at net.minecraft.server.packs.resources.SimpleReloadInstance.m_143940_(SimpleReloadInstance.java:69) ~[server-1.20.1-20230612.114412-srg.jar%23235!/:?]
	at net.minecraft.Util.m_214652_(Util.java:783) ~[server-1.20.1-20230612.114412-srg.jar%23235!/:?]
	at net.minecraft.Util.m_214679_(Util.java:772) ~[server-1.20.1-20230612.114412-srg.jar%23235!/:?]
	at net.minecraft.server.Main.main(Main.java:166) ~[server-1.20.1-20230612.114412-srg.jar%23235!/:?]
	at jdk.internal.reflect.NativeMethodAccessorImpl.invoke0(Native Method) ~[?:?]
	at jdk.internal.reflect.NativeMethodAccessorImpl.invoke(NativeMethodAccessorImpl.java:77) ~[?:?]
	at jdk.internal.reflect.DelegatingMethodAccessorImpl.invoke(DelegatingMethodAccessorImpl.java:43) ~[?:?]
	at java.lang.reflect.Method.invoke(Method.java:569) ~[?:?]
	at net.minecraftforge.fml.loading.targets.CommonLaunchHandler.runTarget(CommonLaunchHandler.java:111) ~[fmlloader-1.20.1-47.3.7.jar%2369!/:?]
	at net.minecraftforge.fml.loading.targets.CommonLaunchHandler.serverService(CommonLaunchHandler.java:103) ~[fmlloader-1.20.1-47.3.7.jar%2369!/:?]
	at net.minecraftforge.fml.loading.targets.CommonServerLaunchHandler.lambda$makeService$0(CommonServerLaunchHandler.java:27) ~[fmlloader-1.20.1-47.3.7.jar%2369!/:?]
	at cpw.mods.modlauncher.LaunchServiceHandlerDecorator.launch(LaunchServiceHandlerDecorator.java:30) ~[modlauncher-10.0.9.jar%2355!/:?]
	at cpw.mods.modlauncher.LaunchServiceHandler.launch(LaunchServiceHandler.java:53) ~[modlauncher-10.0.9.jar%2355!/:?]
	at cpw.mods.modlauncher.LaunchServiceHandler.launch(LaunchServiceHandler.java:71) ~[modlauncher-10.0.9.jar%2355!/:?]
	at cpw.mods.modlauncher.Launcher.run(Launcher.java:108) ~[modlauncher-10.0.9.jar%2355!/:?]
	at cpw.mods.modlauncher.Launcher.main(Launcher.java:78) ~[modlauncher-10.0.9.jar%2355!/:?]
	at cpw.mods.modlauncher.BootstrapLaunchConsumer.accept(BootstrapLaunchConsumer.java:26) ~[modlauncher-10.0.9.jar%2355!/:?]
	at cpw.mods.modlauncher.BootstrapLaunchConsumer.accept(BootstrapLaunchConsumer.java:23) ~[modlauncher-10.0.9.jar%2355!/:?]
	at cpw.mods.bootstraplauncher.BootstrapLauncher.main(BootstrapLauncher.java:141) ~[bootstraplauncher-1.1.2.jar:?]
[05Jan2026 06:00:19.325] [main/ERROR] [net.minecraft.world.item.crafting.RecipeManager/]: Parsing error loading recipe iter_rpg:smooth_ice_cut_stairs
com.google.gson.JsonSyntaxException: Unknown item 'iter_rpg:smooth_ice'
	at net.minecraft.world.item.crafting.ShapedRecipe.m_151280_(ShapedRecipe.java:292) ~[server-1.20.1-20230612.114412-srg.jar%23235!/:?]
	at java.util.Optional.orElseThrow(Optional.java:403) ~[?:?]
	at net.minecraft.world.item.crafting.ShapedRecipe.m_151278_(ShapedRecipe.java:291) ~[server-1.20.1-20230612.114412-srg.jar%23235!/:?]
	at net.minecraft.world.item.crafting.Ingredient.m_43919_(Ingredient.java:219) ~[server-1.20.1-20230612.114412-srg.jar%23235!/:?]
	at net.minecraftforge.common.crafting.VanillaIngredientSerializer.parse(VanillaIngredientSerializer.java:27) ~[forge-1.20.1-47.3.7-universal.jar%23240!/:?]
	at net.minecraftforge.common.crafting.CraftingHelper.getIngredient(CraftingHelper.java:148) ~[forge-1.20.1-47.3.7-universal.jar%23240!/:?]
	at net.minecraft.world.item.crafting.Ingredient.m_288218_(Ingredient.java:194) ~[server-1.20.1-20230612.114412-srg.jar%23235!/:?]
	at net.minecraft.world.item.crafting.SingleItemRecipe$Serializer.m_6729_(SingleItemRecipe.java:91) ~[server-1.20.1-20230612.114412-srg.jar%23235!/:?]
	at net.minecraft.world.item.crafting.SingleItemRecipe$Serializer.m_6729_(SingleItemRecipe.java:72) ~[server-1.20.1-20230612.114412-srg.jar%23235!/:?]
	at net.minecraftforge.common.extensions.IForgeRecipeSerializer.fromJson(IForgeRecipeSerializer.java:23) ~[forge-1.20.1-47.3.7-universal.jar%23240!/:?]
	at net.minecraft.world.item.crafting.RecipeManager.fromJson(RecipeManager.java:171) ~[server-1.20.1-20230612.114412-srg.jar%23235!/:?]
	at net.minecraft.world.item.crafting.RecipeManager.m_5787_(RecipeManager.java:67) ~[server-1.20.1-20230612.114412-srg.jar%23235!/:?]
	at net.minecraft.world.item.crafting.RecipeManager.m_5787_(RecipeManager.java:34) ~[server-1.20.1-20230612.114412-srg.jar%23235!/:?]
	at net.minecraft.server.packs.resources.SimplePreparableReloadListener.m_10789_(SimplePreparableReloadListener.java:13) ~[server-1.20.1-20230612.114412-srg.jar%23235!/:?]
	at java.util.concurrent.CompletableFuture$UniAccept.tryFire(CompletableFuture.java:718) ~[?:?]
	at java.util.concurrent.CompletableFuture$Completion.run(CompletableFuture.java:482) ~[?:?]
	at net.minecraft.server.packs.resources.SimpleReloadInstance.m_143940_(SimpleReloadInstance.java:69) ~[server-1.20.1-20230612.114412-srg.jar%23235!/:?]
	at net.minecraft.Util.m_214652_(Util.java:783) ~[server-1.20.1-20230612.114412-srg.jar%23235!/:?]
	at net.minecraft.Util.m_214679_(Util.java:772) ~[server-1.20.1-20230612.114412-srg.jar%23235!/:?]
	at net.minecraft.server.Main.main(Main.java:166) ~[server-1.20.1-20230612.114412-srg.jar%23235!/:?]
	at jdk.internal.reflect.NativeMethodAccessorImpl.invoke0(Native Method) ~[?:?]
	at jdk.internal.reflect.NativeMethodAccessorImpl.invoke(NativeMethodAccessorImpl.java:77) ~[?:?]
	at jdk.internal.reflect.DelegatingMethodAccessorImpl.invoke(DelegatingMethodAccessorImpl.java:43) ~[?:?]
	at java.lang.reflect.Method.invoke(Method.java:569) ~[?:?]
	at net.minecraftforge.fml.loading.targets.CommonLaunchHandler.runTarget(CommonLaunchHandler.java:111) ~[fmlloader-1.20.1-47.3.7.jar%2369!/:?]
	at net.minecraftforge.fml.loading.targets.CommonLaunchHandler.serverService(CommonLaunchHandler.java:103) ~[fmlloader-1.20.1-47.3.7.jar%2369!/:?]
	at net.minecraftforge.fml.loading.targets.CommonServerLaunchHandler.lambda$makeService$0(CommonServerLaunchHandler.java:27) ~[fmlloader-1.20.1-47.3.7.jar%2369!/:?]
	at cpw.mods.modlauncher.LaunchServiceHandlerDecorator.launch(LaunchServiceHandlerDecorator.java:30) ~[modlauncher-10.0.9.jar%2355!/:?]
	at cpw.mods.modlauncher.LaunchServiceHandler.launch(LaunchServiceHandler.java:53) ~[modlauncher-10.0.9.jar%2355!/:?]
	at cpw.mods.modlauncher.LaunchServiceHandler.launch(LaunchServiceHandler.java:71) ~[modlauncher-10.0.9.jar%2355!/:?]
	at cpw.mods.modlauncher.Launcher.run(Launcher.java:108) ~[modlauncher-10.0.9.jar%2355!/:?]
	at cpw.mods.modlauncher.Launcher.main(Launcher.java:78) ~[modlauncher-10.0.9.jar%2355!/:?]
	at cpw.mods.modlauncher.BootstrapLaunchConsumer.accept(BootstrapLaunchConsumer.java:26) ~[modlauncher-10.0.9.jar%2355!/:?]
	at cpw.mods.modlauncher.BootstrapLaunchConsumer.accept(BootstrapLaunchConsumer.java:23) ~[modlauncher-10.0.9.jar%2355!/:?]
	at cpw.mods.bootstraplauncher.BootstrapLauncher.main(BootstrapLauncher.java:141) ~[bootstraplauncher-1.1.2.jar:?]
[05Jan2026 06:00:19.796] [main/ERROR] [net.minecraft.world.item.crafting.RecipeManager/]: Parsing error loading recipe naturalist:frontier_cap_alt
com.google.gson.JsonSyntaxException: Invalid or unsupported recipe type 'forge:mod_loaded'
	at net.minecraft.world.item.crafting.RecipeManager.m_220253_(RecipeManager.java:170) ~[server-1.20.1-20230612.114412-srg.jar%23235!/:?]
	at java.util.Optional.orElseThrow(Optional.java:403) ~[?:?]
	at net.minecraft.world.item.crafting.RecipeManager.fromJson(RecipeManager.java:169) ~[server-1.20.1-20230612.114412-srg.jar%23235!/:?]
	at net.minecraft.world.item.crafting.RecipeManager.m_5787_(RecipeManager.java:67) ~[server-1.20.1-20230612.114412-srg.jar%23235!/:?]
	at net.minecraft.world.item.crafting.RecipeManager.m_5787_(RecipeManager.java:34) ~[server-1.20.1-20230612.114412-srg.jar%23235!/:?]
	at net.minecraft.server.packs.resources.SimplePreparableReloadListener.m_10789_(SimplePreparableReloadListener.java:13) ~[server-1.20.1-20230612.114412-srg.jar%23235!/:?]
	at java.util.concurrent.CompletableFuture$UniAccept.tryFire(CompletableFuture.java:718) ~[?:?]
	at java.util.concurrent.CompletableFuture$Completion.run(CompletableFuture.java:482) ~[?:?]
	at net.minecraft.server.packs.resources.SimpleReloadInstance.m_143940_(SimpleReloadInstance.java:69) ~[server-1.20.1-20230612.114412-srg.jar%23235!/:?]
	at net.minecraft.Util.m_214652_(Util.java:783) ~[server-1.20.1-20230612.114412-srg.jar%23235!/:?]
	at net.minecraft.Util.m_214679_(Util.java:772) ~[server-1.20.1-20230612.114412-srg.jar%23235!/:?]
	at net.minecraft.server.Main.main(Main.java:166) ~[server-1.20.1-20230612.114412-srg.jar%23235!/:?]
	at jdk.internal.reflect.NativeMethodAccessorImpl.invoke0(Native Method) ~[?:?]
	at jdk.internal.reflect.NativeMethodAccessorImpl.invoke(NativeMethodAccessorImpl.java:77) ~[?:?]
	at jdk.internal.reflect.DelegatingMethodAccessorImpl.invoke(DelegatingMethodAccessorImpl.java:43) ~[?:?]
	at java.lang.reflect.Method.invoke(Method.java:569) ~[?:?]
	at net.minecraftforge.fml.loading.targets.CommonLaunchHandler.runTarget(CommonLaunchHandler.java:111) ~[fmlloader-1.20.1-47.3.7.jar%2369!/:?]
	at net.minecraftforge.fml.loading.targets.CommonLaunchHandler.serverService(CommonLaunchHandler.java:103) ~[fmlloader-1.20.1-47.3.7.jar%2369!/:?]
	at net.minecraftforge.fml.loading.targets.CommonServerLaunchHandler.lambda$makeService$0(CommonServerLaunchHandler.java:27) ~[fmlloader-1.20.1-47.3.7.jar%2369!/:?]
	at cpw.mods.modlauncher.LaunchServiceHandlerDecorator.launch(LaunchServiceHandlerDecorator.java:30) ~[modlauncher-10.0.9.jar%2355!/:?]
	at cpw.mods.modlauncher.LaunchServiceHandler.launch(LaunchServiceHandler.java:53) ~[modlauncher-10.0.9.jar%2355!/:?]
	at cpw.mods.modlauncher.LaunchServiceHandler.launch(LaunchServiceHandler.java:71) ~[modlauncher-10.0.9.jar%2355!/:?]
	at cpw.mods.modlauncher.Launcher.run(Launcher.java:108) ~[modlauncher-10.0.9.jar%2355!/:?]
	at cpw.mods.modlauncher.Launcher.main(Launcher.java:78) ~[modlauncher-10.0.9.jar%2355!/:?]
	at cpw.mods.modlauncher.BootstrapLaunchConsumer.accept(BootstrapLaunchConsumer.java:26) ~[modlauncher-10.0.9.jar%2355!/:?]
	at cpw.mods.modlauncher.BootstrapLaunchConsumer.accept(BootstrapLaunchConsumer.java:23) ~[modlauncher-10.0.9.jar%2355!/:?]
	at cpw.mods.bootstraplauncher.BootstrapLauncher.main(BootstrapLauncher.java:141) ~[bootstraplauncher-1.1.2.jar:?]
[05Jan2026 06:00:19.805] [main/ERROR] [net.minecraft.world.item.crafting.RecipeManager/]: Parsing error loading recipe iter_rpg:packed_snow_cut_ornate_bricks
com.google.gson.JsonSyntaxException: Unknown item 'iter_rpg:packed_snow'
	at net.minecraft.world.item.crafting.ShapedRecipe.m_151280_(ShapedRecipe.java:292) ~[server-1.20.1-20230612.114412-srg.jar%23235!/:?]
	at java.util.Optional.orElseThrow(Optional.java:403) ~[?:?]
	at net.minecraft.world.item.crafting.ShapedRecipe.m_151278_(ShapedRecipe.java:291) ~[server-1.20.1-20230612.114412-srg.jar%23235!/:?]
	at net.minecraft.world.item.crafting.Ingredient.m_43919_(Ingredient.java:219) ~[server-1.20.1-20230612.114412-srg.jar%23235!/:?]
	at net.minecraftforge.common.crafting.VanillaIngredientSerializer.parse(VanillaIngredientSerializer.java:27) ~[forge-1.20.1-47.3.7-universal.jar%23240!/:?]
	at net.minecraftforge.common.crafting.CraftingHelper.getIngredient(CraftingHelper.java:148) ~[forge-1.20.1-47.3.7-universal.jar%23240!/:?]
	at net.minecraft.world.item.crafting.Ingredient.m_288218_(Ingredient.java:194) ~[server-1.20.1-20230612.114412-srg.jar%23235!/:?]
	at net.minecraft.world.item.crafting.SingleItemRecipe$Serializer.m_6729_(SingleItemRecipe.java:91) ~[server-1.20.1-20230612.114412-srg.jar%23235!/:?]
	at net.minecraft.world.item.crafting.SingleItemRecipe$Serializer.m_6729_(SingleItemRecipe.java:72) ~[server-1.20.1-20230612.114412-srg.jar%23235!/:?]
	at net.minecraftforge.common.extensions.IForgeRecipeSerializer.fromJson(IForgeRecipeSerializer.java:23) ~[forge-1.20.1-47.3.7-universal.jar%23240!/:?]
	at net.minecraft.world.item.crafting.RecipeManager.fromJson(RecipeManager.java:171) ~[server-1.20.1-20230612.114412-srg.jar%23235!/:?]
	at net.minecraft.world.item.crafting.RecipeManager.m_5787_(RecipeManager.java:67) ~[server-1.20.1-20230612.114412-srg.jar%23235!/:?]
	at net.minecraft.world.item.crafting.RecipeManager.m_5787_(RecipeManager.java:34) ~[server-1.20.1-20230612.114412-srg.jar%23235!/:?]
	at net.minecraft.server.packs.resources.SimplePreparableReloadListener.m_10789_(SimplePreparableReloadListener.java:13) ~[server-1.20.1-20230612.114412-srg.jar%23235!/:?]
	at java.util.concurrent.CompletableFuture$UniAccept.tryFire(CompletableFuture.java:718) ~[?:?]
	at java.util.concurrent.CompletableFuture$Completion.run(CompletableFuture.java:482) ~[?:?]
	at net.minecraft.server.packs.resources.SimpleReloadInstance.m_143940_(SimpleReloadInstance.java:69) ~[server-1.20.1-20230612.114412-srg.jar%23235!/:?]
	at net.minecraft.Util.m_214652_(Util.java:783) ~[server-1.20.1-20230612.114412-srg.jar%23235!/:?]
	at net.minecraft.Util.m_214679_(Util.java:772) ~[server-1.20.1-20230612.114412-srg.jar%23235!/:?]
	at net.minecraft.server.Main.main(Main.java:166) ~[server-1.20.1-20230612.114412-srg.jar%23235!/:?]
	at jdk.internal.reflect.NativeMethodAccessorImpl.invoke0(Native Method) ~[?:?]
	at jdk.internal.reflect.NativeMethodAccessorImpl.invoke(NativeMethodAccessorImpl.java:77) ~[?:?]
	at jdk.internal.reflect.DelegatingMethodAccessorImpl.invoke(DelegatingMethodAccessorImpl.java:43) ~[?:?]
	at java.lang.reflect.Method.invoke(Method.java:569) ~[?:?]
	at net.minecraftforge.fml.loading.targets.CommonLaunchHandler.runTarget(CommonLaunchHandler.java:111) ~[fmlloader-1.20.1-47.3.7.jar%2369!/:?]
	at net.minecraftforge.fml.loading.targets.CommonLaunchHandler.serverService(CommonLaunchHandler.java:103) ~[fmlloader-1.20.1-47.3.7.jar%2369!/:?]
	at net.minecraftforge.fml.loading.targets.CommonServerLaunchHandler.lambda$makeService$0(CommonServerLaunchHandler.java:27) ~[fmlloader-1.20.1-47.3.7.jar%2369!/:?]
	at cpw.mods.modlauncher.LaunchServiceHandlerDecorator.launch(LaunchServiceHandlerDecorator.java:30) ~[modlauncher-10.0.9.jar%2355!/:?]
	at cpw.mods.modlauncher.LaunchServiceHandler.launch(LaunchServiceHandler.java:53) ~[modlauncher-10.0.9.jar%2355!/:?]
	at cpw.mods.modlauncher.LaunchServiceHandler.launch(LaunchServiceHandler.java:71) ~[modlauncher-10.0.9.jar%2355!/:?]
	at cpw.mods.modlauncher.Launcher.run(Launcher.java:108) ~[modlauncher-10.0.9.jar%2355!/:?]
	at cpw.mods.modlauncher.Launcher.main(Launcher.java:78) ~[modlauncher-10.0.9.jar%2355!/:?]
	at cpw.mods.modlauncher.BootstrapLaunchConsumer.accept(BootstrapLaunchConsumer.java:26) ~[modlauncher-10.0.9.jar%2355!/:?]
	at cpw.mods.modlauncher.BootstrapLaunchConsumer.accept(BootstrapLaunchConsumer.java:23) ~[modlauncher-10.0.9.jar%2355!/:?]
	at cpw.mods.bootstraplauncher.BootstrapLauncher.main(BootstrapLauncher.java:141) ~[bootstraplauncher-1.1.2.jar:?]
[05Jan2026 06:00:19.811] [main/ERROR] [net.minecraft.world.item.crafting.RecipeManager/]: Parsing error loading recipe iter_rpg:packed_snow_bricks_cut_stairs
com.google.gson.JsonSyntaxException: Unknown item 'iter_rpg:packed_snow_bricks'
	at net.minecraft.world.item.crafting.ShapedRecipe.m_151280_(ShapedRecipe.java:292) ~[server-1.20.1-20230612.114412-srg.jar%23235!/:?]
	at java.util.Optional.orElseThrow(Optional.java:403) ~[?:?]
	at net.minecraft.world.item.crafting.ShapedRecipe.m_151278_(ShapedRecipe.java:291) ~[server-1.20.1-20230612.114412-srg.jar%23235!/:?]
	at net.minecraft.world.item.crafting.Ingredient.m_43919_(Ingredient.java:219) ~[server-1.20.1-20230612.114412-srg.jar%23235!/:?]
	at net.minecraftforge.common.crafting.VanillaIngredientSerializer.parse(VanillaIngredientSerializer.java:27) ~[forge-1.20.1-47.3.7-universal.jar%23240!/:?]
	at net.minecraftforge.common.crafting.CraftingHelper.getIngredient(CraftingHelper.java:148) ~[forge-1.20.1-47.3.7-universal.jar%23240!/:?]
	at net.minecraft.world.item.crafting.Ingredient.m_288218_(Ingredient.java:194) ~[server-1.20.1-20230612.114412-srg.jar%23235!/:?]
	at net.minecraft.world.item.crafting.SingleItemRecipe$Serializer.m_6729_(SingleItemRecipe.java:91) ~[server-1.20.1-20230612.114412-srg.jar%23235!/:?]
	at net.minecraft.world.item.crafting.SingleItemRecipe$Serializer.m_6729_(SingleItemRecipe.java:72) ~[server-1.20.1-20230612.114412-srg.jar%23235!/:?]
	at net.minecraftforge.common.extensions.IForgeRecipeSerializer.fromJson(IForgeRecipeSerializer.java:23) ~[forge-1.20.1-47.3.7-universal.jar%23240!/:?]
	at net.minecraft.world.item.crafting.RecipeManager.fromJson(RecipeManager.java:171) ~[server-1.20.1-20230612.114412-srg.jar%23235!/:?]
	at net.minecraft.world.item.crafting.RecipeManager.m_5787_(RecipeManager.java:67) ~[server-1.20.1-20230612.114412-srg.jar%23235!/:?]
	at net.minecraft.world.item.crafting.RecipeManager.m_5787_(RecipeManager.java:34) ~[server-1.20.1-20230612.114412-srg.jar%23235!/:?]
	at net.minecraft.server.packs.resources.SimplePreparableReloadListener.m_10789_(SimplePreparableReloadListener.java:13) ~[server-1.20.1-20230612.114412-srg.jar%23235!/:?]
	at java.util.concurrent.CompletableFuture$UniAccept.tryFire(CompletableFuture.java:718) ~[?:?]
	at java.util.concurrent.CompletableFuture$Completion.run(CompletableFuture.java:482) ~[?:?]
	at net.minecraft.server.packs.resources.SimpleReloadInstance.m_143940_(SimpleReloadInstance.java:69) ~[server-1.20.1-20230612.114412-srg.jar%23235!/:?]
	at net.minecraft.Util.m_214652_(Util.java:783) ~[server-1.20.1-20230612.114412-srg.jar%23235!/:?]
	at net.minecraft.Util.m_214679_(Util.java:772) ~[server-1.20.1-20230612.114412-srg.jar%23235!/:?]
	at net.minecraft.server.Main.main(Main.java:166) ~[server-1.20.1-20230612.114412-srg.jar%23235!/:?]
	at jdk.internal.reflect.NativeMethodAccessorImpl.invoke0(Native Method) ~[?:?]
	at jdk.internal.reflect.NativeMethodAccessorImpl.invoke(NativeMethodAccessorImpl.java:77) ~[?:?]
	at jdk.internal.reflect.DelegatingMethodAccessorImpl.invoke(DelegatingMethodAccessorImpl.java:43) ~[?:?]
	at java.lang.reflect.Method.invoke(Method.java:569) ~[?:?]
	at net.minecraftforge.fml.loading.targets.CommonLaunchHandler.runTarget(CommonLaunchHandler.java:111) ~[fmlloader-1.20.1-47.3.7.jar%2369!/:?]
	at net.minecraftforge.fml.loading.targets.CommonLaunchHandler.serverService(CommonLaunchHandler.java:103) ~[fmlloader-1.20.1-47.3.7.jar%2369!/:?]
	at net.minecraftforge.fml.loading.targets.CommonServerLaunchHandler.lambda$makeService$0(CommonServerLaunchHandler.java:27) ~[fmlloader-1.20.1-47.3.7.jar%2369!/:?]
	at cpw.mods.modlauncher.LaunchServiceHandlerDecorator.launch(LaunchServiceHandlerDecorator.java:30) ~[modlauncher-10.0.9.jar%2355!/:?]
	at cpw.mods.modlauncher.LaunchServiceHandler.launch(LaunchServiceHandler.java:53) ~[modlauncher-10.0.9.jar%2355!/:?]
	at cpw.mods.modlauncher.LaunchServiceHandler.launch(LaunchServiceHandler.java:71) ~[modlauncher-10.0.9.jar%2355!/:?]
	at cpw.mods.modlauncher.Launcher.run(Launcher.java:108) ~[modlauncher-10.0.9.jar%2355!/:?]
	at cpw.mods.modlauncher.Launcher.main(Launcher.java:78) ~[modlauncher-10.0.9.jar%2355!/:?]
	at cpw.mods.modlauncher.BootstrapLaunchConsumer.accept(BootstrapLaunchConsumer.java:26) ~[modlauncher-10.0.9.jar%2355!/:?]
	at cpw.mods.modlauncher.BootstrapLaunchConsumer.accept(BootstrapLaunchConsumer.java:23) ~[modlauncher-10.0.9.jar%2355!/:?]
	at cpw.mods.bootstraplauncher.BootstrapLauncher.main(BootstrapLauncher.java:141) ~[bootstraplauncher-1.1.2.jar:?]
[05Jan2026 06:00:19.815] [main/ERROR] [net.minecraft.world.item.crafting.RecipeManager/]: Parsing error loading recipe iter_rpg:packed_snow_cut_slab
com.google.gson.JsonSyntaxException: Unknown item 'iter_rpg:packed_snow'
	at net.minecraft.world.item.crafting.ShapedRecipe.m_151280_(ShapedRecipe.java:292) ~[server-1.20.1-20230612.114412-srg.jar%23235!/:?]
	at java.util.Optional.orElseThrow(Optional.java:403) ~[?:?]
	at net.minecraft.world.item.crafting.ShapedRecipe.m_151278_(ShapedRecipe.java:291) ~[server-1.20.1-20230612.114412-srg.jar%23235!/:?]
	at net.minecraft.world.item.crafting.Ingredient.m_43919_(Ingredient.java:219) ~[server-1.20.1-20230612.114412-srg.jar%23235!/:?]
	at net.minecraftforge.common.crafting.VanillaIngredientSerializer.parse(VanillaIngredientSerializer.java:27) ~[forge-1.20.1-47.3.7-universal.jar%23240!/:?]
	at net.minecraftforge.common.crafting.CraftingHelper.getIngredient(CraftingHelper.java:148) ~[forge-1.20.1-47.3.7-universal.jar%23240!/:?]
	at net.minecraft.world.item.crafting.Ingredient.m_288218_(Ingredient.java:194) ~[server-1.20.1-20230612.114412-srg.jar%23235!/:?]
	at net.minecraft.world.item.crafting.SingleItemRecipe$Serializer.m_6729_(SingleItemRecipe.java:91) ~[server-1.20.1-20230612.114412-srg.jar%23235!/:?]
	at net.minecraft.world.item.crafting.SingleItemRecipe$Serializer.m_6729_(SingleItemRecipe.java:72) ~[server-1.20.1-20230612.114412-srg.jar%23235!/:?]
	at net.minecraftforge.common.extensions.IForgeRecipeSerializer.fromJson(IForgeRecipeSerializer.java:23) ~[forge-1.20.1-47.3.7-universal.jar%23240!/:?]
	at net.minecraft.world.item.crafting.RecipeManager.fromJson(RecipeManager.java:171) ~[server-1.20.1-20230612.114412-srg.jar%23235!/:?]
	at net.minecraft.world.item.crafting.RecipeManager.m_5787_(RecipeManager.java:67) ~[server-1.20.1-20230612.114412-srg.jar%23235!/:?]
	at net.minecraft.world.item.crafting.RecipeManager.m_5787_(RecipeManager.java:34) ~[server-1.20.1-20230612.114412-srg.jar%23235!/:?]
	at net.minecraft.server.packs.resources.SimplePreparableReloadListener.m_10789_(SimplePreparableReloadListener.java:13) ~[server-1.20.1-20230612.114412-srg.jar%23235!/:?]
	at java.util.concurrent.CompletableFuture$UniAccept.tryFire(CompletableFuture.java:718) ~[?:?]
	at java.util.concurrent.CompletableFuture$Completion.run(CompletableFuture.java:482) ~[?:?]
	at net.minecraft.server.packs.resources.SimpleReloadInstance.m_143940_(SimpleReloadInstance.java:69) ~[server-1.20.1-20230612.114412-srg.jar%23235!/:?]
	at net.minecraft.Util.m_214652_(Util.java:783) ~[server-1.20.1-20230612.114412-srg.jar%23235!/:?]
	at net.minecraft.Util.m_214679_(Util.java:772) ~[server-1.20.1-20230612.114412-srg.jar%23235!/:?]
	at net.minecraft.server.Main.main(Main.java:166) ~[server-1.20.1-20230612.114412-srg.jar%23235!/:?]
	at jdk.internal.reflect.NativeMethodAccessorImpl.invoke0(Native Method) ~[?:?]
	at jdk.internal.reflect.NativeMethodAccessorImpl.invoke(NativeMethodAccessorImpl.java:77) ~[?:?]
	at jdk.internal.reflect.DelegatingMethodAccessorImpl.invoke(DelegatingMethodAccessorImpl.java:43) ~[?:?]
	at java.lang.reflect.Method.invoke(Method.java:569) ~[?:?]
	at net.minecraftforge.fml.loading.targets.CommonLaunchHandler.runTarget(CommonLaunchHandler.java:111) ~[fmlloader-1.20.1-47.3.7.jar%2369!/:?]
	at net.minecraftforge.fml.loading.targets.CommonLaunchHandler.serverService(CommonLaunchHandler.java:103) ~[fmlloader-1.20.1-47.3.7.jar%2369!/:?]
	at net.minecraftforge.fml.loading.targets.CommonServerLaunchHandler.lambda$makeService$0(CommonServerLaunchHandler.java:27) ~[fmlloader-1.20.1-47.3.7.jar%2369!/:?]
	at cpw.mods.modlauncher.LaunchServiceHandlerDecorator.launch(LaunchServiceHandlerDecorator.java:30) ~[modlauncher-10.0.9.jar%2355!/:?]
	at cpw.mods.modlauncher.LaunchServiceHandler.launch(LaunchServiceHandler.java:53) ~[modlauncher-10.0.9.jar%2355!/:?]
	at cpw.mods.modlauncher.LaunchServiceHandler.launch(LaunchServiceHandler.java:71) ~[modlauncher-10.0.9.jar%2355!/:?]
	at cpw.mods.modlauncher.Launcher.run(Launcher.java:108) ~[modlauncher-10.0.9.jar%2355!/:?]
	at cpw.mods.modlauncher.Launcher.main(Launcher.java:78) ~[modlauncher-10.0.9.jar%2355!/:?]
	at cpw.mods.modlauncher.BootstrapLaunchConsumer.accept(BootstrapLaunchConsumer.java:26) ~[modlauncher-10.0.9.jar%2355!/:?]
	at cpw.mods.modlauncher.BootstrapLaunchConsumer.accept(BootstrapLaunchConsumer.java:23) ~[modlauncher-10.0.9.jar%2355!/:?]
	at cpw.mods.bootstraplauncher.BootstrapLauncher.main(BootstrapLauncher.java:141) ~[bootstraplauncher-1.1.2.jar:?]
[05Jan2026 06:00:19.816] [main/ERROR] [net.minecraft.world.item.crafting.RecipeManager/]: Parsing error loading recipe forbidden_arcanus:fungyss_fence_gate
com.google.gson.JsonParseException: An ingredient entry needs either a tag or an item
	at net.minecraft.world.item.crafting.Ingredient.m_43919_(Ingredient.java:226) ~[server-1.20.1-20230612.114412-srg.jar%23235!/:?]
	at net.minecraftforge.common.crafting.VanillaIngredientSerializer.parse(VanillaIngredientSerializer.java:27) ~[forge-1.20.1-47.3.7-universal.jar%23240!/:?]
	at net.minecraftforge.common.crafting.CraftingHelper.getIngredient(CraftingHelper.java:148) ~[forge-1.20.1-47.3.7-universal.jar%23240!/:?]
	at net.minecraft.world.item.crafting.Ingredient.m_288218_(Ingredient.java:194) ~[server-1.20.1-20230612.114412-srg.jar%23235!/:?]
	at net.minecraft.world.item.crafting.ShapedRecipe.m_44210_(ShapedRecipe.java:278) ~[server-1.20.1-20230612.114412-srg.jar%23235!/:?]
	at net.minecraft.world.item.crafting.ShapedRecipe$Serializer.m_6729_(ShapedRecipe.java:306) ~[server-1.20.1-20230612.114412-srg.jar%23235!/:?]
	at net.minecraft.world.item.crafting.ShapedRecipe$Serializer.m_6729_(ShapedRecipe.java:301) ~[server-1.20.1-20230612.114412-srg.jar%23235!/:?]
	at net.minecraftforge.common.extensions.IForgeRecipeSerializer.fromJson(IForgeRecipeSerializer.java:23) ~[forge-1.20.1-47.3.7-universal.jar%23240!/:?]
	at net.minecraft.world.item.crafting.RecipeManager.fromJson(RecipeManager.java:171) ~[server-1.20.1-20230612.114412-srg.jar%23235!/:?]
	at net.minecraft.world.item.crafting.RecipeManager.m_5787_(RecipeManager.java:67) ~[server-1.20.1-20230612.114412-srg.jar%23235!/:?]
	at net.minecraft.world.item.crafting.RecipeManager.m_5787_(RecipeManager.java:34) ~[server-1.20.1-20230612.114412-srg.jar%23235!/:?]
	at net.minecraft.server.packs.resources.SimplePreparableReloadListener.m_10789_(SimplePreparableReloadListener.java:13) ~[server-1.20.1-20230612.114412-srg.jar%23235!/:?]
	at java.util.concurrent.CompletableFuture$UniAccept.tryFire(CompletableFuture.java:718) ~[?:?]
	at java.util.concurrent.CompletableFuture$Completion.run(CompletableFuture.java:482) ~[?:?]
	at net.minecraft.server.packs.resources.SimpleReloadInstance.m_143940_(SimpleReloadInstance.java:69) ~[server-1.20.1-20230612.114412-srg.jar%23235!/:?]
	at net.minecraft.Util.m_214652_(Util.java:783) ~[server-1.20.1-20230612.114412-srg.jar%23235!/:?]
	at net.minecraft.Util.m_214679_(Util.java:772) ~[server-1.20.1-20230612.114412-srg.jar%23235!/:?]
	at net.minecraft.server.Main.main(Main.java:166) ~[server-1.20.1-20230612.114412-srg.jar%23235!/:?]
	at jdk.internal.reflect.NativeMethodAccessorImpl.invoke0(Native Method) ~[?:?]
	at jdk.internal.reflect.NativeMethodAccessorImpl.invoke(NativeMethodAccessorImpl.java:77) ~[?:?]
	at jdk.internal.reflect.DelegatingMethodAccessorImpl.invoke(DelegatingMethodAccessorImpl.java:43) ~[?:?]
	at java.lang.reflect.Method.invoke(Method.java:569) ~[?:?]
	at net.minecraftforge.fml.loading.targets.CommonLaunchHandler.runTarget(CommonLaunchHandler.java:111) ~[fmlloader-1.20.1-47.3.7.jar%2369!/:?]
	at net.minecraftforge.fml.loading.targets.CommonLaunchHandler.serverService(CommonLaunchHandler.java:103) ~[fmlloader-1.20.1-47.3.7.jar%2369!/:?]
	at net.minecraftforge.fml.loading.targets.CommonServerLaunchHandler.lambda$makeService$0(CommonServerLaunchHandler.java:27) ~[fmlloader-1.20.1-47.3.7.jar%2369!/:?]
	at cpw.mods.modlauncher.LaunchServiceHandlerDecorator.launch(LaunchServiceHandlerDecorator.java:30) ~[modlauncher-10.0.9.jar%2355!/:?]
	at cpw.mods.modlauncher.LaunchServiceHandler.launch(LaunchServiceHandler.java:53) ~[modlauncher-10.0.9.jar%2355!/:?]
	at cpw.mods.modlauncher.LaunchServiceHandler.launch(LaunchServiceHandler.java:71) ~[modlauncher-10.0.9.jar%2355!/:?]
	at cpw.mods.modlauncher.Launcher.run(Launcher.java:108) ~[modlauncher-10.0.9.jar%2355!/:?]
	at cpw.mods.modlauncher.Launcher.main(Launcher.java:78) ~[modlauncher-10.0.9.jar%2355!/:?]
	at cpw.mods.modlauncher.BootstrapLaunchConsumer.accept(BootstrapLaunchConsumer.java:26) ~[modlauncher-10.0.9.jar%2355!/:?]
	at cpw.mods.modlauncher.BootstrapLaunchConsumer.accept(BootstrapLaunchConsumer.java:23) ~[modlauncher-10.0.9.jar%2355!/:?]
	at cpw.mods.bootstraplauncher.BootstrapLauncher.main(BootstrapLauncher.java:141) ~[bootstraplauncher-1.1.2.jar:?]
[05Jan2026 06:00:19.817] [main/ERROR] [net.minecraft.world.item.crafting.RecipeManager/]: Parsing error loading recipe iter_rpg:smooth_ice_bricks_cut_slab
com.google.gson.JsonSyntaxException: Unknown item 'iter_rpg:ice_bricks'
	at net.minecraft.world.item.crafting.ShapedRecipe.m_151280_(ShapedRecipe.java:292) ~[server-1.20.1-20230612.114412-srg.jar%23235!/:?]
	at java.util.Optional.orElseThrow(Optional.java:403) ~[?:?]
	at net.minecraft.world.item.crafting.ShapedRecipe.m_151278_(ShapedRecipe.java:291) ~[server-1.20.1-20230612.114412-srg.jar%23235!/:?]
	at net.minecraft.world.item.crafting.Ingredient.m_43919_(Ingredient.java:219) ~[server-1.20.1-20230612.114412-srg.jar%23235!/:?]
	at net.minecraftforge.common.crafting.VanillaIngredientSerializer.parse(VanillaIngredientSerializer.java:27) ~[forge-1.20.1-47.3.7-universal.jar%23240!/:?]
	at net.minecraftforge.common.crafting.CraftingHelper.getIngredient(CraftingHelper.java:148) ~[forge-1.20.1-47.3.7-universal.jar%23240!/:?]
	at net.minecraft.world.item.crafting.Ingredient.m_288218_(Ingredient.java:194) ~[server-1.20.1-20230612.114412-srg.jar%23235!/:?]
	at net.minecraft.world.item.crafting.SingleItemRecipe$Serializer.m_6729_(SingleItemRecipe.java:91) ~[server-1.20.1-20230612.114412-srg.jar%23235!/:?]
	at net.minecraft.world.item.crafting.SingleItemRecipe$Serializer.m_6729_(SingleItemRecipe.java:72) ~[server-1.20.1-20230612.114412-srg.jar%23235!/:?]
	at net.minecraftforge.common.extensions.IForgeRecipeSerializer.fromJson(IForgeRecipeSerializer.java:23) ~[forge-1.20.1-47.3.7-universal.jar%23240!/:?]
	at net.minecraft.world.item.crafting.RecipeManager.fromJson(RecipeManager.java:171) ~[server-1.20.1-20230612.114412-srg.jar%23235!/:?]
	at net.minecraft.world.item.crafting.RecipeManager.m_5787_(RecipeManager.java:67) ~[server-1.20.1-20230612.114412-srg.jar%23235!/:?]
	at net.minecraft.world.item.crafting.RecipeManager.m_5787_(RecipeManager.java:34) ~[server-1.20.1-20230612.114412-srg.jar%23235!/:?]
	at net.minecraft.server.packs.resources.SimplePreparableReloadListener.m_10789_(SimplePreparableReloadListener.java:13) ~[server-1.20.1-20230612.114412-srg.jar%23235!/:?]
	at java.util.concurrent.CompletableFuture$UniAccept.tryFire(CompletableFuture.java:718) ~[?:?]
	at java.util.concurrent.CompletableFuture$Completion.run(CompletableFuture.java:482) ~[?:?]
	at net.minecraft.server.packs.resources.SimpleReloadInstance.m_143940_(SimpleReloadInstance.java:69) ~[server-1.20.1-20230612.114412-srg.jar%23235!/:?]
	at net.minecraft.Util.m_214652_(Util.java:783) ~[server-1.20.1-20230612.114412-srg.jar%23235!/:?]
	at net.minecraft.Util.m_214679_(Util.java:772) ~[server-1.20.1-20230612.114412-srg.jar%23235!/:?]
	at net.minecraft.server.Main.main(Main.java:166) ~[server-1.20.1-20230612.114412-srg.jar%23235!/:?]
	at jdk.internal.reflect.NativeMethodAccessorImpl.invoke0(Native Method) ~[?:?]
	at jdk.internal.reflect.NativeMethodAccessorImpl.invoke(NativeMethodAccessorImpl.java:77) ~[?:?]
	at jdk.internal.reflect.DelegatingMethodAccessorImpl.invoke(DelegatingMethodAccessorImpl.java:43) ~[?:?]
	at java.lang.reflect.Method.invoke(Method.java:569) ~[?:?]
	at net.minecraftforge.fml.loading.targets.CommonLaunchHandler.runTarget(CommonLaunchHandler.java:111) ~[fmlloader-1.20.1-47.3.7.jar%2369!/:?]
	at net.minecraftforge.fml.loading.targets.CommonLaunchHandler.serverService(CommonLaunchHandler.java:103) ~[fmlloader-1.20.1-47.3.7.jar%2369!/:?]
	at net.minecraftforge.fml.loading.targets.CommonServerLaunchHandler.lambda$makeService$0(CommonServerLaunchHandler.java:27) ~[fmlloader-1.20.1-47.3.7.jar%2369!/:?]
	at cpw.mods.modlauncher.LaunchServiceHandlerDecorator.launch(LaunchServiceHandlerDecorator.java:30) ~[modlauncher-10.0.9.jar%2355!/:?]
	at cpw.mods.modlauncher.LaunchServiceHandler.launch(LaunchServiceHandler.java:53) ~[modlauncher-10.0.9.jar%2355!/:?]
	at cpw.mods.modlauncher.LaunchServiceHandler.launch(LaunchServiceHandler.java:71) ~[modlauncher-10.0.9.jar%2355!/:?]
	at cpw.mods.modlauncher.Launcher.run(Launcher.java:108) ~[modlauncher-10.0.9.jar%2355!/:?]
	at cpw.mods.modlauncher.Launcher.main(Launcher.java:78) ~[modlauncher-10.0.9.jar%2355!/:?]
	at cpw.mods.modlauncher.BootstrapLaunchConsumer.accept(BootstrapLaunchConsumer.java:26) ~[modlauncher-10.0.9.jar%2355!/:?]
	at cpw.mods.modlauncher.BootstrapLaunchConsumer.accept(BootstrapLaunchConsumer.java:23) ~[modlauncher-10.0.9.jar%2355!/:?]
	at cpw.mods.bootstraplauncher.BootstrapLauncher.main(BootstrapLauncher.java:141) ~[bootstraplauncher-1.1.2.jar:?]
[05Jan2026 06:00:19.823] [main/ERROR] [net.minecraft.world.item.crafting.RecipeManager/]: Parsing error loading recipe iter_rpg:smooth_ice_bricks_cut_stairs
com.google.gson.JsonSyntaxException: Unknown item 'iter_rpg:ice_bricks'
	at net.minecraft.world.item.crafting.ShapedRecipe.m_151280_(ShapedRecipe.java:292) ~[server-1.20.1-20230612.114412-srg.jar%23235!/:?]
	at java.util.Optional.orElseThrow(Optional.java:403) ~[?:?]
	at net.minecraft.world.item.crafting.ShapedRecipe.m_151278_(ShapedRecipe.java:291) ~[server-1.20.1-20230612.114412-srg.jar%23235!/:?]
	at net.minecraft.world.item.crafting.Ingredient.m_43919_(Ingredient.java:219) ~[server-1.20.1-20230612.114412-srg.jar%23235!/:?]
	at net.minecraftforge.common.crafting.VanillaIngredientSerializer.parse(VanillaIngredientSerializer.java:27) ~[forge-1.20.1-47.3.7-universal.jar%23240!/:?]
	at net.minecraftforge.common.crafting.CraftingHelper.getIngredient(CraftingHelper.java:148) ~[forge-1.20.1-47.3.7-universal.jar%23240!/:?]
	at net.minecraft.world.item.crafting.Ingredient.m_288218_(Ingredient.java:194) ~[server-1.20.1-20230612.114412-srg.jar%23235!/:?]
	at net.minecraft.world.item.crafting.SingleItemRecipe$Serializer.m_6729_(SingleItemRecipe.java:91) ~[server-1.20.1-20230612.114412-srg.jar%23235!/:?]
	at net.minecraft.world.item.crafting.SingleItemRecipe$Serializer.m_6729_(SingleItemRecipe.java:72) ~[server-1.20.1-20230612.114412-srg.jar%23235!/:?]
	at net.minecraftforge.common.extensions.IForgeRecipeSerializer.fromJson(IForgeRecipeSerializer.java:23) ~[forge-1.20.1-47.3.7-universal.jar%23240!/:?]
	at net.minecraft.world.item.crafting.RecipeManager.fromJson(RecipeManager.java:171) ~[server-1.20.1-20230612.114412-srg.jar%23235!/:?]
	at net.minecraft.world.item.crafting.RecipeManager.m_5787_(RecipeManager.java:67) ~[server-1.20.1-20230612.114412-srg.jar%23235!/:?]
	at net.minecraft.world.item.crafting.RecipeManager.m_5787_(RecipeManager.java:34) ~[server-1.20.1-20230612.114412-srg.jar%23235!/:?]
	at net.minecraft.server.packs.resources.SimplePreparableReloadListener.m_10789_(SimplePreparableReloadListener.java:13) ~[server-1.20.1-20230612.114412-srg.jar%23235!/:?]
	at java.util.concurrent.CompletableFuture$UniAccept.tryFire(CompletableFuture.java:718) ~[?:?]
	at java.util.concurrent.CompletableFuture$Completion.run(CompletableFuture.java:482) ~[?:?]
	at net.minecraft.server.packs.resources.SimpleReloadInstance.m_143940_(SimpleReloadInstance.java:69) ~[server-1.20.1-20230612.114412-srg.jar%23235!/:?]
	at net.minecraft.Util.m_214652_(Util.java:783) ~[server-1.20.1-20230612.114412-srg.jar%23235!/:?]
	at net.minecraft.Util.m_214679_(Util.java:772) ~[server-1.20.1-20230612.114412-srg.jar%23235!/:?]
	at net.minecraft.server.Main.main(Main.java:166) ~[server-1.20.1-20230612.114412-srg.jar%23235!/:?]
	at jdk.internal.reflect.NativeMethodAccessorImpl.invoke0(Native Method) ~[?:?]
	at jdk.internal.reflect.NativeMethodAccessorImpl.invoke(NativeMethodAccessorImpl.java:77) ~[?:?]
	at jdk.internal.reflect.DelegatingMethodAccessorImpl.invoke(DelegatingMethodAccessorImpl.java:43) ~[?:?]
	at java.lang.reflect.Method.invoke(Method.java:569) ~[?:?]
	at net.minecraftforge.fml.loading.targets.CommonLaunchHandler.runTarget(CommonLaunchHandler.java:111) ~[fmlloader-1.20.1-47.3.7.jar%2369!/:?]
	at net.minecraftforge.fml.loading.targets.CommonLaunchHandler.serverService(CommonLaunchHandler.java:103) ~[fmlloader-1.20.1-47.3.7.jar%2369!/:?]
	at net.minecraftforge.fml.loading.targets.CommonServerLaunchHandler.lambda$makeService$0(CommonServerLaunchHandler.java:27) ~[fmlloader-1.20.1-47.3.7.jar%2369!/:?]
	at cpw.mods.modlauncher.LaunchServiceHandlerDecorator.launch(LaunchServiceHandlerDecorator.java:30) ~[modlauncher-10.0.9.jar%2355!/:?]
	at cpw.mods.modlauncher.LaunchServiceHandler.launch(LaunchServiceHandler.java:53) ~[modlauncher-10.0.9.jar%2355!/:?]
	at cpw.mods.modlauncher.LaunchServiceHandler.launch(LaunchServiceHandler.java:71) ~[modlauncher-10.0.9.jar%2355!/:?]
	at cpw.mods.modlauncher.Launcher.run(Launcher.java:108) ~[modlauncher-10.0.9.jar%2355!/:?]
	at cpw.mods.modlauncher.Launcher.main(Launcher.java:78) ~[modlauncher-10.0.9.jar%2355!/:?]
	at cpw.mods.modlauncher.BootstrapLaunchConsumer.accept(BootstrapLaunchConsumer.java:26) ~[modlauncher-10.0.9.jar%2355!/:?]
	at cpw.mods.modlauncher.BootstrapLaunchConsumer.accept(BootstrapLaunchConsumer.java:23) ~[modlauncher-10.0.9.jar%2355!/:?]
	at cpw.mods.bootstraplauncher.BootstrapLauncher.main(BootstrapLauncher.java:141) ~[bootstraplauncher-1.1.2.jar:?]
[05Jan2026 06:00:19.825] [main/ERROR] [net.minecraft.world.item.crafting.RecipeManager/]: Parsing error loading recipe iter_rpg:smooth_ice_cut_wall
com.google.gson.JsonSyntaxException: Unknown item 'iter_rpg:smooth_ice'
	at net.minecraft.world.item.crafting.ShapedRecipe.m_151280_(ShapedRecipe.java:292) ~[server-1.20.1-20230612.114412-srg.jar%23235!/:?]
	at java.util.Optional.orElseThrow(Optional.java:403) ~[?:?]
	at net.minecraft.world.item.crafting.ShapedRecipe.m_151278_(ShapedRecipe.java:291) ~[server-1.20.1-20230612.114412-srg.jar%23235!/:?]
	at net.minecraft.world.item.crafting.Ingredient.m_43919_(Ingredient.java:219) ~[server-1.20.1-20230612.114412-srg.jar%23235!/:?]
	at net.minecraftforge.common.crafting.VanillaIngredientSerializer.parse(VanillaIngredientSerializer.java:27) ~[forge-1.20.1-47.3.7-universal.jar%23240!/:?]
	at net.minecraftforge.common.crafting.CraftingHelper.getIngredient(CraftingHelper.java:148) ~[forge-1.20.1-47.3.7-universal.jar%23240!/:?]
	at net.minecraft.world.item.crafting.Ingredient.m_288218_(Ingredient.java:194) ~[server-1.20.1-20230612.114412-srg.jar%23235!/:?]
	at net.minecraft.world.item.crafting.SingleItemRecipe$Serializer.m_6729_(SingleItemRecipe.java:91) ~[server-1.20.1-20230612.114412-srg.jar%23235!/:?]
	at net.minecraft.world.item.crafting.SingleItemRecipe$Serializer.m_6729_(SingleItemRecipe.java:72) ~[server-1.20.1-20230612.114412-srg.jar%23235!/:?]
	at net.minecraftforge.common.extensions.IForgeRecipeSerializer.fromJson(IForgeRecipeSerializer.java:23) ~[forge-1.20.1-47.3.7-universal.jar%23240!/:?]
	at net.minecraft.world.item.crafting.RecipeManager.fromJson(RecipeManager.java:171) ~[server-1.20.1-20230612.114412-srg.jar%23235!/:?]
	at net.minecraft.world.item.crafting.RecipeManager.m_5787_(RecipeManager.java:67) ~[server-1.20.1-20230612.114412-srg.jar%23235!/:?]
	at net.minecraft.world.item.crafting.RecipeManager.m_5787_(RecipeManager.java:34) ~[server-1.20.1-20230612.114412-srg.jar%23235!/:?]
	at net.minecraft.server.packs.resources.SimplePreparableReloadListener.m_10789_(SimplePreparableReloadListener.java:13) ~[server-1.20.1-20230612.114412-srg.jar%23235!/:?]
	at java.util.concurrent.CompletableFuture$UniAccept.tryFire(CompletableFuture.java:718) ~[?:?]
	at java.util.concurrent.CompletableFuture$Completion.run(CompletableFuture.java:482) ~[?:?]
	at net.minecraft.server.packs.resources.SimpleReloadInstance.m_143940_(SimpleReloadInstance.java:69) ~[server-1.20.1-20230612.114412-srg.jar%23235!/:?]
	at net.minecraft.Util.m_214652_(Util.java:783) ~[server-1.20.1-20230612.114412-srg.jar%23235!/:?]
	at net.minecraft.Util.m_214679_(Util.java:772) ~[server-1.20.1-20230612.114412-srg.jar%23235!/:?]
	at net.minecraft.server.Main.main(Main.java:166) ~[server-1.20.1-20230612.114412-srg.jar%23235!/:?]
	at jdk.internal.reflect.NativeMethodAccessorImpl.invoke0(Native Method) ~[?:?]
	at jdk.internal.reflect.NativeMethodAccessorImpl.invoke(NativeMethodAccessorImpl.java:77) ~[?:?]
	at jdk.internal.reflect.DelegatingMethodAccessorImpl.invoke(DelegatingMethodAccessorImpl.java:43) ~[?:?]
	at java.lang.reflect.Method.invoke(Method.java:569) ~[?:?]
	at net.minecraftforge.fml.loading.targets.CommonLaunchHandler.runTarget(CommonLaunchHandler.java:111) ~[fmlloader-1.20.1-47.3.7.jar%2369!/:?]
	at net.minecraftforge.fml.loading.targets.CommonLaunchHandler.serverService(CommonLaunchHandler.java:103) ~[fmlloader-1.20.1-47.3.7.jar%2369!/:?]
	at net.minecraftforge.fml.loading.targets.CommonServerLaunchHandler.lambda$makeService$0(CommonServerLaunchHandler.java:27) ~[fmlloader-1.20.1-47.3.7.jar%2369!/:?]
	at cpw.mods.modlauncher.LaunchServiceHandlerDecorator.launch(LaunchServiceHandlerDecorator.java:30) ~[modlauncher-10.0.9.jar%2355!/:?]
	at cpw.mods.modlauncher.LaunchServiceHandler.launch(LaunchServiceHandler.java:53) ~[modlauncher-10.0.9.jar%2355!/:?]
	at cpw.mods.modlauncher.LaunchServiceHandler.launch(LaunchServiceHandler.java:71) ~[modlauncher-10.0.9.jar%2355!/:?]
	at cpw.mods.modlauncher.Launcher.run(Launcher.java:108) ~[modlauncher-10.0.9.jar%2355!/:?]
	at cpw.mods.modlauncher.Launcher.main(Launcher.java:78) ~[modlauncher-10.0.9.jar%2355!/:?]
	at cpw.mods.modlauncher.BootstrapLaunchConsumer.accept(BootstrapLaunchConsumer.java:26) ~[modlauncher-10.0.9.jar%2355!/:?]
	at cpw.mods.modlauncher.BootstrapLaunchConsumer.accept(BootstrapLaunchConsumer.java:23) ~[modlauncher-10.0.9.jar%2355!/:?]
	at cpw.mods.bootstraplauncher.BootstrapLauncher.main(BootstrapLauncher.java:141) ~[bootstraplauncher-1.1.2.jar:?]
[05Jan2026 06:00:19.833] [main/INFO] [net.minecraft.world.item.crafting.RecipeManager/]: Loaded 17 recipes
[05Jan2026 06:00:19.868] [main/ERROR] [net.minecraft.server.ServerAdvancementManager/]: Parsing error loading custom advancement spartanshields:recipes/dark_steel_riot_basic_shield: Unknown item id 'enderio:octadic_capacitor'
[05Jan2026 06:00:19.939] [main/ERROR] [net.minecraft.server.ServerAdvancementManager/]: Parsing error loading custom advancement spartanshields:recipes/basic_mekanists_tower_shield: Unknown item id 'mekanism:energy_tablet'
[05Jan2026 06:00:19.980] [main/ERROR] [net.minecraft.server.ServerAdvancementManager/]: Parsing error loading custom advancement spartanshields:recipes/dark_steel_riot_tower_shield: Unknown item id 'enderio:octadic_capacitor'
[05Jan2026 06:00:19.989] [main/ERROR] [net.minecraft.server.ServerAdvancementManager/]: Parsing error loading custom advancement spartanshields:recipes/basic_mekanists_basic_shield: Unknown item id 'mekanism:energy_tablet'
[05Jan2026 06:00:19.998] [main/ERROR] [net.minecraft.server.ServerAdvancementManager/]: Parsing error loading custom advancement legendary_monsters:defeat_ambusher: Expected item to be an item, was unknown string 'legendary_monsters:ancient_dripstone_shard'
[05Jan2026 06:00:20.048] [main/INFO] [net.minecraft.advancements.AdvancementList/]: Loaded 4577 advancements
[05Jan2026 06:00:20.073] [main/WARN] [epicfight/]: Can't find particle type epicfight:entity.hit.blunt
[05Jan2026 06:00:20.115] [main/INFO] [top.theillusivec4.curios.Curios/]: Loaded 11 curio slots
[05Jan2026 06:00:20.121] [main/INFO] [top.theillusivec4.curios.Curios/]: Loaded 1 curio entities
[05Jan2026 06:00:20.150] [main/INFO] [com.brutalbosses.BrutalBosses/]: Loaded boss variant for: minecraft:drowned
[05Jan2026 06:00:20.151] [main/INFO] [com.brutalbosses.BrutalBosses/]: Loaded boss variant for: minecraft:iron_golem
[05Jan2026 06:00:20.151] [main/INFO] [com.brutalbosses.BrutalBosses/]: Loaded boss variant for: minecraft:snow_golem
[05Jan2026 06:00:20.151] [main/INFO] [com.brutalbosses.BrutalBosses/]: Loaded boss variant for: minecraft:zombie
[05Jan2026 06:00:20.151] [main/INFO] [com.brutalbosses.BrutalBosses/]: Loaded boss variant for: minecraft:skeleton
[05Jan2026 06:00:20.151] [main/INFO] [com.brutalbosses.BrutalBosses/]: Loaded boss variant for: minecraft:pillager
[05Jan2026 06:00:20.151] [main/INFO] [com.brutalbosses.BrutalBosses/]: Loaded boss variant for: minecraft:vex
[05Jan2026 06:00:20.151] [main/INFO] [com.brutalbosses.BrutalBosses/]: Loaded boss variant for: minecraft:evoker
[05Jan2026 06:00:20.152] [main/INFO] [com.brutalbosses.BrutalBosses/]: Loaded boss variant for: minecraft:zombie
[05Jan2026 06:00:20.152] [main/INFO] [com.brutalbosses.BrutalBosses/]: Loaded boss variant for: minecraft:vindicator
[05Jan2026 06:00:20.152] [main/INFO] [com.brutalbosses.BrutalBosses/]: Loaded boss variant for: minecraft:wither_skeleton
[05Jan2026 06:00:20.152] [main/INFO] [com.brutalbosses.BrutalBosses/]: Loaded boss variant for: minecraft:wither_skeleton
[05Jan2026 06:00:20.152] [main/INFO] [com.brutalbosses.BrutalBosses/]: Loaded boss variant for: minecraft:cave_spider
[05Jan2026 06:00:20.152] [main/INFO] [com.brutalbosses.BrutalBosses/]: Loaded boss variant for: minecraft:zombie
[05Jan2026 06:00:20.152] [main/INFO] [com.brutalbosses.BrutalBosses/]: Loaded boss variant for: minecraft:husk
[05Jan2026 06:00:20.153] [main/INFO] [com.brutalbosses.BrutalBosses/]: Loaded boss variant for: minecraft:evoker
[05Jan2026 06:00:20.153] [main/INFO] [com.brutalbosses.BrutalBosses/]: Loaded boss variant for: minecraft:wandering_trader
[05Jan2026 06:00:20.153] [main/INFO] [com.brutalbosses.BrutalBosses/]: Loaded boss variant for: minecraft:guardian
[05Jan2026 06:00:20.153] [main/INFO] [com.brutalbosses.BrutalBosses/]: Loaded boss variant for: minecraft:vindicator
[05Jan2026 06:00:20.153] [main/INFO] [com.brutalbosses.BrutalBosses/]: Loaded boss variant for: minecraft:shulker
[05Jan2026 06:00:20.153] [main/INFO] [com.brutalbosses.BrutalBosses/]: Loaded boss variant for: minecraft:zoglin
[05Jan2026 06:00:20.153] [main/INFO] [com.brutalbosses.BrutalBosses/]: Loaded boss variant for: minecraft:chicken
[05Jan2026 06:00:20.153] [main/INFO] [com.brutalbosses.BrutalBosses/]: Loaded boss variant for: minecraft:blaze
[05Jan2026 06:00:20.153] [main/INFO] [com.brutalbosses.BrutalBosses/]: Loaded boss variant for: minecraft:witch
[05Jan2026 06:00:20.153] [main/INFO] [com.brutalbosses.BrutalBosses/]: Loaded boss variant for: minecraft:phantom
[05Jan2026 06:00:20.154] [main/INFO] [com.brutalbosses.BrutalBosses/]: Loaded boss variant for: minecraft:mooshroom
[05Jan2026 06:00:20.154] [main/INFO] [com.brutalbosses.BrutalBosses/]: Loaded boss variant for: minecraft:rabbit
[05Jan2026 06:00:20.154] [main/INFO] [com.brutalbosses.BrutalBosses/]: Loaded boss variant for: minecraft:piglin_brute
[05Jan2026 06:00:20.154] [main/INFO] [com.brutalbosses.BrutalBosses/]: Loaded boss variant for: minecraft:ghast
[05Jan2026 06:00:20.154] [main/INFO] [com.brutalbosses.BrutalBosses/]: Loaded boss variant for: minecraft:stray
[05Jan2026 06:00:20.160] [main/INFO] [Fossils Archeology/]: Loaded 723 server animations for 65 entities
[05Jan2026 06:00:20.176] [main/INFO] [Fossils Archeology/]: Loaded 1040 animation category entries for 65 entities
[05Jan2026 06:00:20.181] [main/INFO] [Fossils Archeology/]: Loaded data for 58 entities
[05Jan2026 06:00:20.182] [main/INFO] [Fossils Archeology/]: Loaded food values: (items: 51) (entities: 0, 0) (Tags: 0, 0)
[05Jan2026 06:00:20.191] [main/INFO] [Fossils Archeology/]: Loaded 10 variants
[05Jan2026 06:00:20.233] [main/WARN] [net.minecraft.core.MappedRegistry/]: Not all defined tags for registry ResourceKey[minecraft:root / minecraft:worldgen/biome] are present in data pack: forge:no_default_monsters, minecraft:is_mountains
[05Jan2026 06:00:21.999] [main/INFO] [Spartan Weaponry/]: Finished initialising Weapon Traits & Attributes! Took 4.300701ms
[05Jan2026 06:00:22.439] [Server thread/INFO] [net.minecraft.server.dedicated.DedicatedServer/]: Starting minecraft server version 1.20.1
[05Jan2026 06:00:22.440] [Server thread/INFO] [net.minecraft.server.dedicated.DedicatedServer/]: Loading properties
[05Jan2026 06:00:22.440] [Server thread/INFO] [net.minecraft.server.dedicated.DedicatedServer/]: Default game type: SURVIVAL
[05Jan2026 06:00:22.440] [Server thread/INFO] [net.minecraft.server.MinecraftServer/]: Generating keypair
[05Jan2026 06:00:22.576] [Server thread/INFO] [net.minecraft.server.dedicated.DedicatedServer/]: Starting Minecraft server on *:25565
[05Jan2026 06:00:22.614] [Server thread/INFO] [net.minecraft.server.network.ServerConnectionListener/]: Using epoll channel type
[05Jan2026 06:00:22.712] [Server thread/WARN] [net.minecraft.server.dedicated.DedicatedServer/]: **** SERVER IS RUNNING IN OFFLINE/INSECURE MODE!
[05Jan2026 06:00:22.713] [Server thread/WARN] [net.minecraft.server.dedicated.DedicatedServer/]: The server will make no attempt to authenticate usernames. Beware.
[05Jan2026 06:00:22.713] [Server thread/WARN] [net.minecraft.server.dedicated.DedicatedServer/]: While this makes the game possible to play without internet access, it also opens up the ability for hackers to connect with any username they choose.
[05Jan2026 06:00:22.713] [Server thread/WARN] [net.minecraft.server.dedicated.DedicatedServer/]: To change this, set "online-mode" to "true" in the server.properties file.
[05Jan2026 06:00:22.735] [Server thread/WARN] [net.minecraftforge.common.ForgeConfigSpec/CORE]: Configuration file ./world/serverconfig/riskofrain_mobs-server.toml is not correct. Correcting
[05Jan2026 06:00:22.736] [Server thread/WARN] [net.minecraftforge.common.ForgeConfigSpec/CORE]: Incorrect key Drones was corrected from null to its default, SimpleCommentedConfig:{}. 
[05Jan2026 06:00:22.736] [Server thread/WARN] [net.minecraftforge.common.ForgeConfigSpec/CORE]: Incorrect key Drones.droneSpawnWeight was corrected from null to its default, 1. 
[05Jan2026 06:00:22.737] [Server thread/WARN] [net.minecraftforge.common.ForgeConfigSpec/CORE]: Incorrect key Lemurians was corrected from null to its default, SimpleCommentedConfig:{}. 
[05Jan2026 06:00:22.737] [Server thread/WARN] [net.minecraftforge.common.ForgeConfigSpec/CORE]: Incorrect key Lemurians.lemurianOverworldSpawnWeight was corrected from null to its default, 66. 
[05Jan2026 06:00:22.737] [Server thread/WARN] [net.minecraftforge.common.ForgeConfigSpec/CORE]: Incorrect key Lemurians.lemurianNetherSpawnWeight was corrected from null to its default, 2. 
[05Jan2026 06:00:22.738] [Server thread/WARN] [net.minecraftforge.common.ForgeConfigSpec/CORE]: Incorrect key Lemurians.lemurianMinGroupSize was corrected from null to its default, 1. 
[05Jan2026 06:00:22.738] [Server thread/WARN] [net.minecraftforge.common.ForgeConfigSpec/CORE]: Incorrect key Lemurians.lemurianMaxGroupSize was corrected from null to its default, 2. 
[05Jan2026 06:00:22.738] [Server thread/WARN] [net.minecraftforge.common.ForgeConfigSpec/CORE]: Incorrect key Lemurians.enableLemurianDespawn was corrected from null to its default, true. 
[05Jan2026 06:00:22.739] [Server thread/WARN] [net.minecraftforge.common.ForgeConfigSpec/CORE]: Incorrect key StoneGolems was corrected from null to its default, SimpleCommentedConfig:{}. 
[05Jan2026 06:00:22.739] [Server thread/WARN] [net.minecraftforge.common.ForgeConfigSpec/CORE]: Incorrect key StoneGolems.stoneGolemOverworldSpawnWeight was corrected from null to its default, 10. 
[05Jan2026 06:00:22.739] [Server thread/WARN] [net.minecraftforge.common.ForgeConfigSpec/CORE]: Incorrect key StoneGolems.stoneGolemNetherSpawnWeight was corrected from null to its default, 1. 
[05Jan2026 06:00:22.740] [Server thread/WARN] [net.minecraftforge.common.ForgeConfigSpec/CORE]: Incorrect key StoneGolems.stoneGolemMinGroupSize was corrected from null to its default, 1. 
[05Jan2026 06:00:22.740] [Server thread/WARN] [net.minecraftforge.common.ForgeConfigSpec/CORE]: Incorrect key StoneGolems.stoneGolemMaxGroupSize was corrected from null to its default, 1. 
[05Jan2026 06:00:22.740] [Server thread/WARN] [net.minecraftforge.common.ForgeConfigSpec/CORE]: Incorrect key StoneGolems.enableStoneGolemDespawn was corrected from null to its default, false. 
[05Jan2026 06:00:22.741] [Server thread/WARN] [net.minecraftforge.common.ForgeConfigSpec/CORE]: Incorrect key Sounds was corrected from null to its default, SimpleCommentedConfig:{}. 
[05Jan2026 06:00:22.741] [Server thread/WARN] [net.minecraftforge.common.ForgeConfigSpec/CORE]: Incorrect key Sounds.enableDeathSound was corrected from null to its default, true. 
[05Jan2026 06:00:22.742] [Server thread/WARN] [net.minecraftforge.common.ForgeConfigSpec/CORE]: Configuration file ./world/serverconfig/jei-server.toml is not correct. Correcting
[05Jan2026 06:00:22.743] [Server thread/WARN] [net.minecraftforge.common.ForgeConfigSpec/CORE]: Incorrect key cheat mode was corrected from null to its default, SimpleCommentedConfig:{}. 
[05Jan2026 06:00:22.743] [Server thread/WARN] [net.minecraftforge.common.ForgeConfigSpec/CORE]: Incorrect key cheat mode.enableCheatModeForOp was corrected from null to its default, true. 
[05Jan2026 06:00:22.743] [Server thread/WARN] [net.minecraftforge.common.ForgeConfigSpec/CORE]: Incorrect key cheat mode.enableCheatModeForCreative was corrected from null to its default, true. 
[05Jan2026 06:00:22.744] [Server thread/WARN] [net.minecraftforge.common.ForgeConfigSpec/CORE]: Incorrect key cheat mode.enableCheatModeForGive was corrected from null to its default, false. 
[05Jan2026 06:00:22.745] [Server thread/WARN] [net.minecraftforge.common.ForgeConfigSpec/CORE]: Configuration file ./world/serverconfig/journeymap-server.toml is not correct. Correcting
[05Jan2026 06:00:22.745] [Server thread/WARN] [net.minecraftforge.common.ForgeConfigSpec/CORE]: Incorrect key admins was corrected from null to its default, SimpleCommentedConfig:{}. 
[05Jan2026 06:00:22.745] [Server thread/WARN] [net.minecraftforge.common.ForgeConfigSpec/CORE]: Incorrect key admins.opAccess was corrected from null to its default, true. 
[05Jan2026 06:00:22.746] [Server thread/WARN] [net.minecraftforge.common.ForgeConfigSpec/CORE]: Incorrect key admins.serverAdmins was corrected from null to its default, [mysticdrew, 79f597fe-2877-4ecb-acdf-8c58cc1854ca]. 
[05Jan2026 06:00:22.751] [Server thread/INFO] [journeymap/]: Loading JourneyMap Forge Configs
[05Jan2026 06:00:22.750] [Thread-1/INFO] [journeymap/]: Loading JourneyMap Forge Configs
[05Jan2026 06:00:22.753] [Server thread/WARN] [net.minecraftforge.common.ForgeConfigSpec/CORE]: Configuration file ./world/serverconfig/morevanillashields-server.toml is not correct. Correcting
[05Jan2026 06:00:22.753] [Server thread/WARN] [net.minecraftforge.common.ForgeConfigSpec/CORE]: Incorrect key Config for More Vanilla Shields! was corrected from null to its default, SimpleCommentedConfig:{}. 
[05Jan2026 06:00:22.754] [Server thread/WARN] [net.minecraftforge.common.ForgeConfigSpec/CORE]: Incorrect key Config for More Vanilla Shields!.enableTooltips was corrected from null to its default, true. 
[05Jan2026 06:00:22.754] [Server thread/WARN] [net.minecraftforge.common.ForgeConfigSpec/CORE]: Incorrect key Config for More Vanilla Shields!.leatherShieldDurability was corrected from null to its default, 196. 
[05Jan2026 06:00:22.754] [Server thread/WARN] [net.minecraftforge.common.ForgeConfigSpec/CORE]: Incorrect key Config for More Vanilla Shields!.goldShieldDurability was corrected from null to its default, 322. 
[05Jan2026 06:00:22.754] [Server thread/WARN] [net.minecraftforge.common.ForgeConfigSpec/CORE]: Incorrect key Config for More Vanilla Shields!.diamondShieldDurability was corrected from null to its default, 512. 
[05Jan2026 06:00:22.755] [Server thread/WARN] [net.minecraftforge.common.ForgeConfigSpec/CORE]: Incorrect key Config for More Vanilla Shields!.glassShieldDurability was corrected from null to its default, 300. 
[05Jan2026 06:00:22.755] [Server thread/WARN] [net.minecraftforge.common.ForgeConfigSpec/CORE]: Incorrect key Config for More Vanilla Shields!.tintedGlassShieldDurability was corrected from null to its default, 300. 
[05Jan2026 06:00:22.755] [Server thread/WARN] [net.minecraftforge.common.ForgeConfigSpec/CORE]: Incorrect key Config for More Vanilla Shields!.brownStainedGlassShieldDurability was corrected from null to its default, 300. 
[05Jan2026 06:00:22.756] [Server thread/WARN] [net.minecraftforge.common.ForgeConfigSpec/CORE]: Incorrect key Config for More Vanilla Shields!.blueStainedGlassShieldDurability was corrected from null to its default, 300. 
[05Jan2026 06:00:22.756] [Server thread/WARN] [net.minecraftforge.common.ForgeConfigSpec/CORE]: Incorrect key Config for More Vanilla Shields!.cyanStainedGlassShieldDurability was corrected from null to its default, 300. 
[05Jan2026 06:00:22.756] [Server thread/WARN] [net.minecraftforge.common.ForgeConfigSpec/CORE]: Incorrect key Config for More Vanilla Shields!.lightBlueStainedGlassShieldDurability was corrected from null to its default, 300. 
[05Jan2026 06:00:22.756] [Server thread/WARN] [net.minecraftforge.common.ForgeConfigSpec/CORE]: Incorrect key Config for More Vanilla Shields!.greenStainedGlassShieldDurability was corrected from null to its default, 300. 
[05Jan2026 06:00:22.756] [Server thread/WARN] [net.minecraftforge.common.ForgeConfigSpec/CORE]: Incorrect key Config for More Vanilla Shields!.limeStainedGlassShieldDurability was corrected from null to its default, 300. 
[05Jan2026 06:00:22.757] [Server thread/WARN] [net.minecraftforge.common.ForgeConfigSpec/CORE]: Incorrect key Config for More Vanilla Shields!.yellowStainedGlassShieldDurability was corrected from null to its default, 300. 
[05Jan2026 06:00:22.757] [Server thread/WARN] [net.minecraftforge.common.ForgeConfigSpec/CORE]: Incorrect key Config for More Vanilla Shields!.pinkStainedGlassShieldDurability was corrected from null to its default, 300. 
[05Jan2026 06:00:22.757] [Server thread/WARN] [net.minecraftforge.common.ForgeConfigSpec/CORE]: Incorrect key Config for More Vanilla Shields!.orangeStainedGlassShieldDurability was corrected from null to its default, 300. 
[05Jan2026 06:00:22.757] [Server thread/WARN] [net.minecraftforge.common.ForgeConfigSpec/CORE]: Incorrect key Config for More Vanilla Shields!.redStainedGlassShieldDurability was corrected from null to its default, 300. 
[05Jan2026 06:00:22.758] [Server thread/WARN] [net.minecraftforge.common.ForgeConfigSpec/CORE]: Incorrect key Config for More Vanilla Shields!.netheriteShieldDurability was corrected from null to its default, 2042. 
[05Jan2026 06:00:22.758] [Server thread/WARN] [net.minecraftforge.common.ForgeConfigSpec/CORE]: Incorrect key Config for More Vanilla Shields!.emeraldShieldDurability was corrected from null to its default, 512. 
[05Jan2026 06:00:22.758] [Server thread/WARN] [net.minecraftforge.common.ForgeConfigSpec/CORE]: Incorrect key Config for More Vanilla Shields!.amethystShieldDurability was corrected from null to its default, 432. 
[05Jan2026 06:00:22.758] [Server thread/WARN] [net.minecraftforge.common.ForgeConfigSpec/CORE]: Incorrect key Config for More Vanilla Shields!.obsidianShieldDurability was corrected from null to its default, 610. 
[05Jan2026 06:00:22.758] [Server thread/WARN] [net.minecraftforge.common.ForgeConfigSpec/CORE]: Incorrect key Config for More Vanilla Shields!.coalShieldDurability was corrected from null to its default, 268. 
[05Jan2026 06:00:22.759] [Server thread/WARN] [net.minecraftforge.common.ForgeConfigSpec/CORE]: Incorrect key Config for More Vanilla Shields!.endCrystalShieldDurability was corrected from null to its default, 750. 
[05Jan2026 06:00:22.760] [Server thread/WARN] [net.minecraftforge.common.ForgeConfigSpec/CORE]: Configuration file ./world/serverconfig/dungeonnowloading-server.toml is not correct. Correcting
[05Jan2026 06:00:22.760] [Server thread/WARN] [net.minecraftforge.common.ForgeConfigSpec/CORE]: Incorrect key general-settings was corrected from null to its default, SimpleCommentedConfig:{}. 
[05Jan2026 06:00:22.761] [Server thread/WARN] [net.minecraftforge.common.ForgeConfigSpec/CORE]: Incorrect key general-settings.toggle_helpful_tooltip was corrected from null to its default, true. 
[05Jan2026 06:00:22.761] [Server thread/WARN] [net.minecraftforge.common.ForgeConfigSpec/CORE]: Incorrect key general-settings.toggle_destructive_blocks was corrected from null to its default, false. 
[05Jan2026 06:00:22.761] [Server thread/WARN] [net.minecraftforge.common.ForgeConfigSpec/CORE]: Incorrect key multiplayer-boss-scaling was corrected from null to its default, SimpleCommentedConfig:{}. 
[05Jan2026 06:00:22.762] [Server thread/WARN] [net.minecraftforge.common.ForgeConfigSpec/CORE]: Incorrect key multiplayer-boss-scaling.toggle_multiplayer_scaling was corrected from null to its default, true. 
[05Jan2026 06:00:22.762] [Server thread/WARN] [net.minecraftforge.common.ForgeConfigSpec/CORE]: Incorrect key multiplayer-boss-scaling.multiplayer_boss_health_scale was corrected from null to its default, 0.5. 
[05Jan2026 06:00:22.763] [Server thread/WARN] [net.minecraftforge.common.ForgeConfigSpec/CORE]: Incorrect key multiplayer-boss-scaling.multiplayer_boss_attack_scale was corrected from null to its default, 0.0. 
[05Jan2026 06:00:22.763] [Server thread/WARN] [net.minecraftforge.common.ForgeConfigSpec/CORE]: Incorrect key multiplayer-boss-scaling.multiplayer_boss_exhaustion_scale was corrected from null to its default, 0.5. 
[05Jan2026 06:00:22.764] [Server thread/WARN] [net.minecraftforge.common.ForgeConfigSpec/CORE]: Incorrect key multiplayer-boss-scaling.toggle_multiplayer_boss_loot was corrected from null to its default, true. 
[05Jan2026 06:00:22.764] [Server thread/WARN] [net.minecraftforge.common.ForgeConfigSpec/CORE]: Incorrect key boss-scaling was corrected from null to its default, SimpleCommentedConfig:{}. 
[05Jan2026 06:00:22.764] [Server thread/WARN] [net.minecraftforge.common.ForgeConfigSpec/CORE]: Incorrect key boss-scaling.boss_health_scale was corrected from null to its default, 1.0. 
[05Jan2026 06:00:22.765] [Server thread/WARN] [net.minecraftforge.common.ForgeConfigSpec/CORE]: Incorrect key boss-scaling.boss_damage_scale was corrected from null to its default, 1.0. 
[05Jan2026 06:00:22.765] [Server thread/WARN] [net.minecraftforge.common.ForgeConfigSpec/CORE]: Incorrect key boss-scaling.toggle_boss_reset was corrected from null to its default, true. 
[05Jan2026 06:00:22.766] [Server thread/WARN] [net.minecraftforge.common.ForgeConfigSpec/CORE]: Incorrect key mob-scaling-config was corrected from null to its default, SimpleCommentedConfig:{}. 
[05Jan2026 06:00:22.766] [Server thread/WARN] [net.minecraftforge.common.ForgeConfigSpec/CORE]: Incorrect key mob-scaling-config.dungeon_mob_health_scale was corrected from null to its default, 1.0. 
[05Jan2026 06:00:22.767] [Server thread/WARN] [net.minecraftforge.common.ForgeConfigSpec/CORE]: Incorrect key mob-scaling-config.dungeon_mob_attack_scale was corrected from null to its default, 1.0. 
[05Jan2026 06:00:22.768] [Server thread/WARN] [net.minecraftforge.common.ForgeConfigSpec/CORE]: Incorrect key pvp-settings was corrected from null to its default, SimpleCommentedConfig:{}. 
[05Jan2026 06:00:22.768] [Server thread/WARN] [net.minecraftforge.common.ForgeConfigSpec/CORE]: Incorrect key pvp-settings.toggle_pvp was corrected from null to its default, false. 
[05Jan2026 06:00:22.769] [Server thread/WARN] [net.minecraftforge.common.ForgeConfigSpec/CORE]: Configuration file ./world/serverconfig/forge-server.toml is not correct. Correcting
[05Jan2026 06:00:22.770] [Server thread/WARN] [net.minecraftforge.common.ForgeConfigSpec/CORE]: Incorrect key server was corrected from null to its default, SimpleCommentedConfig:{}. 
[05Jan2026 06:00:22.770] [Server thread/WARN] [net.minecraftforge.common.ForgeConfigSpec/CORE]: Incorrect key server.removeErroringBlockEntities was corrected from null to its default, false. 
[05Jan2026 06:00:22.770] [Server thread/WARN] [net.minecraftforge.common.ForgeConfigSpec/CORE]: Incorrect key server.removeErroringEntities was corrected from null to its default, false. 
[05Jan2026 06:00:22.771] [Server thread/WARN] [net.minecraftforge.common.ForgeConfigSpec/CORE]: Incorrect key server.fullBoundingBoxLadders was corrected from null to its default, false. 
[05Jan2026 06:00:22.771] [Server thread/WARN] [net.minecraftforge.common.ForgeConfigSpec/CORE]: Incorrect key server.zombieBaseSummonChance was corrected from null to its default, 0.1. 
[05Jan2026 06:00:22.771] [Server thread/WARN] [net.minecraftforge.common.ForgeConfigSpec/CORE]: Incorrect key server.zombieBabyChance was corrected from null to its default, 0.05. 
[05Jan2026 06:00:22.773] [Server thread/WARN] [net.minecraftforge.common.ForgeConfigSpec/CORE]: Incorrect key server.permissionHandler was corrected from null to its default, forge:default_handler. 
[05Jan2026 06:00:22.773] [Server thread/WARN] [net.minecraftforge.common.ForgeConfigSpec/CORE]: Incorrect key server.advertiseDedicatedServerToLan was corrected from null to its default, true. 
[05Jan2026 06:00:22.776] [Server thread/WARN] [net.minecraftforge.common.ForgeConfigSpec/CORE]: Configuration file ./world/serverconfig/curios-server.toml is not correct. Correcting
[05Jan2026 06:00:22.777] [Server thread/WARN] [net.minecraftforge.common.ForgeConfigSpec/CORE]: Incorrect key keepCurios was corrected from null to its default, DEFAULT. 
[05Jan2026 06:00:22.780] [Server thread/WARN] [net.minecraftforge.common.ForgeConfigSpec/CORE]: Incorrect key menu was corrected from null to its default, SimpleCommentedConfig:{}. 
[05Jan2026 06:00:22.780] [Server thread/WARN] [net.minecraftforge.common.ForgeConfigSpec/CORE]: Incorrect key menu.enableLegacyMenu was corrected from null to its default, false. 
[05Jan2026 06:00:22.781] [Server thread/WARN] [net.minecraftforge.common.ForgeConfigSpec/CORE]: Incorrect key menu.experimental was corrected from null to its default, SimpleCommentedConfig:{}. 
[05Jan2026 06:00:22.781] [Server thread/WARN] [net.minecraftforge.common.ForgeConfigSpec/CORE]: Incorrect key menu.experimental.minimumColumns was corrected from null to its default, 1. 
[05Jan2026 06:00:22.784] [Server thread/WARN] [net.minecraftforge.common.ForgeConfigSpec/CORE]: Incorrect key menu.experimental.maxSlotsPerPage was corrected from null to its default, 48. 
[05Jan2026 06:00:22.787] [Server thread/WARN] [net.minecraftforge.common.ForgeConfigSpec/CORE]: Configuration file ./world/serverconfig/gravestone-server.toml is not correct. Correcting
[05Jan2026 06:00:22.787] [Server thread/WARN] [net.minecraftforge.common.ForgeConfigSpec/CORE]: Incorrect key enable_obituary was corrected from null to its default, true. 
[05Jan2026 06:00:22.789] [Server thread/WARN] [net.minecraftforge.common.ForgeConfigSpec/CORE]: Incorrect key replaceable_blocks was corrected from null to its default, [#gravestone:grave_replaceable]. 
[05Jan2026 06:00:22.790] [Server thread/WARN] [net.minecraftforge.common.ForgeConfigSpec/CORE]: Incorrect key remove_obituary was corrected from null to its default, false. 
[05Jan2026 06:00:22.791] [Server thread/WARN] [net.minecraftforge.common.ForgeConfigSpec/CORE]: Incorrect key only_owners_can_break was corrected from null to its default, false. 
[05Jan2026 06:00:22.792] [Server thread/WARN] [net.minecraftforge.common.ForgeConfigSpec/CORE]: Incorrect key spawn_ghost was corrected from null to its default, false. 
[05Jan2026 06:00:22.794] [Server thread/WARN] [net.minecraftforge.common.ForgeConfigSpec/CORE]: Incorrect key friendly_ghost was corrected from null to its default, true. 
[05Jan2026 06:00:22.797] [Server thread/WARN] [net.minecraftforge.common.ForgeConfigSpec/CORE]: Incorrect key sneak_pickup was corrected from null to its default, false. 
[05Jan2026 06:00:22.797] [Server thread/WARN] [net.minecraftforge.common.ForgeConfigSpec/CORE]: Incorrect key break_pickup was corrected from null to its default, true. 
[05Jan2026 06:00:23.689] [Server thread/INFO] [terrablender/]: Initialized TerraBlender biomes for level stem minecraft:overworld
[05Jan2026 06:00:23.690] [Server thread/INFO] [terrablender/]: Initialized TerraBlender biomes for level stem minecraft:the_nether
[05Jan2026 06:00:23.690] [Server thread/INFO] [net.minecraft.server.dedicated.DedicatedServer/]: Preparing level "world"
[05Jan2026 06:00:33.398] [Worker-Main-2/WARN] [com.finndog.mvs.MVSCommon/]: Moog's Voyager Structures: Empty or nonexistent pool: mvs:mine_with_campsite/side_pool which is being called from mvs:other_decoration/mine_with_campsite
[05Jan2026 06:00:34.851] [Worker-Main-3/WARN] [net.minecraft.world.level.levelgen.heightproviders.UniformHeight/]: Empty height range: [-33 absolute--50 absolute]
[05Jan2026 06:00:37.010] [Worker-Main-1/INFO] [com.cupboard.Cupboard/]: Loaded config for: brutalbosses.json
[05Jan2026 06:00:42.245] [Server thread/INFO] [net.minecraft.server.MinecraftServer/]: Preparing start region for dimension minecraft:overworld
[05Jan2026 06:00:42.710] [Worker-Main-2/INFO] [net.minecraft.server.level.progress.LoggerChunkProgressListener/]: Preparing spawn area: 0%
[05Jan2026 06:00:42.778] [Worker-Main-2/INFO] [net.minecraft.server.level.progress.LoggerChunkProgressListener/]: Preparing spawn area: 0%
[05Jan2026 06:00:43.289] [Worker-Main-2/INFO] [net.minecraft.server.level.progress.LoggerChunkProgressListener/]: Preparing spawn area: 0%
[05Jan2026 06:00:43.918] [Worker-Main-2/INFO] [net.minecraft.server.level.progress.LoggerChunkProgressListener/]: Preparing spawn area: 0%
[05Jan2026 06:00:44.340] [Worker-Main-1/INFO] [net.minecraft.server.level.progress.LoggerChunkProgressListener/]: Preparing spawn area: 0%
[05Jan2026 06:00:44.759] [Worker-Main-2/INFO] [net.minecraft.server.level.progress.LoggerChunkProgressListener/]: Preparing spawn area: 0%
[05Jan2026 06:00:45.282] [Worker-Main-3/INFO] [net.minecraft.server.level.progress.LoggerChunkProgressListener/]: Preparing spawn area: 0%
[05Jan2026 06:00:45.815] [Worker-Main-2/INFO] [net.minecraft.server.level.progress.LoggerChunkProgressListener/]: Preparing spawn area: 1%
[05Jan2026 06:00:46.258] [Worker-Main-2/INFO] [net.minecraft.server.level.progress.LoggerChunkProgressListener/]: Preparing spawn area: 1%
[05Jan2026 06:00:46.826] [Worker-Main-2/INFO] [net.minecraft.server.level.progress.LoggerChunkProgressListener/]: Preparing spawn area: 1%
[05Jan2026 06:00:47.303] [Worker-Main-2/INFO] [net.minecraft.server.level.progress.LoggerChunkProgressListener/]: Preparing spawn area: 2%
[05Jan2026 06:00:47.747] [Worker-Main-2/INFO] [net.minecraft.server.level.progress.LoggerChunkProgressListener/]: Preparing spawn area: 3%
[05Jan2026 06:00:48.256] [Worker-Main-3/INFO] [net.minecraft.server.level.progress.LoggerChunkProgressListener/]: Preparing spawn area: 3%
[05Jan2026 06:00:48.784] [Worker-Main-1/INFO] [net.minecraft.server.level.progress.LoggerChunkProgressListener/]: Preparing spawn area: 4%
[05Jan2026 06:00:49.248] [Worker-Main-1/INFO] [net.minecraft.server.level.progress.LoggerChunkProgressListener/]: Preparing spawn area: 5%
[05Jan2026 06:00:49.755] [Worker-Main-2/INFO] [net.minecraft.server.level.progress.LoggerChunkProgressListener/]: Preparing spawn area: 5%
[05Jan2026 06:00:50.285] [Worker-Main-3/INFO] [net.minecraft.server.level.progress.LoggerChunkProgressListener/]: Preparing spawn area: 6%
[05Jan2026 06:00:50.781] [Worker-Main-2/INFO] [net.minecraft.server.level.progress.LoggerChunkProgressListener/]: Preparing spawn area: 7%
[05Jan2026 06:00:51.262] [Worker-Main-3/INFO] [net.minecraft.server.level.progress.LoggerChunkProgressListener/]: Preparing spawn area: 9%
[05Jan2026 06:00:51.750] [Worker-Main-2/INFO] [net.minecraft.server.level.progress.LoggerChunkProgressListener/]: Preparing spawn area: 9%
[05Jan2026 06:00:52.247] [Worker-Main-1/INFO] [net.minecraft.server.level.progress.LoggerChunkProgressListener/]: Preparing spawn area: 10%
[05Jan2026 06:00:52.750] [Worker-Main-1/INFO] [net.minecraft.server.level.progress.LoggerChunkProgressListener/]: Preparing spawn area: 12%
[05Jan2026 06:00:53.285] [Worker-Main-3/INFO] [net.minecraft.server.level.progress.LoggerChunkProgressListener/]: Preparing spawn area: 13%
[05Jan2026 06:00:53.766] [Worker-Main-2/INFO] [net.minecraft.server.level.progress.LoggerChunkProgressListener/]: Preparing spawn area: 15%
[05Jan2026 06:00:54.261] [Worker-Main-3/INFO] [net.minecraft.server.level.progress.LoggerChunkProgressListener/]: Preparing spawn area: 15%
[05Jan2026 06:00:54.747] [Worker-Main-3/INFO] [net.minecraft.server.level.progress.LoggerChunkProgressListener/]: Preparing spawn area: 17%
[05Jan2026 06:00:55.270] [Worker-Main-2/INFO] [net.minecraft.server.level.progress.LoggerChunkProgressListener/]: Preparing spawn area: 18%
[05Jan2026 06:00:55.748] [Worker-Main-1/INFO] [net.minecraft.server.level.progress.LoggerChunkProgressListener/]: Preparing spawn area: 19%
[05Jan2026 06:00:56.247] [Worker-Main-3/INFO] [net.minecraft.server.level.progress.LoggerChunkProgressListener/]: Preparing spawn area: 20%
[05Jan2026 06:00:56.769] [Worker-Main-2/INFO] [net.minecraft.server.level.progress.LoggerChunkProgressListener/]: Preparing spawn area: 22%
[05Jan2026 06:00:57.249] [Worker-Main-3/INFO] [net.minecraft.server.level.progress.LoggerChunkProgressListener/]: Preparing spawn area: 22%
[05Jan2026 06:00:57.937] [Worker-Main-3/INFO] [net.minecraft.server.level.progress.LoggerChunkProgressListener/]: Preparing spawn area: 24%
[05Jan2026 06:00:58.290] [Worker-Main-2/INFO] [net.minecraft.server.level.progress.LoggerChunkProgressListener/]: Preparing spawn area: 25%
[05Jan2026 06:00:58.752] [Worker-Main-1/INFO] [net.minecraft.server.level.progress.LoggerChunkProgressListener/]: Preparing spawn area: 26%
[05Jan2026 06:00:59.247] [Worker-Main-2/INFO] [net.minecraft.server.level.progress.LoggerChunkProgressListener/]: Preparing spawn area: 28%
[05Jan2026 06:00:59.756] [Worker-Main-2/INFO] [net.minecraft.server.level.progress.LoggerChunkProgressListener/]: Preparing spawn area: 30%
[05Jan2026 06:01:00.263] [Worker-Main-1/INFO] [net.minecraft.server.level.progress.LoggerChunkProgressListener/]: Preparing spawn area: 31%
[05Jan2026 06:01:00.757] [Worker-Main-1/INFO] [net.minecraft.server.level.progress.LoggerChunkProgressListener/]: Preparing spawn area: 32%
[05Jan2026 06:01:01.248] [Worker-Main-2/INFO] [net.minecraft.server.level.progress.LoggerChunkProgressListener/]: Preparing spawn area: 34%
[05Jan2026 06:01:01.762] [Worker-Main-1/INFO] [net.minecraft.server.level.progress.LoggerChunkProgressListener/]: Preparing spawn area: 35%
[05Jan2026 06:01:02.294] [Worker-Main-3/INFO] [net.minecraft.server.level.progress.LoggerChunkProgressListener/]: Preparing spawn area: 36%
[05Jan2026 06:01:02.751] [Worker-Main-3/INFO] [net.minecraft.server.level.progress.LoggerChunkProgressListener/]: Preparing spawn area: 37%
[05Jan2026 06:01:03.255] [Worker-Main-2/INFO] [net.minecraft.server.level.progress.LoggerChunkProgressListener/]: Preparing spawn area: 39%
[05Jan2026 06:01:03.763] [Worker-Main-2/INFO] [net.minecraft.server.level.progress.LoggerChunkProgressListener/]: Preparing spawn area: 41%
[05Jan2026 06:01:04.278] [Worker-Main-2/INFO] [net.minecraft.server.level.progress.LoggerChunkProgressListener/]: Preparing spawn area: 42%
[05Jan2026 06:01:04.754] [Worker-Main-1/INFO] [net.minecraft.server.level.progress.LoggerChunkProgressListener/]: Preparing spawn area: 43%
[05Jan2026 06:01:05.253] [Worker-Main-3/INFO] [net.minecraft.server.level.progress.LoggerChunkProgressListener/]: Preparing spawn area: 45%
[05Jan2026 06:01:05.775] [Worker-Main-3/INFO] [net.minecraft.server.level.progress.LoggerChunkProgressListener/]: Preparing spawn area: 47%
[05Jan2026 06:01:06.253] [Worker-Main-1/INFO] [net.minecraft.server.level.progress.LoggerChunkProgressListener/]: Preparing spawn area: 48%
[05Jan2026 06:01:06.771] [Worker-Main-2/INFO] [net.minecraft.server.level.progress.LoggerChunkProgressListener/]: Preparing spawn area: 51%
[05Jan2026 06:01:07.284] [Worker-Main-1/INFO] [net.minecraft.server.level.progress.LoggerChunkProgressListener/]: Preparing spawn area: 52%
[05Jan2026 06:01:07.748] [Worker-Main-2/INFO] [net.minecraft.server.level.progress.LoggerChunkProgressListener/]: Preparing spawn area: 54%
[05Jan2026 06:01:08.262] [Worker-Main-2/INFO] [net.minecraft.server.level.progress.LoggerChunkProgressListener/]: Preparing spawn area: 55%
[05Jan2026 06:01:08.785] [Worker-Main-3/INFO] [net.minecraft.server.level.progress.LoggerChunkProgressListener/]: Preparing spawn area: 57%
[05Jan2026 06:01:09.277] [Worker-Main-1/INFO] [net.minecraft.server.level.progress.LoggerChunkProgressListener/]: Preparing spawn area: 59%
[05Jan2026 06:01:09.747] [Worker-Main-1/INFO] [net.minecraft.server.level.progress.LoggerChunkProgressListener/]: Preparing spawn area: 60%
[05Jan2026 06:01:10.291] [Worker-Main-2/INFO] [net.minecraft.server.level.progress.LoggerChunkProgressListener/]: Preparing spawn area: 62%
[05Jan2026 06:01:10.760] [Worker-Main-1/INFO] [net.minecraft.server.level.progress.LoggerChunkProgressListener/]: Preparing spawn area: 62%
[05Jan2026 06:01:11.248] [Worker-Main-2/INFO] [net.minecraft.server.level.progress.LoggerChunkProgressListener/]: Preparing spawn area: 64%
[05Jan2026 06:01:11.789] [Worker-Main-1/INFO] [net.minecraft.server.level.progress.LoggerChunkProgressListener/]: Preparing spawn area: 66%
[05Jan2026 06:01:12.249] [Worker-Main-3/INFO] [net.minecraft.server.level.progress.LoggerChunkProgressListener/]: Preparing spawn area: 68%
[05Jan2026 06:01:12.747] [Worker-Main-2/INFO] [net.minecraft.server.level.progress.LoggerChunkProgressListener/]: Preparing spawn area: 68%
[05Jan2026 06:01:13.265] [Worker-Main-3/INFO] [net.minecraft.server.level.progress.LoggerChunkProgressListener/]: Preparing spawn area: 71%
[05Jan2026 06:01:13.748] [Worker-Main-2/INFO] [net.minecraft.server.level.progress.LoggerChunkProgressListener/]: Preparing spawn area: 72%
[05Jan2026 06:01:14.273] [Worker-Main-2/INFO] [net.minecraft.server.level.progress.LoggerChunkProgressListener/]: Preparing spawn area: 74%
[05Jan2026 06:01:14.749] [Worker-Main-3/INFO] [net.minecraft.server.level.progress.LoggerChunkProgressListener/]: Preparing spawn area: 75%
[05Jan2026 06:01:15.262] [Worker-Main-2/INFO] [net.minecraft.server.level.progress.LoggerChunkProgressListener/]: Preparing spawn area: 77%
[05Jan2026 06:01:15.750] [Worker-Main-1/INFO] [net.minecraft.server.level.progress.LoggerChunkProgressListener/]: Preparing spawn area: 79%
[05Jan2026 06:01:16.248] [Worker-Main-1/INFO] [net.minecraft.server.level.progress.LoggerChunkProgressListener/]: Preparing spawn area: 81%
[05Jan2026 06:01:16.751] [Worker-Main-3/INFO] [net.minecraft.server.level.progress.LoggerChunkProgressListener/]: Preparing spawn area: 83%
[05Jan2026 06:01:17.247] [Worker-Main-1/INFO] [net.minecraft.server.level.progress.LoggerChunkProgressListener/]: Preparing spawn area: 84%
[05Jan2026 06:01:17.771] [Worker-Main-1/INFO] [net.minecraft.server.level.progress.LoggerChunkProgressListener/]: Preparing spawn area: 86%
[05Jan2026 06:01:18.264] [Worker-Main-1/INFO] [net.minecraft.server.level.progress.LoggerChunkProgressListener/]: Preparing spawn area: 88%
[05Jan2026 06:01:18.757] [Worker-Main-1/INFO] [net.minecraft.server.level.progress.LoggerChunkProgressListener/]: Preparing spawn area: 90%
[05Jan2026 06:01:19.247] [Worker-Main-2/INFO] [net.minecraft.server.level.progress.LoggerChunkProgressListener/]: Preparing spawn area: 91%
[05Jan2026 06:01:19.754] [Worker-Main-2/INFO] [net.minecraft.server.level.progress.LoggerChunkProgressListener/]: Preparing spawn area: 93%
[05Jan2026 06:01:20.264] [Worker-Main-1/INFO] [net.minecraft.server.level.progress.LoggerChunkProgressListener/]: Preparing spawn area: 95%
[05Jan2026 06:01:20.767] [Worker-Main-3/INFO] [net.minecraft.server.level.progress.LoggerChunkProgressListener/]: Preparing spawn area: 98%
[05Jan2026 06:01:21.247] [Worker-Main-2/INFO] [net.minecraft.server.level.progress.LoggerChunkProgressListener/]: Preparing spawn area: 99%
[05Jan2026 06:01:21.307] [Server thread/INFO] [net.minecraft.server.level.progress.LoggerChunkProgressListener/]: Time elapsed: 39061 ms
[05Jan2026 06:01:21.307] [Server thread/INFO] [net.minecraft.server.dedicated.DedicatedServer/]: Done (58.574s)! For help, type "help"
[05Jan2026 06:01:21.404] [Server thread/INFO] [net.minecraftforge.server.permission.PermissionAPI/]: Successfully initialized permission handler forge:default_handler
[05Jan2026 06:01:21.437] [Server thread/INFO] [com.rajhab.morevanillashields_mod.morevanillashields/]: morevanillashields: This mod is now running on a server. Please report any error or bugs.
[05Jan2026 06:01:21.442] [Server thread/INFO] [com.github.alexthe666.iceandfire.IceAndFire/]: {iceandfire:fire_dragon_roost=true, iceandfire:fire_lily=true, iceandfire:spawn_dragon_skeleton_fire=true, iceandfire:lightning_dragon_roost=true, iceandfire:spawn_dragon_skeleton_lightning=true, iceandfire:ice_dragon_roost=true, iceandfire:ice_dragon_cave=true, iceandfire:lightning_dragon_cave=true, iceandfire:cyclops_cave=true, iceandfire:spawn_wandering_cyclops=true, iceandfire:spawn_sea_serpent=true, iceandfire:frost_lily=true, iceandfire:hydra_cave=true, iceandfire:lightning_lily=true, iceandfire:pixie_village=true, iceandfire:myrmex_hive_jungle=true, iceandfire:myrmex_hive_desert=true, iceandfire:silver_ore=true, iceandfire:siren_island=true, iceandfire:spawn_dragon_skeleton_ice=true, iceandfire:spawn_stymphalian_bird=true, iceandfire:fire_dragon_cave=true, iceandfire:sapphire_ore=true, iceandfire:spawn_hippocampus=true, iceandfire:spawn_death_worm=true}
[05Jan2026 06:01:21.442] [Server thread/INFO] [com.github.alexthe666.iceandfire.IceAndFire/]: {TROLL_S=true, HIPPOGRYPH=true, AMPHITHERE=true, COCKATRICE=true, TROLL_M=true, DREAD_LICH=true, TROLL_F=true}
[05Jan2026 06:01:22.089] [Server thread/INFO] [com.github.alexthe666.alexsmobs.AlexsMobs/]: Found Pupfish chunk at -513 ~ 416 after 7 tries
[05Jan2026 06:01:28.854] [Server thread/INFO] [net.minecraft.server.MinecraftServer/]: Stopping the server
[05Jan2026 06:01:28.893] [Server thread/INFO] [net.minecraft.server.MinecraftServer/]: Stopping server
[05Jan2026 06:01:28.894] [Server thread/INFO] [net.minecraft.server.MinecraftServer/]: Saving players
[05Jan2026 06:01:28.894] [Server thread/INFO] [net.minecraft.server.MinecraftServer/]: Saving worlds
[05Jan2026 06:01:30.025] [Server thread/INFO] [net.minecraft.server.MinecraftServer/]: Saving chunks for level 'ServerLevel[world]'/minecraft:overworld
[05Jan2026 06:01:32.198] [Server thread/INFO] [net.minecraft.server.MinecraftServer/]: Saving chunks for level 'ServerLevel[world]'/graveyard:past
[05Jan2026 06:01:32.199] [Server thread/INFO] [net.minecraft.server.MinecraftServer/]: Saving chunks for level 'ServerLevel[world]'/minecraft:the_end
[05Jan2026 06:01:32.199] [Server thread/INFO] [net.minecraft.server.MinecraftServer/]: Saving chunks for level 'ServerLevel[world]'/fossil:anu_lair
[05Jan2026 06:01:32.200] [Server thread/INFO] [net.minecraft.server.MinecraftServer/]: Saving chunks for level 'ServerLevel[world]'/fossil:treasure_room
[05Jan2026 06:01:32.200] [Server thread/INFO] [net.minecraft.server.MinecraftServer/]: Saving chunks for level 'ServerLevel[world]'/minecraft:the_nether
[05Jan2026 06:01:32.466] [Server thread/INFO] [net.minecraft.server.MinecraftServer/]: ThreadedAnvilChunkStorage (world): All chunks are saved
[05Jan2026 06:01:32.466] [Server thread/INFO] [net.minecraft.server.MinecraftServer/]: ThreadedAnvilChunkStorage (past): All chunks are saved
[05Jan2026 06:01:32.466] [Server thread/INFO] [net.minecraft.server.MinecraftServer/]: ThreadedAnvilChunkStorage (DIM1): All chunks are saved
[05Jan2026 06:01:32.466] [Server thread/INFO] [net.minecraft.server.MinecraftServer/]: ThreadedAnvilChunkStorage (anu_lair): All chunks are saved
[05Jan2026 06:01:32.466] [Server thread/INFO] [net.minecraft.server.MinecraftServer/]: ThreadedAnvilChunkStorage (treasure_room): All chunks are saved
[05Jan2026 06:01:32.467] [Server thread/INFO] [net.minecraft.server.MinecraftServer/]: ThreadedAnvilChunkStorage (DIM-1): All chunks are saved
[05Jan2026 06:01:32.467] [Server thread/INFO] [net.minecraft.server.MinecraftServer/]: ThreadedAnvilChunkStorage: All dimensions are saved
[05Jan2026 06:01:32.493] [Server thread/INFO] [journeymap/]: Loading JourneyMap Forge Configs
